0.64268992,0.53862093,0.51189798,0.61025723,0.49298898,0.21446200,0.24398002,0.57209453,0.77262866,0.31062795
0.40408317,0.59680005,0.24143477,0.90571984,0.15921184,0.58866368,0.26197157,0.87633972,0.91907543,0.10497290
0.97068111,0.04342736,0.03404385,0.53258087,0.02745455,0.33749701,0.19333596,0.26868002,0.97687323,0.94716556
0.81988550,0.65522504,0.05543145,0.68916085,0.63678542,0.60277588,0.12144208,0.21287123,0.50743807,0.47659822
0.08141218,0.35700754,0.73319608,0.73114294,0.11804085,0.04210896,0.31885498,0.83876315,0.60787910,0.07715849
0.26572512,0.58641161,0.42393498,0.63463859,0.05119318,0.58592357,0.96398126,0.00555575,0.68848625,0.89796667
0.79300700,0.66458931,0.80919566,0.16178849,0.25470726,0.50089570,0.92789037,0.50288515,0.19557939,0.67356501
0.31753759,0.78998095,0.74393396,0.14598283,0.79082579,0.43356973,0.88118730,0.57208351,0.98961474,0.41824940
0.35518838,0.53393484,0.26049913,0.40586133,0.61391071,0.27615933,0.57416591,0.91295602,0.38628837,0.02714471
0.40605695,0.73936455,0.46372613,0.98071535,0.52205551,0.57275601,0.98345016,0.21077202,0.19509332,0.96623021
0.42884094,0.00059481,0.73006425,0.47724639,0.09468354,0.22295131,0.31725325,0.17286194,0.61784691,0.44177404
0.20191835,0.13447635,0.17306264,0.35942659,0.03894517,0.07980937,0.60698144,0.07112525,0.88344418,0.28774410
0.23481772,0.34576867,0.00839111,0.60407679,0.70978706,0.26745341,0.21539042,0.06599997,0.73497061,0.04456484
0.39000356,0.47818554,0.40217623,0.57599413,0.91817902,0.78266461,0.26599118,0.11016116,0.06989214,0.76998107
0.62275423,0.98739044,0.43559729,0.41304068,0.66121573,0.91341357,0.92712674,0.12971130,0.98622264,0.20907655
0.05038816,0.10566146,0.89426698,0.79991760,0.05334120,0.49817996,0.41103211,0.06085544,0.24291700,0.32718260
0.95827447,0.11543128,0.62934377,0.52790681,0.02566074,0.25798860,0.26224545,0.39428771,0.06800330,0.82933665
0.12537572,0.16974687,0.40888303,0.91945050,0.93724333,0.35249812,0.82955629,0.68888395,0.22071886,0.32354371
0.99905578,0.88826941,0.44026641,0.17273541,0.39944366,0.66982991,0.62356504,0.36313120,0.33243391,0.65772463
0.60480364,0.11653453,0.17928805,0.83782448,0.08946743,0.39358170,0.42449140,0.25000746,0.14383722,0.24462888
0.72017606,0.37189899,0.46117191,0.00494953,0.01736553,0.35999952,0.92922260,0.58799905,0.03504407,0.41966545
0.15499084,0.57246969,0.72983668,0.67329530,0.12732866,0.06390995,0.58284978,0.43973091,0.00961736,0.20464161
0.52519675,0.74056858,0.09110074,0.18393199,0.25680429,0.99970638,0.63423165,0.40742812,0.25479372,0.09568867
0.07777353,0.01609219,0.90174159,0.46022731,0.55815591,0.98502656,0.37919776,0.85152770,0.42146440,0.90066853
0.13467550,0.66803139,0.61717426,0.88098573,0.27315033,0.46167522,0.45977558,0.94623728,0.94216447,0.15196886
0.57797472,0.06435206,0.91270990,0.85435069,0.96772252,0.60039532,0.77945285,0.39816071,0.63917810,0.02426391
0.50606515,0.89660229,0.16953493,0.76268767,0.46350760,0.16469084,0.01967375,0.88486700,0.44692323,0.94528951
0.47773512,0.48781263,0.23673733,0.39793441,0.24137284,0.28681789,0.63522826,0.14022195,0.94806316,0.46466763
0.59244125,0.87822834,0.77771670,0.06224473,0.46930292,0.78639160,0.95973000,0.54822750,0.52943625,0.84073688
0.11051083,0.85449789,0.53468121,0.34332872,0.15369757,0.27322496,0.09713634,0.91684511,0.54229726,0.03587947
0.95140448,0.74731136,0.39929036,0.55115640,0.89021771,0.03255863,0.54242567,0.64819372,0.20651798,0.86240874
0.58646562,0.00350915,0.16877484,0.62433846,0.65953134,0.80715361,0.03035191,0.56489060,0.05832552,0.41333338
0.61531476,0.14335183,0.14321726,0.81652552,0.37172059,0.94430503,0.96241723,0.61512660,0.18232464,0.64363781
0.39439981,0.89509351,0.66906073,0.63749581,0.16600078,0.23839010,0.95282136,0.28256731,0.14877994,0.18110589
0.70224486,0.07751634,0.18502713,0.18739893,0.71263807,0.42795819,0.41672962,0.99137087,0.00513870,0.94008110
0.09217196,0.73240829,0.97808210,0.02770977,0.01149072,0.19122985,0.44995952,0.22927032,0.52458547,0.29659359
0.33525659,0.99100997,0.69269467,0.82728327,0.68149446,0.56349668,0.99805827,0.41871468,0.85540695,0.50130241
0.19063154,0.49186454,0.00797323,0.36377025,0.10696173,0.16070254,0.98809123,0.77339486,0.19006161,0.32473236
0.35302449,0.12798995,0.20664564,0.86680390,0.30765059,0.58774928,0.33140555,0.36573011,0.85494730,0.87096246
0.91019668,0.49844721,0.22571148,0.57679774,0.44192059,0.68289541,0.57893012,0.00236550,0.28320008,0.45585058
0.49937338,0.61425928,0.42482302,0.90027953,0.10456123,0.27723311,0.94672644,0.48858901,0.55554338,0.52100806
0.17261891,0.60660419,0.34798618,0.26403559,0.64609142,0.34024523,0.40977755,0.10979677,0.27441850,0.23283607
0.37082976,0.40373314,0.41631375,0.14842637,0.12698611,0.69128137,0.29759528,0.00627661,0.04984481,0.87919094
0.72858012,0.86134494,0.64516399,0.43670885,0.88633754,0.94558739,0.32634222,0.59270795,0.74140978,0.14953406
0.13881100,0.48191861,0.16263411,0.19254409,0.42503439,0.39611753,0.92929930,0.70363062,0.08449531,0.04034145
0.61032233,0.53512937,0.75910647,0.79587024,0.28137948,0.92644873,0.36703256,0.88766132,0.64373383,0.26034474
0.92878448,0.45160093,0.29360528,0.10038686,0.09316343,0.47597033,0.04366146,0.55760373,0.16418269,0.90966321
0.85910417,0.35118542,0.79342349,0.73508314,0.63183713,0.67846304,0.19078629,0.02602549,0.99693706,0.00360022
0.71114046,0.90811630,0.10145425,0.84090167,0.68507240,0.67350315,0.67368310,0.93128885,0.44773652,0.05111580
0.09931443,0.98598322,0.17479424,0.30716518,0.33589316,0.54429128,0.58736964,0.58630864,0.22182230,0.21209060
0.95496994,0.39397100,0.03638726,0.98668077,0.61043242,0.57097793,0.51512005,0.91374579,0.25383752,0.74871130
0.42722797,0.82191078,0.05236657,0.64112791,0.87916833,0.65395518,0.12223715,0.28371252,0.67227072,0.62001718
0.96641829,0.12003220,0.50599931,0.31876969,0.95642576,0.84207389,0.89357557,0.37565027,0.33489009,0.87778618
0.42410435,0.50717650,0.76971761,0.31732542,0.76833299,0.66929351,0.14210373,0.18883847,0.31446529,0.05568284
0.52344517,0.08372558,0.17033160,0.85286147,0.94141509,0.73755625,0.92223325,0.72290793,0.79467851,0.96147550
0.57765317,0.77785003,0.88891268,0.72743531,0.80286477,0.15338293,0.57370319,0.22433368,0.43395513,0.11005841
0.65607714,0.25662512,0.28479335,0.80979141,0.59228941,0.14128020,0.68200330,0.11296890,0.94192387,0.52341058
0.51625573,0.22765197,0.42152947,0.51001806,0.87541099,0.15047593,0.37044920,0.26088394,0.96319558,0.27974689
0.11432699,0.62351174,0.60941860,0.88601721,0.48727020,0.95042242,0.34892866,0.20347646,0.09035856,0.33679931
0.34611147,0.56505465,0.34392876,0.63709221,0.80746015,0.26876295,0.54239114,0.48492201,0.25551836,0.33159312
0.88934310,0.51508415,0.21851517,0.60746723,0.66828433,0.57247716,0.23022179,0.18343982,0.57572936,0.84880317
0.47316040,0.87011041,0.89833183,0.00507399,0.37162225,0.85620953,0.88104011,0.50039425,0.44934283,0.98241070
0.17366236,0.48213945,0.08798311,0.62241854,0.77373721,0.73229221,0.50269728,0.76165624,0.08370996,0.85783860
0.23149702,0.95782637,0.11107075,0.39464898,0.34810822,0.45058569,0.06728199,0.18018367,0.36581380,0.68763422
0.53222435,0.23050253,0.47266635,0.86815610,0.19147011,0.22259179,0.83646167,0.58189058,0.38326835,0.26303219
0.57844117,0.85317011,0.64209478,0.89436785,0.91793999,0.58196529,0.65054821,0.46342160,0.25719087,0.79135638
0.40664024,0.37089150,0.91780494,0.23418274,0.01159983,0.82148942,0.68527081,0.98667182,0.30217699,0.25041016
0.66643000,0.20244558,0.41354545,0.35361915,0.66549602,0.99187180,0.38701849,0.95117556,0.77995647,0.73920531
0.49309677,0.26480165,0.93749189,0.68401771,0.53935589,0.33559977,0.06431359,0.65977220,0.79117747,0.98022600
0.72065009,0.17375991,0.01306295,0.85619914,0.77497608,0.14700515,0.59830398,0.29115021,0.43728394,0.03071807
0.19715161,0.14722061,0.24101605,0.14003686,0.97731046,0.43849016,0.23801064,0.40770538,0.00149526,0.07871780
0.27036550,0.50783319,0.21529296,0.13802849,0.89552716,0.14415729,0.20256300,0.12214223,0.71044052,0.99759154
0.67997913,0.12292291,0.35113732,0.47892818,0.57495779,0.12555493,0.82265607,0.08279427,0.66355837,0.20514350
0.01587711,0.32275205,0.39107503,0.86617845,0.17327963,0.96543863,0.39640014,0.08715560,0.10231537,0.47416245
0.69793522,0.21508185,0.98762834,0.64466555,0.33867567,0.29970861,0.98563496,0.62964309,0.52360439,0.38795347
0.70678797,0.77690595,0.90610653,0.15876290,0.85462159,0.61898700,0.87361252,0.42627209,0.84425195,0.73672293
0.53537616,0.83912160,0.73141914,0.64018904,0.87444666,0.61888039,0.54077955,0.95341571,0.65066105,0.71371658
0.60255957,0.81489319,0.58203009,0.07876234,0.84094745,0.19170142,0.32377916,0.41007631,0.65734906,0.37775697
0.88250345,0.74455259,0.16386598,0.30018301,0.14843172,0.32993859,0.88997387,0.89788515,0.42939534,0.16317463
0.73711763,0.16055816,0.46309644,0.75086569,0.99197426,0.76025049,0.85155430,0.02525638,0.92240995,0.22278850
0.52356677,0.47205782,0.02638243,0.32207911,0.29906780,0.94407571,0.18640363,0.21152809,0.46715884,0.41027493
0.67496565,0.69299739,0.10171019,0.98562783,0.70874243,0.39156045,0.87724942,0.51367452,0.12578129,0.87380726
0.22580009,0.86133631,0.96219450,0.74776293,0.23589698,0.32077019,0.42851706,0.32240443,0.83719161,0.92164279
0.90278115,0.97354552,0.93945070,0.21682442,0.06449781,0.13993676,0.23429226,0.71359673,0.63090202,0.93837948
0.45896936,0.88811608,0.95843234,0.65528929,0.15706000,0.21645730,0.59399040,0.34188997,0.08800966,0.32811130
0.45448120,0.97809133,0.84762657,0.81929681,0.14385959,0.92060162,0.85123147,0.09971495,0.10741433,0.83105885
0.39858259,0.38850131,0.96157809,0.02251291,0.76676810,0.42192340,0.27188744,0.04327211,0.07878382,0.90671833
0.45291849,0.05187695,0.68527555,0.42418981,0.39538456,0.84805981,0.39429757,0.70970925,0.01105915,0.20761430
0.12695366,0.84119850,0.99179756,0.46115028,0.51802863,0.75753819,0.65662954,0.21318577,0.00633586,0.21506081
0.14934718,0.10836538,0.45585784,0.29373050,0.07170745,0.49670922,0.63539151,0.86199252,0.64295165,0.76200352
0.54339600,0.96807031,0.67477499,0.72038418,0.64434584,0.77889994,0.30548306,0.64382088,0.42908082,0.86189430
0.94737236,0.63428042,0.80743102,0.68887671,0.17389890,0.25380366,0.30839378,0.60945401,0.58596719,0.50372092
0.97792143,0.72397538,0.26682939,0.98675066,0.50653095,0.54111658,0.40310798,0.57193682,0.45192804,0.75062635
0.97549886,0.43891773,0.77364229,0.69034697,0.15500043,0.84273447,0.31179020,0.53303603,0.17816557,0.12624649
0.27631961,0.64616166,0.41711669,0.27828941,0.96645239,0.63045223,0.53176141,0.42755821,0.20492556,0.10136417
0.33512717,0.22546627,0.08716316,0.19586415,0.13584472,0.71140698,0.70690281,0.85243824,0.30108914,0.56949283
0.67375279,0.20599521,0.17195703,0.73138090,0.98174524,0.96764485,0.83080850,0.47510253,0.79552504,0.99172348
0.88908526,0.38309263,0.15503167,0.95803272,0.79861875,0.11980006,0.27034801,0.39885906,0.73502865,0.87445059
0.49457463,0.67690540,0.85196042,0.39575403,0.74881290,0.50546565,0.21642040,0.67916790,0.84820154,0.32564578
0.44187800,0.25511407,0.34633291,0.59022656,0.56305221,0.44578457,0.94375170,0.80766505,0.47829942,0.67947102
0.24208089,0.40631618,0.19086340,0.57732308,0.84378536,0.65091562,0.79022056,0.28218900,0.83025895,0.70900421
0.59279484,0.47815693,0.57990630,0.08596604,0.97250904,0.48419637,0.56486066,0.25761286,0.51008163,0.92856571
0.66369578,0.76431584,0.33253114,0.51977727,0.08482553,0.88721127,0.65204509,0.12564757,0.72632273,0.67601696
0.95854130,0.35367458,0.66971304,0.56378827,0.28598227,0.01248737,0.03727311,0.80406674,0.02414683,0.68396544
0.88287949,0.80484733,0.90586772,0.43775845,0.59012573,0.92621466,0.46461821,0.44491645,0.65912097,0.93619369
0.17599579,0.67439250,0.00983594,0.64090979,0.51810291,0.67950705,0.09828149,0.29332825,0.03819848,0.36886210
0.27455342,0.05276004,0.74890449,0.16474247,0.65269128,0.77777539,0.98572964,0.87108483,0.86615662,0.60962156
0.66312980,0.55158970,0.78514312,0.33101869,0.48473514,0.10246499,0.82504504,0.13959061,0.44732264,0.36548039
0.06083293,0.14555162,0.18776442,0.03043754,0.27210483,0.00119710,0.06257728,0.85969667,0.08453471,0.50592641
0.80057265,0.67495770,0.63283785,0.98995289,0.77588763,0.70020614,0.11870378,0.37652839,0.50447472,0.68640841
0.01681963,0.35391144,0.21459021,0.24891169,0.30859708,0.59301916,0.27796020,0.46617401,0.03852239,0.77260069
0.83874881,0.95238407,0.70188838,0.31315414,0.09095799,0.14621966,0.25545705,0.47325615,0.29338807,0.97564799
0.75793879,0.33596013,0.92040001,0.38703662,0.86165288,0.07838418,0.10864721,0.59860644,0.67778162,0.93870144
0.22688874,0.13469901,0.01754979,0.86107854,0.30431294,0.71555242,0.07485649,0.23792754,0.14092886,0.02953769
0.04850434,0.06997855,0.57598370,0.22025953,0.20405622,0.49252815,0.67050074,0.43375378,0.46594039,0.04500823
0.07062384,0.61711895,0.68587419,0.77163624,0.05544833,0.26644223,0.36163643,0.59709294,0.06252430,0.16700663
0.49645351,0.80122008,0.82987436,0.71049083,0.42087763,0.96176284,0.72707935,0.81515468,0.84367793,0.45921585
0.83026933,0.80802479,0.23346948,0.11380252,0.85143314,0.97251639,0.82754480,0.54634706,0.09220030,0.14354868
0.41276283,0.14104095,0.32809084,0.46212812,0.41107972,0.36899919,0.52832961,0.05955392,0.59848165,0.33025159
0.64915779,0.04793749,0.96923966,0.40342291,0.67468169,0.58947893,0.47236694,0.98612823,0.88528488,0.36527414
0.69446793,0.81445306,0.87076682,0.52674611,0.51707855,0.84389113,0.44131239,0.13766613,0.49459035,0.84040177
0.10380539,0.28001363,0.24119622,0.93353715,0.23436455,0.83131181,0.28750317,0.34162213,0.79828552,0.72187657
0.11271464,0.08362434,0.00081515,0.55598588,0.83917259,0.76799802,0.69405292,0.30247488,0.32073901,0.54880868
0.82369018,0.16965559,0.74068667,0.18496461,0.85393270,0.42638694,0.63677052,0.00352374,0.57597220,0.83845905
0.25345182,0.45652337,0.08495347,0.92511189,0.47098462,0.83768273,0.53854542,0.58687006,0.55041153,0.60733519
0.84638474,0.40639867,0.99462296,0.48995226,0.44761226,0.47096621,0.25408518,0.47349444,0.10299378,0.60772426
0.80222449,0.74395968,0.38973997,0.68234988,0.34678920,0.77377636,0.26127494,0.00286906,0.93748243,0.68204087
0.07225145,0.42750438,0.23907894,0.44127304,0.05460514,0.17990965,0.93288298,0.05787802,0.49046942,0.14540630
0.88005150,0.24218422,0.96787970,0.76620000,0.50948046,0.61128385,0.48672676,0.86180975,0.79946145,0.68844267
0.65577865,0.01148879,0.66510589,0.46608651,0.91715142,0.70109175,0.54523093,0.29189338,0.66603794,0.86380806
0.17951543,0.14131247,0.26206223,0.21253428,0.88959668,0.78624470,0.04118962,0.59505958,0.20418414,0.51299366
0.46411785,0.16600192,0.40563500,0.27231534,0.35472635,0.91789543,0.08598290,0.30350568,0.20862832,0.08370708
0.74237772,0.37424659,0.42703686,0.18256357,0.65837878,0.03630710,0.26443526,0.96988130,0.48264724,0.07566723
0.60804528,0.15921588,0.91424107,0.93242549,0.80680636,0.65880405,0.63362300,0.25544083,0.42014363,0.74031828
0.10245481,0.90793919,0.34930341,0.76443249,0.13746885,0.17380416,0.54764618,0.22009959,0.85261233,0.11599875
0.99320072,0.89982210,0.08364038,0.60292969,0.43196289,0.15014240,0.09936887,0.54982151,0.08605744,0.67018262
0.13944598,0.70881805,0.09124226,0.31328430,0.95763433,0.19985028,0.35227197,0.60609645,0.68741732,0.80804203
0.40661888,0.14540397,0.89159825,0.17900258,0.69130475,0.55489146,0.70530201,0.13409739,0.68051023,0.16497893
0.88610360,0.76330308,0.23121985,0.84449881,0.35527571,0.26450857,0.56230220,0.55405058,0.04908871,0.43889833
0.08393959,0.55681102,0.35241606,0.00467962,0.28741712,0.12210953,0.73529348,0.38688659,0.60266083,0.92500760
0.47889049,0.41475253,0.63794977,0.03654302,0.26299259,0.80747752,0.86642954,0.19154251,0.54835970,0.49641463
0.25089146,0.69379887,0.65421519,0.73844721,0.41752063,0.38858641,0.06692475,0.42839608,0.51841280,0.95451915
0.28660040,0.94319147,0.50176971,0.03392951,0.18316948,0.41936651,0.03232893,0.13287604,0.03358426,0.90395063
0.43856868,0.58209056,0.59401017,0.54622792,0.55565868,0.36568213,0.14794847,0.62721696,0.17879377,0.84391331
0.17360237,0.42629689,0.94670097,0.83982723,0.73201508,0.45594976,0.59553065,0.67545045,0.29720092,0.70270576
0.04233486,0.63570075,0.38450658,0.61540290,0.42614222,0.88145443,0.13510827,0.58588790,0.16935323,0.69665664
0.31765777,0.97484512,0.33691426,0.22870356,0.14303600,0.75345276,0.61280521,0.79452167,0.54527958,0.90645281
0.78746323,0.08166131,0.06786398,0.69267240,0.90041485,0.03111645,0.83910008,0.75167504,0.02219954,0.41832983
0.94089630,0.16127150,0.34996703,0.31882627,0.57515571,0.62260229,0.28639897,0.31041464,0.94224133,0.54381310
0.30815474,0.13753014,0.87607311,0.76001528,0.60957886,0.03580698,0.86352166,0.92513335,0.33125549,0.41526786
0.59910278,0.17945042,0.16448997,0.01608450,0.06609939,0.41351309,0.05164261,0.32287277,0.34238120,0.82158805
0.37590063,0.16791144,0.67974604,0.11441523,0.26633088,0.15111881,0.65029060,0.54518130,0.59938584,0.69977895
0.52808328,0.07426551,0.00631651,0.84557456,0.86100640,0.52010544,0.21047813,0.69119966,0.95952672,0.73247830
0.20010224,0.43354277,0.08920964,0.92365231,0.59026865,0.66773839,0.68156559,0.74019556,0.94554830,0.05041908
0.04640197,0.17822623,0.45166775,0.88165329,0.73608003,0.16353713,0.67630556,0.60843217,0.92829921,0.71229538
0.67903698,0.49496526,0.52534238,0.23331476,0.99063595,0.66765064,0.36658908,0.88682570,0.70292146,0.97525982
0.79334153,0.76376424,0.82684772,0.29511737,0.38616433,0.79977310,0.98304505,0.04999761,0.26273399,0.92741988
0.73911786,0.70723416,0.40099977,0.07090425,0.49272145,0.77879778,0.80047586,0.21646473,0.53307911,0.67306479
0.52887781,0.35478771,0.00359567,0.16067101,0.36080531,0.57518638,0.04016153,0.29729898,0.01621739,0.29021516
0.13818618,0.75157407,0.84818508,0.42721914,0.43918728,0.68980178,0.90607420,0.70807688,0.20260070,0.90560794
0.65790746,0.14503947,0.08247411,0.43654715,0.85927439,0.69651009,0.27050423,0.62105112,0.06939174,0.85847978
0.48214352,0.23580761,0.52779852,0.92921331,0.45234897,0.32880958,0.91477707,0.72569885,0.31841251,0.14090471
0.25721246,0.57079511,0.28445294,0.32518560,0.63407581,0.13044441,0.09878389,0.98758225,0.54908398,0.40827093
0.54099152,0.63173237,0.06958598,0.95002412,0.45347881,0.78760428,0.87569588,0.27075137,0.82133617,0.68227893
0.66955348,0.11449830,0.48813613,0.14919064,0.73498029,0.60120539,0.34110991,0.81463668,0.94102832,0.61551169
0.35185794,0.69258126,0.74079724,0.38737923,0.49686749,0.22853072,0.04565687,0.87849388,0.29621283,0.34240068
0.22396783,0.51710074,0.55824258,0.96154065,0.42825169,0.47895241,0.30460949,0.97829514,0.31706338,0.17333761
0.77844915,0.16981756,0.39225400,0.40789563,0.89523511,0.27408916,0.86498880,0.44000944,0.18207848,0.83888641
0.25517434,0.40765618,0.25994471,0.10115398,0.06668298,0.31668404,0.22989691,0.76976904,0.31733754,0.17444497
0.93516083,0.99184034,0.24108331,0.36021932,0.00714968,0.87996119,0.43990412,0.56020062,0.69740180,0.02961025
0.51813454,0.10561389,0.11043065,0.49347863,0.91411536,0.68115572,0.82865736,0.28680927,0.87674156,0.44496152
0.10993733,0.63318913,0.78054971,0.04676762,0.98890173,0.93290055,0.77075820,0.34720615,0.26335587,0.60107173
0.33664591,0.79806617,0.42713840,0.03176730,0.86695701,0.97528991,0.81270158,0.45606867,0.36319260,0.85087487
0.19156324,0.24005630,0.14020901,0.95319522,0.55867267,0.87113758,0.60645645,0.70115652,0.38319424,0.48947536
0.70607613,0.82384736,0.21659050,0.45011676,0.10381171,0.12371340,0.40019844,0.89594114,0.45912823,0.04807513
0.89166672,0.12193010,0.67297846,0.10161945,0.95363236,0.27501629,0.92354365,0.45392129,0.02778221,0.02098561
0.46981803,0.88011782,0.08952909,0.09998804,0.31985145,0.69634314,0.89026041,0.89082382,0.73818269,0.69557428
0.56548830,0.58902790,0.06949808,0.07606053,0.26998500,0.38676824,0.94432549,0.95235689,0.97801611,0.07260333
0.79968993,0.43961077,0.64563137,0.46028875,0.82247417,0.61108064,0.44727958,0.82510036,0.44565813,0.06821860
0.75563921,0.47268161,0.47725829,0.90211709,0.67350330,0.43465787,0.27808002,0.89895477,0.57020422,0.30321223
0.67117139,0.79499456,0.71499850,0.22540885,0.63163089,0.58802346,0.68451999,0.87422523,0.14178449,0.61946838
0.08964573,0.62906768,0.38557984,0.50315792,0.12380910,0.45485742,0.09413347,0.60657415,0.41778189,0.98219523
0.51459321,0.92683230,0.39871346,0.34661438,0.54922037,0.38714270,0.75767301,0.76786153,0.70807490,0.42466340
0.55417561,0.85466236,0.32766657,0.26360953,0.84756574,0.28373183,0.50879472,0.83470783,0.43454055,0.10411115
0.75076751,0.42810420,0.59719523,0.83238563,0.52927398,0.55613074,0.27196265,0.80867536,0.46877937,0.30294257
0.91272844,0.30574592,0.44404981,0.63465598,0.59632138,0.95892293,0.79682893,0.95136924,0.88988199,0.91988152
0.03730914,0.39491329,0.27873275,0.08499459,0.95006103,0.59337543,0.11759402,0.43743763,0.99917536,0.70230623
0.49519479,0.34265002,0.85322346,0.40130037,0.25532559,0.94466131,0.26457069,0.82996827,0.87732739,0.12681469
0.61288248,0.90149520,0.89988602,0.06305034,0.97466255,0.31574888,0.62256978,0.63820820,0.86743901,0.24678740
0.78834595,0.83252587,0.65772441,0.55808385,0.62935509,0.35748430,0.62368984,0.61895134,0.85167514,0.03864368
0.53732537,0.81293477,0.68891185,0.30011446,0.83971611,0.43713067,0.93697237,0.72612615,0.39278708,0.97729156
0.28101801,0.11577630,0.47895858,0.04954634,0.51767588,0.70765590,0.01417136,0.79179343,0.77295458,0.70961150
0.85497072,0.17466147,0.83942435,0.83555290,0.81939406,0.66726847,0.86861169,0.93662070,0.33298211,0.91228135
0.34091048,0.20956119,0.28429721,0.39156138,0.89275696,0.91333435,0.58698073,0.09178591,0.83997605,0.78327100
0.94116187,0.02953969,0.01965438,0.90052355,0.39009364,0.23407768,0.73926549,0.70344772,0.63808894,0.79922550
0.49212565,0.78065611,0.76803560,0.66302496,0.41027354,0.38901566,0.31776203,0.71306348,0.48196881,0.65022317
0.65091911,0.65398931,0.91140013,0.89443145,0.19644798,0.02098845,0.53438242,0.50466851,0.75290884,0.42542324
0.94555274,0.71635655,0.88181307,0.48238720,0.98571516,0.14269862,0.49471809,0.63994742,0.34864269,0.55138099
0.81487449,0.61568009,0.75241975,0.39363242,0.60674056,0.31113916,0.21420828,0.37763671,0.83149256,0.62304395
0.11320684,0.39346190,0.70868297,0.92345441,0.98683696,0.22577065,0.00938573,0.84110649,0.32920817,0.94921049
0.16445900,0.18958331,0.08865550,0.40659746,0.61847023,0.54253836,0.07957682,0.88883912,0.35864523,0.53946763
0.13817032,0.44146842,0.39315196,0.47752212,0.91656915,0.75670084,0.31876285,0.04498494,0.65120137,0.14180796
0.85237563,0.83770413,0.98477340,0.65495463,0.99176717,0.97842832,0.80557677,0.58855012,0.81976180,0.86619024
0.37723637,0.58285665,0.77863687,0.77352103,0.71248371,0.54756519,0.81864567,0.18211996,0.76649261,0.12460562
0.27576585,0.42084134,0.43952221,0.27543728,0.21108471,0.51417174,0.71002631,0.06800178,0.23082689,0.90820714
0.11302381,0.17760288,0.22584663,0.99356499,0.70892323,0.38826835,0.21009479,0.59810713,0.70635039,0.56336567
0.23918431,0.89000888,0.42788842,0.03194022,0.01122200,0.30030768,0.55920039,0.23089162,0.28963358,0.75758315
0.29822289,0.13561274,0.97461591,0.87468242,0.70366318,0.02608452,0.87741954,0.66983372,0.15345316,0.57985058
0.99529591,0.40238579,0.80008259,0.22897848,0.05286181,0.65955809,0.59212301,0.60242369,0.95694988,0.21133690
0.20676134,0.62541797,0.27341097,0.32328742,0.21916973,0.30379311,0.28717592,0.62960992,0.77037432,0.39736535
0.29151823,0.01553996,0.03801494,0.81655360,0.25364516,0.12084082,0.10958937,0.06202952,0.41585075,0.04222183
0.94586507,0.82279661,0.24952529,0.37588637,0.32312621,0.19654486,0.56346317,0.35872186,0.98036305,0.43383675
0.67156889,0.82893706,0.77948929,0.30726528,0.97818542,0.47309527,0.68425183,0.97617354,0.48087284,0.95883288
0.06266675,0.75078196,0.67627393,0.05483022,0.49634265,0.11146974,0.54710471,0.96080758,0.35673000,0.77466114
0.18573567,0.58510503,0.91214035,0.58997364,0.20335147,0.67261793,0.92072548,0.37298388,0.40099527,0.69180616
0.97609494,0.41415409,0.85213743,0.79889215,0.44098809,0.53118342,0.29882415,0.70661110,0.34359668,0.00301677
0.48725213,0.41807593,0.61842457,0.40766330,0.97008752,0.09523476,0.77305135,0.05722398,0.39478464,0.89188730
0.40818456,0.13537447,0.51722097,0.98482634,0.20661172,0.53332741,0.16021030,0.91528090,0.34301376,0.83688014
0.38671803,0.40868905,0.42031765,0.90841491,0.35040914,0.25669207,0.97909466,0.11496179,0.25893557,0.43662066
0.57709895,0.14375483,0.47693156,0.99061842,0.27841299,0.85150299,0.19619580,0.22767224,0.09839361,0.16559373
0.99525542,0.30704991,0.92942756,0.06726060,0.90074684,0.26707174,0.42914659,0.26933344,0.03852557,0.31865541
0.99949299,0.55167380,0.32356113,0.68754186,0.91450866,0.21180663,0.11493970,0.87919237,0.17321447,0.11589932
0.12708813,0.68054190,0.17720253,0.84067236,0.51037009,0.97883306,0.36857917,0.15856775,0.27719958,0.63321582
0.72751059,0.71101675,0.38267768,0.89856242,0.44764634,0.92802621,0.94575413,0.56231485,0.95333865,0.55674378
0.44627235,0.12976653,0.57571391,0.22185969,0.00956864,0.64634771,0.80952386,0.92433924,0.34958668,0.81517758
0.14447284,0.37163102,0.91068810,0.59287651,0.05183816,0.76747100,0.88914613,0.80653632,0.72131519,0.90288350
0.99695725,0.86229388,0.20166699,0.87569789,0.58801847,0.14610894,0.08128644,0.11375380,0.45039361,0.55996483
0.40803559,0.00809768,0.32831918,0.62793385,0.88080071,0.83097370,0.58762772,0.11353039,0.12213573,0.08027789
0.41211347,0.70263349,0.29666890,0.55095756,0.97395961,0.85992834,0.79237114,0.84436779,0.08471384,0.68263013
0.84234099,0.37265996,0.49604943,0.04855564,0.68067313,0.24885739,0.34189156,0.28681677,0.30427136,0.47906073
0.10140708,0.48449865,0.80450595,0.54124507,0.01055187,0.66195971,0.44383136,0.81114555,0.02802830,0.37314214
0.89502518,0.82255084,0.67299046,0.39845405,0.31781551,0.74601535,0.48831004,0.40014611,0.47928003,0.14231356
0.04881489,0.17156430,0.06202049,0.23683290,0.06244417,0.57711963,0.73034659,0.93296618,0.32928826,0.69875096
0.22738654,0.71668791,0.22791323,0.10411414,0.08105607,0.96117850,0.01511630,0.06812167,0.49805959,0.26396541
0.28229029,0.77625355,0.99633496,0.30336702,0.29571775,0.60554746,0.04654847,0.95008518,0.14265640,0.30213848
0.23962035,0.44530691,0.83318477,0.23040856,0.90945535,0.25670315,0.92321002,0.20918199,0.79005608,0.94950685
0.06552753,0.10796772,0.50943262,0.56508270,0.70881763,0.13657609,0.49597758,0.01349712,0.46062402,0.51861666
0.30725049,0.93166604,0.95947669,0.12217824,0.45420715,0.03012724,0.86915611,0.20660733,0.82409221,0.33602910
0.25316309,0.52063931,0.40220038,0.50907844,0.69658217,0.63272629,0.80849834,0.33843851,0.90548020,0.97021576
0.27465945,0.28489503,0.99299135,0.10096708,0.76941619,0.65935682,0.53963940,0.21259251,0.96752934,0.36300089
0.80486592,0.27781375,0.45354504,0.80875345,0.92021285,0.04268484,0.52599883,0.15979121,0.97689240,0.77341727
0.46381202,0.78193219,0.23391321,0.68611913,0.06956867,0.16945153,0.89423192,0.70816685,0.32418367,0.11273918
0.42781423,0.24104526,0.77847291,0.18637166,0.72170107,0.08980744,0.36024157,0.71143677,0.50344156,0.81605717
0.72726570,0.96049765,0.26831469,0.57031934,0.40536697,0.66700298,0.91220462,0.73775705,0.41750684,0.54110868
0.95914777,0.13848465,0.94737790,0.80237586,0.33403855,0.57657459,0.17439212,0.89018021,0.25332557,0.06858478
0.47127247,0.38622931,0.82031219,0.56243259,0.60087361,0.88274834,0.27581010,0.44450902,0.77197667,0.79788238
0.56468499,0.52298153,0.23871768,0.05226197,0.85693754,0.31937196,0.58493086,0.36539281,0.20358379,0.38039074
0.88360440,0.62648552,0.08735011,0.31423394,0.62215713,0.40630375,0.49096252,0.56721731,0.65159511,0.30331424
0.79941069,0.10440947,0.43760005,0.84268622,0.25965896,0.88524702,0.26242023,0.51066386,0.60390091,0.52251248
0.43518391,0.07897477,0.53489033,0.21121169,0.48867466,0.56251897,0.71936312,0.50501133,0.07538564,0.78503697
0.18249152,0.81848196,0.67854845,0.91725791,0.77527087,0.97837165,0.87990888,0.65482702,0.23883137,0.95969330
0.15484418,0.80253877,0.72834960,0.01231309,0.61382507,0.31204954,0.58423942,0.73839402,0.37069242,0.37944074
0.58735488,0.44775287,0.23286730,0.22215916,0.74240340,0.05126264,0.03236228,0.57676779,0.68191290,0.03197475
0.32525085,0.57583676,0.41211624,0.68723563,0.72656708,0.35516489,0.75513637,0.50648633,0.86648692,0.25567324
0.95712023,0.79058003,0.22226944,0.85993642,0.17968824,0.34601849,0.41482609,0.48281226,0.47456646,0.71861263
0.76664197,0.72745752,0.05022279,0.97015179,0.47078495,0.53209254,0.37464429,0.03580666,0.83220396,0.64030439
0.78276233,0.95335833,0.39844434,0.91544677,0.41660472,0.17260034,0.25981701,0.29976971,0.94100396,0.66786797
0.40856839,0.33728937,0.64926436,0.83064417,0.47671070,0.95189666,0.50131662,0.31833993,0.26920508,0.49786902
0.84825881,0.35310278,0.16112590,0.55670654,0.10513797,0.89035008,0.88531842,0.11341389,0.02875199,0.67571095
0.66919293,0.36186617,0.36313668,0.09163297,0.80398479,0.94181722,0.80048692,0.27017752,0.58409666,0.46461165
0.66495689,0.76285085,0.65985506,0.74174425,0.80169751,0.40639041,0.59629275,0.05512737,0.14900010,0.87842834
0.07343668,0.61477699,0.57517582,0.24797847,0.66174541,0.52970614,0.66780416,0.96061902,0.07035751,0.52102235
0.51676491,0.91472309,0.96341511,0.87555535,0.99562440,0.99046431,0.62380844,0.46138814,0.56578595,0.41332655
0.52602468,0.93212538,0.50624294,0.84825156,0.49400385,0.13464472,0.60149551,0.47490677,0.19563761,0.53771649
0.94216958,0.54692320,0.48804948,0.88675180,0.42277836,0.26781704,0.80290224,0.97394583,0.31526539,0.49651624
0.88839162,0.67106005,0.99481976,0.22476808,0.51196218,0.26083768,0.67314627,0.53366954,0.67651671,0.90601077
0.18214981,0.82819643,0.85992257,0.42485342,0.60949532,0.76039449,0.47756917,0.42205243,0.93666371,0.50480764
0.49134927,0.77723901,0.90846865,0.29113223,0.68846294,0.79972577,0.23985785,0.24846954,0.93742617,0.64944079
0.44590533,0.07950207,0.20354547,0.32050633,0.25722496,0.51843688,0.16422528,0.50555779,0.00941513,0.81315323
0.04223942,0.20603397,0.44151181,0.89793117,0.39075620,0.97490513,0.95363996,0.18581854,0.06690845,0.48612562
0.30400676,0.75509299,0.15921868,0.03300160,0.05501139,0.26767733,0.91043702,0.79174758,0.89820277,0.13525577
0.35747379,0.41064003,0.49194539,0.75565381,0.03553672,0.21144398,0.52459475,0.83223286,0.72240122,0.68513978
0.26184390,0.25700452,0.60791901,0.98752329,0.11029998,0.45948377,0.91187830,0.55838152,0.35383846,0.19780189
0.14563814,0.76520058,0.37333238,0.65069487,0.44776439,0.51909766,0.90265146,0.05126238,0.41948204,0.65960765
0.88484346,0.72438244,0.70572236,0.25311485,0.49269543,0.78529655,0.53800284,0.57476359,0.11405306,0.87413965
0.56173260,0.03747734,0.53975525,0.99964081,0.58548830,0.41279844,0.12267959,0.18118574,0.92625225,0.24182486
0.22297062,0.51593743,0.32544862,0.82235468,0.54539578,0.20777798,0.11002653,0.89641557,0.24169908,0.28458211
0.53114906,0.29627434,0.27669828,0.54352024,0.87739127,0.20573498,0.64772989,0.81119641,0.73379631,0.49784498
0.94427600,0.77418238,0.69687274,0.53559777,0.87043099,0.04829285,0.07557591,0.33160572,0.01760340,0.55159354
0.93744106,0.60250572,0.76183385,0.69073882,0.60327050,0.27637429,0.71706876,0.29946662,0.18166841,0.43651465
0.17147235,0.27417427,0.39761331,0.40307291,0.87197869,0.96868138,0.79494229,0.35653018,0.78730720,0.17451763
0.59375810,0.65116680,0.08636877,0.55999135,0.00351595,0.68304775,0.64240840,0.63920943,0.71364069,0.62835777
0.28459377,0.50553015,0.88682403,0.86656863,0.11849121,0.74175957,0.61494526,0.65268439,0.61507156,0.11312208
0.96140286,0.02737809,0.99090605,0.91237306,0.75296364,0.61402645,0.23636101,0.15976315,0.65350986,0.86446795
0.58186457,0.50357616,0.28575696,0.68233647,0.79354933,0.21616602,0.53315644,0.22202956,0.22586521,0.07680034
0.36337588,0.92886920,0.21258026,0.60177525,0.23045531,0.15764134,0.68153746,0.24419146,0.15982664,0.28797859
0.54215845,0.42548824,0.31572227,0.02388424,0.23494537,0.56530788,0.70038172,0.27468803,0.81227791,0.07493831
0.45193202,0.54197905,0.85832712,0.41872372,0.06602322,0.18645906,0.37523665,0.11755521,0.86438959,0.43203554
0.47220852,0.18266091,0.23247320,0.83769479,0.54147347,0.41716832,0.84860899,0.56026695,0.68278726,0.94333633
0.80088037,0.11308121,0.95801978,0.48035658,0.85366639,0.90036397,0.33940383,0.17721651,0.83289909,0.90347346
0.13665680,0.71286453,0.04281565,0.48329616,0.19768951,0.83307508,0.21958245,0.70407028,0.90506782,0.51205523
0.55251011,0.08325981,0.31796668,0.95550476,0.77157354,0.60764885,0.70428144,0.85655063,0.83567051,0.24931951
0.97031646,0.56653753,0.51659782,0.77805427,0.46757583,0.92663758,0.42417717,0.45422141,0.04754115,0.74408472
0.92665463,0.95761340,0.52212088,0.04703708,0.12061650,0.05402208,0.99432996,0.56587769,0.72179395,0.46706186
0.47949005,0.88175706,0.01414566,0.27900217,0.16657840,0.12732864,0.83704561,0.92851419,0.40861170,0.17847207
0.01719800,0.31841318,0.69367339,0.65313004,0.27518168,0.47973408,0.84951471,0.22400773,0.48881833,0.65855607
0.95793893,0.63224654,0.77360295,0.71370927,0.57279210,0.16600165,0.50499080,0.98765351,0.50104105,0.58373646
0.51343848,0.90005348,0.11592099,0.80095228,0.01791981,0.17760763,0.90240541,0.23679906,0.83500535,0.55415555
0.03609808,0.67850680,0.84146366,0.99423337,0.61434455,0.47215462,0.89147706,0.84769796,0.35983137,0.86801747
0.14605063,0.59220172,0.73068725,0.04304260,0.72604135,0.65524785,0.21599614,0.15349085,0.81756623,0.99385633
0.03150358,0.98457504,0.68691223,0.93431004,0.74190412,0.23506998,0.64064581,0.60004441,0.42409129,0.02396855
0.40288012,0.62124181,0.20456530,0.88363415,0.44847777,0.08180685,0.50452577,0.44778971,0.87210059,0.03991826
0.94786235,0.89274052,0.46637750,0.86095304,0.13845378,0.75302248,0.44004794,0.09185556,0.38703677,0.99063872
0.53196661,0.57504065,0.43936199,0.54623498,0.19953499,0.34567938,0.96839017,0.41327916,0.74511129,0.64893166
0.98210291,0.98820410,0.76961126,0.38380449,0.45696307,0.53677237,0.36369951,0.83787622,0.50053445,0.73267542
0.96992522,0.55497597,0.48010635,0.59793229,0.16384336,0.47983513,0.50941800,0.86804153,0.64939124,0.33557101
0.08780039,0.23342016,0.90958466,0.72991822,0.62010415,0.64234747,0.17586157,0.88472597,0.49408963,0.92659939
0.68871165,0.07644030,0.06878690,0.26850672,0.66669348,0.55749946,0.28298192,0.18422343,0.23658135,0.31460859
0.84561774,0.97896486,0.70173057,0.85245738,0.08669733,0.34790449,0.82133170,0.97169720,0.73000944,0.02957775
0.82855110,0.07675439,0.14854724,0.28565444,0.95960733,0.45771747,0.95717216,0.18427978,0.34545433,0.83484852
0.84603576,0.83585727,0.26326081,0.31272927,0.96162455,0.09662139,0.84463552,0.51018258,0.56937961,0.37370296
0.76786472,0.32736096,0.31714256,0.10272663,0.39333255,0.82660065,0.21248155,0.29290619,0.40144633,0.10374739
0.96778951,0.41573823,0.14056661,0.87790130,0.23386059,0.63092449,0.79496135,0.34356908,0.82145882,0.01687403
0.04299820,0.48854576,0.80776124,0.41278781,0.61085489,0.10050162,0.16997541,0.78249224,0.48452895,0.56499876
0.92618825,0.81148906,0.71545720,0.04092105,0.47791132,0.06918184,0.66818022,0.68053280,0.66925247,0.04314572
0.86709701,0.01084782,0.37250834,0.69254640,0.55220350,0.59181299,0.95202165,0.38795275,0.79880369,0.68585670
0.94174861,0.10958096,0.55162047,0.95655245,0.49340009,0.12331611,0.81578895,0.92341827,0.00960623,0.87660597
0.19312838,0.47497504,0.56446517,0.30209406,0.98047880,0.04829956,0.19658571,0.86672825,0.14120127,0.92885196
0.93723155,0.99813037,0.76035845,0.83558750,0.27728824,0.55941547,0.52138623,0.42478825,0.77256958,0.81751388
0.24140742,0.54599349,0.09687606,0.36333645,0.38627407,0.71317923,0.32379475,0.60299775,0.14488703,0.89925778
0.00570258,0.70358569,0.89147252,0.01906173,0.50951068,0.82898831,0.87434683,0.35781817,0.65875556,0.32714569
0.07740155,0.42006850,0.31626104,0.78749488,0.84543959,0.54487543,0.57031494,0.42563497,0.44009582,0.96366824
0.27661989,0.72929445,0.66292046,0.05282468,0.30607497,0.20985718,0.61423352,0.55459511,0.62655717,0.40849211
0.75731666,0.79474701,0.80611989,0.80806334,0.01272146,0.02642978,0.91809159,0.88760434,0.36877752,0.26623008
0.49557462,0.49887931,0.29554645,0.66102108,0.17544243,0.00703974,0.51199544,0.17014510,0.47083846,0.22388773
0.05808074,0.03674274,0.50769404,0.83024428,0.87688531,0.74368612,0.45140940,0.95801433,0.35330052,0.02574114
0.16030805,0.86265618,0.77740756,0.23299425,0.33873732,0.47240968,0.74715010,0.56087951,0.76520333,0.90768363
0.15988412,0.66916984,0.76278484,0.56581349,0.28560042,0.26171657,0.29807477,0.86839992,0.08070385,0.30994102
0.71699363,0.59589444,0.25318806,0.04700483,0.93767186,0.24190257,0.49623309,0.39989786,0.98304398,0.95257130
0.28474249,0.18125712,0.04315991,0.53312286,0.84676257,0.62881646,0.96208856,0.80827920,0.30182924,0.06835972
0.76868526,0.63585573,0.65361984,0.17644376,0.76952655,0.08978903,0.01619415,0.35729398,0.76614605,0.78196583
0.71410950,0.83575325,0.04956700,0.24887703,0.77938082,0.76622113,0.94340065,0.53034672,0.84913285,0.63571475
0.35295293,0.36506050,0.82212769,0.13341286,0.72177474,0.89326021,0.60214357,0.62107646,0.08446422,0.60455256
0.79330927,0.78230488,0.34474002,0.76585956,0.80515594,0.51687762,0.49615190,0.35314953,0.03138696,0.26834680
0.87739015,0.77748127,0.96407485,0.59291949,0.84604313,0.72947129,0.05809222,0.49299291,0.18865793,0.57785999
0.95976562,0.78595300,0.98389132,0.08105927,0.88601428,0.36272268,0.92617199,0.01381689,0.61363619,0.28884631
0.79892947,0.69145857,0.54945840,0.91089145,0.85856823,0.06087649,0.98564652,0.03682850,0.00743940,0.29572880
0.10299946,0.79925362,0.95633280,0.67389295,0.81791566,0.25261740,0.17315070,0.40108633,0.76696873,0.51865204
0.29465555,0.32747150,0.04807266,0.30645333,0.05392179,0.96828940,0.20089390,0.99574141,0.55792429,0.48766683
0.81780351,0.57228395,0.23872628,0.53273939,0.31862085,0.05181360,0.83105842,0.51319567,0.91520111,0.99178168
0.17423559,0.41159189,0.74134632,0.09468375,0.70205735,0.51803485,0.21461761,0.90621953,0.08283942,0.23133215
0.48037637,0.84067598,0.00457621,0.57335703,0.39017659,0.65289148,0.40259511,0.27330402,0.68660263,0.74585073
0.88277558,0.31383725,0.54240239,0.31536976,0.99987111,0.88095870,0.40150212,0.29317231,0.65652990,0.47191580
0.76813851,0.97453301,0.72645312,0.70319520,0.66230741,0.94022587,0.18622548,0.82604818,0.73379816,0.26828021
0.18459957,0.77497463,0.02522384,0.45622740,0.15650101,0.43378266,0.12029685,0.50324181,0.25717559,0.31233689
0.19061564,0.30122600,0.55577784,0.93368904,0.20776107,0.69774034,0.90565511,0.68846546,0.31847048,0.88958046
0.18976729,0.89682114,0.20068733,0.23645339,0.23110163,0.96722186,0.17601042,0.72796349,0.07841864,0.87976681
0.55823584,0.96697057,0.99496038,0.11591855,0.95279076,0.39566666,0.67713078,0.92730441,0.87348659,0.58993786
0.87405678,0.67180658,0.88016270,0.89355887,0.82642853,0.52496400,0.69711032,0.23805197,0.78931595,0.75334013
0.34130378,0.49530394,0.91475613,0.35966753,0.43748795,0.53302155,0.13308825,0.88708773,0.63291212,0.79639790
0.61096527,0.00702893,0.60285235,0.24301636,0.81182532,0.67447231,0.66089916,0.14568884,0.31084605,0.43565576
0.03565926,0.30811623,0.60434639,0.83394398,0.98749386,0.48722196,0.81605958,0.97518475,0.21698866,0.94091619
0.75578583,0.17796309,0.38297931,0.42152366,0.08253220,0.13361929,0.80715039,0.75366450,0.59890972,0.62389134
0.41400164,0.00934490,0.67873855,0.58806448,0.30157423,0.39658900,0.85331900,0.69151380,0.62889951,0.69280595
0.16745903,0.11158464,0.23498478,0.25722752,0.94593652,0.94228701,0.96760311,0.61883912,0.22424420,0.14275694
0.49960327,0.97754311,0.77435553,0.12801679,0.49282419,0.57495697,0.82313242,0.46649211,0.36977868,0.81037576
0.63108534,0.70733615,0.45518005,0.56546894,0.21214996,0.14111166,0.91380536,0.62555341,0.96760555,0.54672142
0.85841819,0.40676989,0.53479287,0.37655550,0.89865230,0.85271357,0.44612882,0.97803872,0.69958880,0.83198833
0.35515153,0.98082046,0.81530412,0.49027590,0.17636457,0.86171597,0.41276077,0.53378089,0.12733533,0.47083511
0.17211144,0.96319099,0.16823443,0.31608720,0.94988729,0.20820095,0.90479689,0.86219585,0.18712429,0.91497259
0.09839624,0.57275396,0.88574884,0.16254747,0.69178520,0.10116539,0.92397159,0.08392940,0.44826375,0.22606702
0.68190334,0.66471166,0.79922290,0.61675715,0.62209834,0.69282029,0.20675374,0.15495482,0.27372831,0.30235430
0.00697998,0.15362165,0.02707891,0.13009881,0.91266035,0.18589223,0.22882442,0.59224381,0.77293126,0.43153977
0.20752766,0.10329662,0.93725275,0.22893096,0.69857012,0.38888086,0.67443531,0.19621629,0.41227606,0.71840521
0.01744307,0.94834703,0.98121544,0.07470971,0.15813050,0.55986959,0.49988890,0.40951244,0.05491164,0.78124352
0.59210213,0.82210890,0.10504490,0.61353106,0.88265002,0.19079946,0.09360115,0.91478005,0.34899612,0.30776464
0.60499038,0.28306911,0.19640831,0.73808758,0.46053219,0.12288679,0.68071242,0.41060293,0.64573749,0.34159493
0.42327589,0.39228688,0.92706254,0.64616234,0.30822328,0.95468037,0.14812208,0.66329911,0.61056203,0.69999531
0.17595926,0.72142466,0.70392089,0.08397252,0.81227499,0.35648190,0.30304362,0.08822683,0.73959706,0.69371505
0.82980421,0.27748156,0.06002131,0.30103041,0.87943850,0.20346808,0.32652621,0.32863556,0.44971098,0.14800863
0.79627483,0.16560809,0.87752929,0.14518399,0.87389905,0.33532779,0.01047000,0.05029542,0.71497437,0.05576880
0.14831012,0.61267762,0.32344310,0.40738735,0.34329076,0.20891911,0.86003498,0.94491449,0.54388762,0.73860819
0.65553919,0.26228729,0.42070422,0.37124930,0.56831854,0.86073747,0.64306561,0.20605894,0.80224401,0.86316077
0.95772393,0.42132607,0.92649939,0.05938685,0.57584546,0.54817034,0.50709220,0.59563620,0.11426072,0.95790012
0.37868166,0.48513529,0.02849369,0.19332813,0.57585551,0.83920564,0.84515737,0.64420919,0.73909015,0.86662219
0.68418994,0.14813642,0.77812754,0.70895901,0.81752013,0.35001055,0.32992773,0.64036730,0.86179791,0.92089296
0.64701756,0.95835127,0.77026094,0.36236656,0.42555249,0.55754170,0.94363933,0.51317925,0.71795463,0.58810766
0.45082288,0.66868849,0.47771682,0.07743674,0.98064594,0.10750815,0.22628031,0.71807923,0.92291272,0.09404984
0.85892066,0.71471049,0.53204987,0.29537836,0.06132557,0.47273079,0.14339970,0.42790846,0.89484199,0.26582733
0.29362699,0.23611907,0.17272559,0.60444731,0.16526518,0.65876941,0.59143339,0.06657579,0.33153632,0.57878845
0.63104593,0.70505117,0.81315943,0.34250583,0.38000923,0.53618061,0.66808618,0.75181592,0.57335524,0.80828793
0.81266303,0.13422621,0.47349072,0.27164554,0.71326195,0.09930631,0.83138236,0.46261717,0.87242893,0.47583728
0.62954681,0.39673574,0.51592581,0.67703062,0.57806843,0.47110750,0.44445191,0.08266447,0.47263442,0.53948153
0.52601486,0.56858961,0.49383990,0.39059654,0.23180862,0.27157198,0.64475468,0.57628713,0.96475086,0.70226792
0.41881777,0.63184104,0.29980347,0.32871819,0.80389986,0.72012327,0.18576331,0.57101669,0.76236001,0.57033643
0.64225268,0.48187607,0.94702797,0.93405791,0.55134865,0.78433145,0.70512541,0.07385466,0.87444375,0.94158698
0.57942236,0.41992664,0.81544107,0.50310491,0.83069478,0.99715708,0.10325189,0.18698145,0.12621594,0.05992689
0.10158221,0.26637811,0.34161927,0.93855805,0.87817189,0.03119483,0.89542967,0.91588431,0.62609693,0.62656359
0.42504063,0.57994420,0.09635933,0.76581520,0.60061797,0.97539726,0.35446568,0.43137116,0.83182802,0.14486034
0.80174547,0.20027491,0.00085413,0.97306713,0.73745109,0.87153082,0.02862568,0.01240546,0.52988007,0.75558530
0.31299769,0.41362214,0.63151441,0.26640556,0.70263035,0.66523557,0.69417755,0.50494566,0.34507232,0.32883179
0.77639004,0.03379898,0.12958152,0.67283006,0.98143838,0.55321666,0.72476502,0.57250709,0.82313434,0.60519407
0.42611354,0.01972781,0.23841452,0.28230695,0.37841744,0.19820009,0.08584209,0.70813884,0.83574247,0.61411377
0.35837883,0.88625070,0.43126212,0.94042883,0.69172510,0.33805739,0.20218001,0.29704003,0.41247346,0.33036450
0.66075916,0.45238534,0.50007426,0.56780691,0.23332907,0.93503214,0.51360154,0.59747519,0.60707933,0.40907733
0.04808565,0.40922761,0.66098673,0.07602035,0.54334583,0.76904999,0.79911084,0.65194735,0.55166105,0.11669625
0.49510455,0.84948242,0.02212277,0.15109441,0.77308840,0.91353073,0.10716878,0.88219392,0.28338078,0.63048858
0.53366709,0.33341754,0.94364271,0.17938292,0.51766860,0.38600468,0.22554416,0.59994870,0.20473128,0.59416523
0.06064733,0.29814159,0.33650531,0.82657958,0.16174669,0.62668769,0.39097287,0.81198065,0.19606023,0.42797804
0.14775678,0.51876075,0.93696903,0.44168773,0.44022625,0.15133183,0.49319892,0.63930487,0.17873193,0.03551547
0.17275423,0.08536087,0.98639316,0.85939079,0.69527990,0.40275569,0.80642594,0.03005865,0.26718594,0.18703823
0.30326487,0.54096471,0.51777588,0.30478512,0.75428961,0.76031980,0.10106164,0.87687720,0.58161934,0.51384516
0.61124613,0.03551408,0.44067306,0.05920256,0.11739033,0.91154192,0.42755957,0.43791300,0.05969468,0.39233948
0.48403766,0.66927513,0.03888936,0.59083599,0.62822172,0.72020082,0.84391533,0.10220205,0.19783898,0.17161170
0.45186353,0.55798075,0.10981307,0.42039869,0.29829684,0.75594680,0.67221467,0.94172815,0.22537998,0.05710461
0.75989773,0.98901765,0.81154536,0.19778055,0.15263835,0.18872430,0.62404820,0.39102395,0.97462314,0.46243828
0.45239305,0.84379948,0.27022901,0.98997905,0.58515751,0.88900362,0.35668938,0.82368989,0.92894074,0.01828429
0.23774686,0.09827550,0.97046103,0.36263165,0.20855044,0.97160897,0.50920645,0.03771543,0.05225299,0.61306357
0.27439624,0.06575583,0.22350244,0.08935253,0.04218256,0.13159871,0.60958864,0.19112393,0.40993070,0.09732822
0.31293737,0.86012186,0.27940524,0.88846111,0.85714226,0.32023360,0.22357538,0.70235362,0.95379503,0.95043517
0.86384461,0.78094069,0.07462159,0.84873192,0.97580363,0.45506060,0.82842455,0.80086756,0.74679885,0.76523702
0.62419610,0.29258398,0.88485073,0.51175022,0.35642042,0.96459509,0.47533477,0.45302597,0.77797727,0.36360780
0.17053257,0.59908873,0.93161038,0.02628050,0.45223121,0.05164559,0.17586897,0.96911681,0.98037899,0.37461084
0.55756275,0.18318228,0.44149021,0.32793824,0.79281978,0.38294452,0.22990485,0.58719941,0.13049158,0.95967389
0.86674733,0.46231930,0.25371648,0.50906566,0.11443458,0.89308237,0.91675270,0.65669787,0.05915212,0.64926975
0.02859561,0.80517633,0.34387904,0.74695247,0.10350714,0.04764831,0.40045867,0.45816474,0.00381594,0.06396344
0.97599756,0.52003553,0.69185561,0.77274347,0.75094247,0.01509444,0.82399817,0.49164203,0.04542815,0.40610928
0.88213013,0.55377378,0.34216098,0.93244677,0.25284240,0.70552063,0.40260226,0.51185262,0.57642087,0.30316155
0.30053790,0.66203761,0.14511414,0.94263759,0.77564611,0.34427883,0.11669507,0.48389695,0.50572713,0.64787943
0.02680333,0.41037863,0.74109274,0.03338912,0.89710208,0.51498932,0.18071586,0.55666664,0.36777236,0.26684107
0.41683931,0.89004398,0.73161067,0.11258065,0.12117181,0.78687718,0.73010718,0.81659629,0.80367937,0.25334312
0.99235548,0.17867174,0.87264923,0.95176197,0.76495781,0.64948117,0.93706585,0.85781737,0.37972356,0.61138566
0.93129173,0.84149934,0.91641208,0.42583491,0.71455273,0.23564456,0.25146366,0.33428432,0.26065241,0.93384220
0.60456862,0.25211329,0.58892415,0.28518321,0.64162339,0.18542442,0.53664288,0.70798589,0.76750579,0.56480195
0.01465480,0.63811516,0.78001574,0.08644090,0.05009883,0.09002717,0.11838039,0.68326411,0.22288263,0.78632796
0.25335587,0.10076064,0.10937811,0.87275368,0.72025413,0.27793159,0.66589305,0.11562209,0.74865599,0.88273876
0.97963762,0.67277196,0.75487141,0.76162721,0.20428178,0.63901139,0.18277258,0.53928360,0.89068849,0.31396177
0.32512071,0.11077266,0.96646908,0.67765228,0.51891194,0.65196908,0.94454371,0.24674612,0.92594188,0.60229454
0.19920329,0.12642951,0.68709450,0.02434631,0.14101006,0.78653371,0.39385326,0.98822660,0.84774197,0.68793215
0.23771627,0.56533680,0.17256368,0.26826246,0.37484848,0.13685008,0.06687414,0.65762676,0.87566566,0.36047161
0.75763232,0.70814532,0.73892454,0.35395167,0.84751260,0.60534762,0.57329496,0.62933186,0.26647200,0.28790272
0.43280438,0.86314814,0.58403144,0.45439052,0.13479155,0.54971973,0.40124901,0.37600008,0.37824333,0.98276016
0.01746772,0.18751997,0.71213936,0.87441966,0.16572299,0.03473149,0.69475629,0.10658545,0.20905459,0.39398428
0.99131319,0.96406902,0.73836617,0.17038615,0.66170497,0.07798488,0.04563580,0.66918393,0.35818803,0.44728449
0.30276660,0.46508092,0.87257708,0.88041994,0.17091757,0.49328602,0.31695763,0.16368492,0.33116986,0.97082068
0.54877371,0.12238447,0.72410731,0.43961181,0.57991166,0.41951597,0.91212294,0.47399395,0.63563166,0.41689148
0.37117335,0.76389547,0.07355300,0.47124995,0.57786179,0.63734471,0.87013810,0.27764594,0.85652867,0.37540211
0.12800099,0.69255723,0.69147769,0.73847653,0.37969797,0.63846072,0.45770604,0.42390323,0.88656699,0.26938110
0.95690247,0.88489837,0.73752974,0.67098100,0.25913924,0.04210097,0.82019536,0.56471474,0.68813011,0.34283892
0.22464059,0.89065818,0.24533332,0.34648766,0.30716075,0.36744314,0.80328068,0.31319935,0.07613478,0.28509489
0.85797912,0.88584347,0.39791152,0.21029510,0.21412273,0.81422833,0.86548459,0.26970374,0.44116700,0.97140352
0.38639901,0.11075705,0.58487788,0.66105786,0.86061524,0.25540604,0.53339713,0.62949040,0.64374895,0.69239973
0.65881147,0.70374697,0.35460226,0.54631872,0.12439738,0.60322413,0.10007846,0.46576186,0.41654975,0.79911365
0.28081212,0.76159108,0.24401123,0.80684985,0.68090458,0.85556870,0.97089065,0.99439357,0.46345390,0.44319976
0.50086206,0.76744699,0.31275251,0.37205197,0.31919979,0.28917926,0.56510062,0.95925123,0.43931590,0.88701264
0.99959427,0.64092294,0.68159243,0.06155550,0.40694340,0.37197127,0.32159275,0.90905202,0.52594626,0.33970897
0.36341023,0.46615880,0.81163635,0.33744023,0.15110379,0.97564959,0.38271125,0.25495460,0.16675276,0.33043959
0.60839631,0.38829225,0.97691823,0.90244983,0.73414105,0.91697199,0.09516020,0.02827060,0.61546656,0.01762748
0.58871940,0.50419490,0.16572569,0.68046432,0.90276357,0.20440269,0.47759328,0.82460037,0.95889608,0.39989889
0.44194003,0.75096301,0.32693396,0.53439411,0.97175464,0.00798942,0.06198252,0.48425241,0.62959885,0.38278660
0.74128420,0.25110121,0.68083935,0.59878648,0.30668730,0.68375482,0.67013530,0.13751413,0.95607735,0.96264922
0.02362555,0.68131469,0.79852622,0.42796062,0.24756261,0.70191778,0.05018719,0.70836605,0.38072067,0.94286879
0.86068574,0.21256339,0.01436019,0.84369941,0.69267879,0.68659137,0.28012588,0.75071053,0.86186442,0.35883173
0.42751118,0.98915768,0.63936714,0.58859236,0.10798367,0.23672956,0.41956418,0.33795779,0.65099527,0.87472687
0.30037857,0.54435160,0.16056680,0.92945485,0.11063286,0.82039718,0.03450929,0.52986159,0.76601713,0.61404028
0.10752795,0.96677696,0.99076074,0.53054790,0.47248812,0.49040676,0.23804989,0.07379867,0.09559118,0.88353817
0.79039248,0.93903893,0.47045509,0.49851532,0.62350136,0.16245665,0.09792508,0.59741482,0.85857989,0.86923081
0.72394015,0.15840769,0.87572861,0.24841589,0.29290891,0.07518550,0.34781782,0.93344539,0.38052835,0.90804112
0.87131568,0.60116527,0.82411010,0.23903802,0.91743319,0.64335217,0.84365584,0.95108490,0.27378858,0.21283351
0.65154951,0.71592952,0.40179495,0.54065469,0.53108366,0.34648747,0.25699795,0.96242357,0.76498615,0.65557032
0.34445811,0.73581112,0.13322157,0.63002007,0.49082452,0.94265058,0.25678659,0.75849667,0.10178569,0.52894241
0.11435666,0.84085249,0.01763926,0.72309285,0.02628940,0.96071010,0.54795294,0.69192226,0.85759469,0.65253187
0.18530160,0.41146875,0.01332042,0.06844505,0.63495484,0.86305079,0.15534541,0.21649640,0.24581738,0.94229592
0.11048668,0.75536117,0.35154763,0.24267064,0.57425821,0.98647344,0.41559014,0.20188536,0.23190809,0.35316662
0.87728287,0.14330542,0.45271812,0.02180371,0.08361013,0.51896007,0.12805287,0.85570956,0.83980057,0.14077535
0.12060753,0.85870309,0.61374218,0.77871256,0.47842449,0.41039122,0.20068868,0.30226643,0.44256730,0.39122311
0.21865827,0.99999920,0.01091528,0.59755473,0.71554400,0.55981636,0.57627008,0.12828843,0.47426844,0.85337655
0.70261259,0.16543542,0.59966068,0.78849198,0.16794597,0.64489645,0.07590600,0.01717795,0.77834036,0.28550484
0.45474343,0.73711249,0.72951381,0.12914646,0.88242994,0.57339657,0.80739619,0.36137167,0.23954426,0.87879304
0.49360252,0.85209045,0.05040021,0.93600537,0.73763473,0.88128599,0.09446569,0.99093502,0.92834717,0.68812735
0.01426616,0.34989676,0.54580417,0.07000424,0.36983036,0.38773883,0.99703122,0.01261887,0.25744730,0.72036035
0.41466694,0.37105020,0.79999060,0.60619431,0.13904320,0.84011338,0.50022332,0.48321954,0.87729560,0.86744717
0.45675261,0.04100367,0.93938164,0.25155127,0.96637234,0.11223235,0.78679085,0.89230077,0.58493256,0.00191405
0.56158367,0.25117541,0.34168398,0.74627566,0.23934653,0.27428331,0.90424684,0.77302168,0.13965813,0.46649165
0.39307741,0.94316165,0.49923460,0.26411833,0.75970611,0.40651157,0.09979206,0.15374107,0.47210272,0.05815123
0.93357361,0.96965008,0.19070145,0.61481332,0.02781109,0.63742184,0.62912264,0.63191890,0.80589854,0.79305338
0.76614083,0.85865043,0.49712468,0.62792546,0.99910194,0.99214678,0.78921625,0.00771560,0.33298998,0.82115288
0.85660197,0.58253316,0.00825685,0.34055405,0.48861942,0.89485481,0.85713549,0.77813343,0.68481204,0.33322989
0.45955297,0.43243612,0.85127701,0.45742316,0.15053401,0.63281052,0.82630367,0.29198414,0.55647343,0.37317435
0.06202145,0.52593720,0.54946577,0.23796270,0.92327031,0.77615382,0.55119814,0.78087562,0.73972002,0.86231200
0.50301689,0.98324503,0.50479193,0.06058180,0.91469233,0.42578270,0.72315600,0.30521014,0.85754880,0.06817163
0.88034144,0.18310347,0.44843705,0.32999470,0.31042610,0.00698501,0.51644469,0.94171494,0.20673459,0.71654815
0.43084073,0.71527219,0.87394680,0.87735491,0.17873741,0.77501017,0.07553146,0.49966804,0.83271986,0.89523297
0.18000956,0.86686184,0.89143017,0.27452584,0.70745126,0.75141364,0.41175592,0.48004127,0.30248457,0.05918400
0.81397932,0.17554989,0.84109796,0.90492831,0.86910125,0.35197976,0.98849341,0.34471974,0.60564375,0.67374758
0.44932845,0.29681881,0.59866954,0.93253342,0.11609333,0.71370541,0.15679946,0.67968366,0.68764313,0.86303916
0.95735822,0.75802678,0.60157354,0.03325724,0.29660629,0.54488661,0.44335562,0.35365559,0.17218327,0.17087355
0.17417102,0.93376782,0.57955540,0.62295676,0.46384721,0.35420298,0.39034926,0.22496832,0.84454383,0.29499648
0.04549593,0.39045941,0.60046876,0.68362482,0.76570986,0.41942718,0.52395814,0.06593382,0.03685074,0.35116618
0.51135358,0.58228154,0.87287655,0.07044997,0.51881113,0.14328819,0.30333178,0.24871955,0.77482312,0.46017969
0.27233901,0.99144145,0.73994174,0.16913152,0.40369683,0.10765035,0.03297036,0.16816447,0.89945563,0.54969588
0.73351687,0.00884223,0.50960977,0.45988623,0.47515047,0.97122110,0.20642958,0.70068835,0.10769744,0.86105471
0.43573618,0.05081415,0.62788932,0.61530356,0.74642557,0.00013775,0.91885364,0.85091599,0.69061509,0.81241321
0.22276499,0.70191527,0.21254633,0.29954595,0.19561656,0.02367410,0.69698650,0.76576691,0.57536493,0.80599035
0.89134550,0.03987010,0.23570272,0.30108959,0.13522506,0.33320088,0.36207745,0.29163013,0.92272212,0.16385423
0.32621381,0.94234654,0.10226957,0.03167195,0.75914082,0.94827724,0.00100620,0.34995380,0.34180419,0.50087916
0.30494515,0.92694363,0.59449414,0.13377943,0.77098227,0.87549661,0.34261638,0.06109871,0.44255997,0.15609866
0.12752976,0.20346189,0.03330301,0.30859620,0.29417745,0.43665687,0.86417551,0.52008251,0.51601699,0.69588479
0.70363016,0.47587999,0.52377507,0.21152512,0.03740508,0.41514104,0.93905908,0.39762291,0.23928674,0.37929291
0.60060626,0.03868915,0.64936171,0.29427348,0.60885264,0.37348905,0.84697594,0.11114175,0.16417361,0.87253002
0.38356258,0.18175423,0.57807907,0.04831288,0.61319940,0.50114260,0.73248287,0.01135234,0.78593593,0.52178673
0.67443933,0.42298101,0.14012000,0.18026087,0.43972615,0.24386173,0.86722416,0.69217012,0.91014020,0.98300813
0.82078700,0.28095467,0.70309264,0.24165004,0.69126288,0.98735668,0.42185483,0.04397014,0.71545707,0.21466058
0.82414880,0.32135293,0.60731186,0.21605982,0.18421010,0.12404805,0.93947640,0.80926987,0.71099754,0.11460311
0.23476526,0.04639024,0.65427662,0.06259427,0.56414179,0.39268293,0.22143871,0.40366226,0.78011581,0.59950353
0.07621602,0.88055597,0.34650044,0.72874802,0.66130390,0.46655498,0.45950640,0.06523400,0.12416355,0.79678778
0.63263833,0.93551084,0.64995342,0.72855318,0.17875268,0.93608757,0.96664408,0.95320787,0.95420987,0.28619117
0.03583962,0.81770636,0.35806370,0.29723810,0.72657044,0.97346217,0.07326243,0.01017581,0.19740981,0.57844548
0.19970376,0.95469489,0.05285679,0.67581890,0.95690785,0.98583851,0.14135396,0.79821489,0.49185912,0.04915364
0.87685777,0.43206602,0.53902837,0.61002397,0.57081260,0.24072922,0.15120975,0.19654583,0.83420702,0.79759905
0.92280834,0.91378135,0.25578778,0.11850181,0.52948541,0.60750066,0.97296813,0.54859218,0.02314867,0.04060079
0.18281050,0.44072240,0.29250183,0.85700105,0.08156671,0.43184556,0.55095605,0.90728992,0.21337738,0.99634945
0.12325481,0.70375874,0.41165314,0.79588152,0.42646427,0.45674016,0.49309177,0.06688881,0.01774221,0.55106207
0.92557645,0.40747756,0.82425079,0.00949705,0.72097143,0.37560055,0.38029877,0.31696614,0.35764446,0.10647119
0.24168127,0.07524540,0.58106027,0.39579681,0.01057074,0.64033883,0.04596755,0.44302590,0.49491769,0.35412538
0.95341455,0.81097704,0.31002232,0.87690947,0.06279766,0.52824085,0.98856324,0.89047591,0.06595691,0.20389242
0.61251790,0.35140619,0.70171661,0.99020176,0.70771664,0.17243382,0.96927825,0.92621193,0.58497160,0.71654995
0.60432604,0.61041019,0.28944509,0.06085067,0.57775531,0.72679676,0.15858433,0.54706423,0.08063878,0.58021246
0.11668626,0.35064400,0.23343331,0.24690192,0.91461618,0.52856697,0.28986424,0.14086230,0.24596381,0.03166620
0.36253831,0.03274640,0.89319486,0.96360947,0.05645978,0.28064175,0.15950074,0.89118785,0.93265470,0.59377830
0.77261750,0.97691426,0.00945913,0.59192641,0.44604414,0.85944025,0.98002181,0.64136413,0.48844099,0.99666477
0.27239993,0.22355118,0.84335512,0.12777649,0.48779312,0.21014722,0.23607351,0.06076417,0.23447195,0.00629500
0.59738821,0.77012337,0.52422804,0.91738088,0.94908431,0.71785075,0.35079014,0.00259205,0.03211728,0.24763011
0.89379074,0.30700917,0.31661879,0.64348458,0.89659514,0.31181610,0.56854971,0.26349770,0.03353342,0.74631781
0.23757010,0.69182599,0.42128675,0.27359285,0.72797426,0.00262343,0.44169963,0.17177910,0.92853859,0.60913267
0.96562880,0.49593837,0.40495358,0.32437919,0.85158305,0.19873187,0.58316684,0.04019028,0.76163783,0.73846837
0.29745915,0.11178884,0.73068177,0.54315106,0.92708167,0.03004951,0.21843454,0.06322131,0.23294194,0.10240735
0.87757077,0.85688526,0.32798259,0.05267557,0.98546129,0.27628039,0.51387288,0.73487896,0.01884727,0.72774852
0.36817342,0.59187267,0.30121127,0.14090084,0.31982942,0.83227720,0.89462376,0.27269390,0.72682141,0.27992918
0.29635993,0.93816291,0.34572942,0.00945708,0.08243429,0.04337277,0.43939525,0.34699085,0.81052400,0.64294609
0.73141923,0.60370013,0.76330909,0.25339579,0.73381220,0.25665890,0.70284580,0.50500897,0.14065706,0.64597475
0.66660106,0.57152629,0.60030822,0.13664074,0.00160230,0.52372537,0.90563530,0.25395693,0.37729312,0.16733658
0.01810611,0.75285847,0.75589399,0.52368892,0.89197938,0.59599657,0.62459581,0.81079405,0.02198182,0.60182044
0.06311605,0.09985644,0.61648188,0.29849505,0.96740052,0.81100307,0.48446119,0.25205462,0.57468273,0.71423531
0.30111011,0.48702731,0.55780944,0.51472523,0.51162318,0.42759947,0.92719498,0.52601780,0.41942946,0.96468926
0.28668076,0.78236770,0.86952751,0.78590026,0.40794406,0.29575210,0.07351925,0.19087001,0.27849053,0.35460800
0.91008673,0.85073456,0.57455508,0.60871143,0.30665924,0.86515473,0.20691244,0.66350466,0.79662232,0.75594908
0.25304907,0.65004132,0.53808317,0.40577145,0.79300634,0.05150770,0.78055268,0.07649527,0.94853852,0.01061769
0.94581196,0.20603973,0.79157457,0.54959116,0.31881283,0.18614008,0.17121385,0.55792818,0.98102554,0.90007982
0.53704811,0.45460745,0.60122571,0.45733547,0.85740388,0.65660033,0.49098268,0.45633924,0.69691495,0.04718787
0.38722993,0.13220341,0.00622603,0.47814119,0.09994970,0.99308938,0.72858340,0.75046605,0.83857414,0.54906978
0.53076338,0.82204903,0.56212550,0.07727628,0.14951704,0.16970197,0.71562508,0.28551487,0.44704066,0.57915030
0.31892637,0.46861232,0.79447352,0.69097957,0.68723038,0.76403781,0.91273268,0.62732377,0.54123110,0.49096004
0.85051686,0.70119982,0.49129569,0.35524776,0.16783392,0.94006688,0.00184139,0.23641630,0.40205526,0.55553402
0.20863723,0.38052965,0.28672123,0.49706998,0.62281570,0.05877975,0.34657429,0.93351396,0.70907356,0.52425405
0.98998530,0.59635737,0.97474132,0.73617724,0.29286051,0.87265432,0.43559511,0.22141518,0.21831250,0.17491287
0.89567951,0.84038882,0.90718726,0.95664275,0.71784623,0.91546296,0.46687371,0.65767367,0.99368031,0.74913779
0.22985212,0.81185151,0.78425938,0.37388891,0.97975596,0.27995762,0.59175783,0.75762531,0.60216787,0.07253416
0.48343943,0.72539698,0.33208130,0.88863947,0.49873931,0.28575782,0.64934384,0.33821937,0.05444447,0.32579739
0.36975520,0.46316558,0.20119917,0.42936036,0.33716357,0.06829799,0.18241543,0.82941172,0.82618511,0.04860782
0.02134355,0.46465414,0.24967545,0.27498889,0.19436243,0.93072936,0.89948575,0.79940037,0.26606652,0.73719966
0.01696404,0.44597283,0.30335099,0.37913873,0.47536590,0.95668091,0.07833406,0.07828639,0.36865499,0.52434164
0.73487786,0.94075219,0.76838826,0.34585503,0.02178468,0.80285244,0.05549440,0.71218402,0.62318793,0.34087244
0.19445702,0.92745827,0.64966105,0.17481115,0.60245193,0.72292444,0.17559714,0.39806307,0.33640829,0.17607223
0.46116155,0.92373243,0.74278338,0.56136318,0.69053567,0.55200914,0.93898525,0.91814910,0.33181297,0.11232383
0.08038663,0.84713505,0.18531212,0.69106063,0.07695327,0.38121957,0.63487578,0.34262778,0.90801892,0.18426173
0.60548477,0.67177724,0.58556997,0.43635834,0.71241694,0.46653082,0.65609670,0.09776746,0.05868427,0.34446153
0.70705510,0.52269549,0.76843387,0.12891761,0.36188915,0.09244895,0.09371872,0.11196741,0.52300182,0.09236617
0.06949737,0.61575909,0.62280510,0.36204629,0.44100579,0.11751623,0.51369832,0.77408524,0.34291838,0.41806140
0.31690790,0.81806807,0.35516936,0.36211945,0.04992030,0.18285587,0.51631089,0.26578280,0.74529238,0.82291747
0.36959345,0.60856733,0.78759148,0.18014359,0.15189219,0.84832710,0.18641133,0.03640814,0.21392730,0.71652566
0.77969969,0.36422118,0.14219584,0.14764673,0.87036153,0.97798345,0.12254535,0.21655263,0.02457131,0.33444693
0.59218087,0.84485634,0.75507658,0.18367498,0.57621923,0.10914700,0.92431570,0.53560378,0.87597025,0.59291545
0.96815787,0.48234242,0.85675023,0.46009133,0.22730968,0.19753300,0.84332894,0.93571773,0.04332883,0.71368995
0.51893367,0.77030772,0.33584765,0.98296553,0.97291728,0.19935548,0.09160511,0.73162833,0.74351936,0.19205260
0.80640646,0.76078511,0.20705997,0.29602423,0.62422596,0.62643403,0.56552904,0.11149638,0.96743705,0.85379963
0.48044611,0.74903089,0.42265252,0.31989329,0.22569696,0.66273675,0.21486071,0.62955738,0.53194711,0.35480186
0.47387151,0.38086864,0.13321958,0.13531862,0.60943638,0.99100683,0.61473241,0.10184584,0.91435868,0.52266993
0.38626290,0.35621903,0.70312271,0.79229695,0.56400667,0.09478438,0.74456766,0.07226237,0.81477677,0.27148264
0.77375584,0.34918407,0.66734236,0.91446031,0.69638934,0.93721958,0.92645715,0.64921278,0.92236545,0.39189709
0.46786596,0.40527221,0.73626680,0.18163260,0.54092519,0.10326018,0.20384771,0.63195313,0.29547664,0.23119697
0.98539811,0.00704170,0.40359862,0.99492653,0.27460027,0.82861366,0.19727003,0.35953828,0.73719346,0.83716722
0.06226683,0.24188978,0.85033551,0.67982445,0.78356471,0.98368918,0.65207502,0.52517651,0.31670539,0.65382471
0.16246902,0.84953697,0.50974492,0.32759440,0.77941257,0.73878494,0.95175956,0.38706540,0.60813404,0.42290832
0.38117874,0.06580935,0.00819062,0.27603603,0.75864035,0.31603574,0.64205412,0.21410720,0.79421645,0.41480474
0.32256036,0.36475104,0.32060048,0.93220433,0.30994554,0.83834823,0.03739076,0.46659883,0.32432301,0.51320495
0.72419186,0.87601028,0.95849949,0.20837444,0.75197311,0.63505003,0.59076733,0.74411968,0.40330948,0.63181934
0.93890343,0.01587632,0.42215631,0.78320931,0.77041366,0.95924351,0.15719642,0.12987645,0.76578367,0.81582489
0.03335014,0.30584492,0.69014283,0.30059338,0.07068751,0.63377503,0.92227956,0.51670786,0.80623620,0.82399858
0.87070101,0.22360842,0.54120733,0.39673655,0.06292690,0.10660097,0.91071224,0.79735069,0.26158814,0.95852508
0.87400171,0.92593182,0.87495708,0.57745506,0.40026550,0.68326823,0.12787152,0.04847870,0.57952832,0.00208149
0.50635334,0.89000583,0.96393162,0.51566585,0.49104330,0.25221845,0.12988700,0.77596045,0.28846100,0.95531125
0.20886910,0.39902262,0.06007412,0.43545539,0.86923083,0.21180695,0.94158475,0.66072447,0.66700054,0.17059105
0.10987825,0.31293425,0.02210633,0.49101960,0.05590001,0.57133913,0.12671237,0.01143060,0.90684723,0.57811793
0.32342003,0.85906238,0.79523840,0.07150263,0.24004440,0.65486202,0.17377644,0.97245266,0.25215021,0.40700263
0.13271259,0.16885909,0.42587856,0.90318608,0.87431356,0.38459948,0.23248485,0.68589989,0.45761542,0.99494549
0.68735298,0.17178732,0.24402484,0.14105730,0.06404717,0.95403590,0.25136223,0.82778158,0.01300035,0.29427453
0.65056003,0.48442995,0.61011931,0.27998347,0.61317881,0.32695283,0.24792392,0.40011754,0.90420177,0.06600403
0.21704185,0.69760327,0.41591314,0.78742695,0.45154746,0.51057104,0.90751634,0.07849553,0.99571546,0.11672589
0.21737071,0.52206254,0.87466971,0.87733410,0.83353526,0.30034236,0.46355164,0.17411657,0.47534738,0.87451996
0.69229616,0.76832294,0.88902259,0.97104146,0.49882867,0.81894671,0.76108772,0.49460115,0.65000651,0.87489433
0.82670463,0.88461469,0.23206402,0.41100432,0.78644391,0.78194889,0.50190171,0.82694710,0.29444024,0.70341863
0.40580266,0.35051441,0.17068368,0.92706742,0.40887362,0.20063440,0.34577004,0.07704573,0.51066357,0.08968710
0.20430251,0.29174268,0.99389655,0.37832787,0.56747162,0.24331583,0.39214083,0.55722080,0.71652922,0.76465427
0.31887374,0.57368269,0.49633055,0.88591916,0.05679168,0.04672686,0.82062616,0.54659130,0.22379270,0.38798257
0.75578968,0.00453801,0.04726123,0.62814145,0.88768966,0.21039923,0.82913240,0.43789930,0.21550894,0.60097628
0.95686197,0.46290572,0.67369180,0.19781575,0.95038886,0.30619397,0.15117532,0.93976558,0.84609398,0.96198310
0.43305277,0.34645104,0.87587947,0.87374224,0.29488232,0.36766266,0.56609268,0.96918086,0.59739536,0.64697184
0.15292941,0.21489895,0.78729019,0.56541482,0.09680173,0.70815886,0.58757838,0.35066651,0.35827518,0.89772013
0.31494583,0.81548779,0.77531147,0.34389184,0.01835329,0.89339214,0.52846294,0.23650073,0.85841665,0.05449898
0.31586457,0.21491599,0.69430984,0.27531723,0.22795156,0.52445702,0.83728610,0.38565545,0.84600490,0.60810892
0.20900155,0.33018941,0.84563270,0.43114244,0.79608767,0.13797576,0.04244702,0.00672694,0.34931663,0.28694444
0.14770074,0.68755727,0.66715232,0.17706644,0.33532492,0.90634557,0.81294073,0.67720137,0.85331095,0.26305883
0.38851203,0.41081215,0.84445289,0.77824466,0.29463841,0.00718372,0.59561673,0.41857326,0.28544117,0.30423787
0.92416830,0.52191009,0.38026375,0.67707694,0.04955389,0.04873231,0.48833365,0.44689554,0.53457748,0.87394129
0.45386915,0.16712275,0.18198870,0.75061316,0.25393497,0.43359126,0.37965730,0.84561312,0.04816647,0.81948523
0.95153043,0.06256710,0.95816916,0.09143759,0.46467016,0.14199279,0.60054624,0.58009713,0.46764245,0.29959163
0.80864616,0.87268871,0.97265136,0.69375672,0.02155595,0.02977558,0.06981662,0.43236256,0.57829206,0.20467703
0.82347493,0.16769322,0.54829611,0.19599370,0.49344192,0.22873840,0.49629082,0.86296411,0.49824443,0.14255128
0.57961994,0.12167005,0.02261818,0.62337123,0.80352566,0.61584627,0.89418998,0.23156329,0.52813701,0.50300999
0.08809852,0.23657361,0.15692211,0.36044498,0.96760607,0.99369903,0.62021203,0.44441242,0.58718841,0.01707859
0.53395775,0.32204878,0.90217261,0.39217022,0.94244588,0.89365094,0.72404314,0.79051039,0.75114979,0.01779235
0.30241071,0.06269460,0.48991460,0.21698754,0.16818027,0.94269738,0.68972314,0.27654347,0.30250399,0.91055416
0.67364519,0.48972855,0.85159297,0.90456878,0.10946546,0.25315044,0.64878889,0.93331562,0.40945266,0.46036371
0.94110625,0.43854614,0.35466637,0.36222351,0.11703838,0.74226512,0.67973330,0.58219878,0.96297980,0.99550211
0.67932004,0.31019441,0.25125986,0.96094498,0.47152238,0.87342855,0.44195907,0.97404861,0.83467072,0.27241538
0.08358192,0.16497885,0.23415309,0.86669994,0.23029392,0.43030210,0.62186396,0.55831876,0.38864838,0.45915320
0.64973298,0.84588200,0.29430805,0.33727529,0.33001192,0.94646026,0.38786077,0.01153242,0.05863598,0.28103773
0.62518969,0.32621194,0.23189232,0.03205762,0.47689881,0.07380125,0.20097192,0.44104991,0.18975457,0.42294698
0.07085055,0.93388391,0.78970307,0.18803505,0.07795052,0.12428644,0.85027210,0.71834212,0.62102576,0.14990173
0.76150094,0.06150004,0.61312189,0.40529231,0.94340727,0.29297445,0.14587195,0.53054809,0.06853457,0.38851938
0.29904909,0.79613903,0.36426612,0.19839511,0.36195625,0.70220569,0.98193923,0.80403165,0.16527939,0.45156949
0.29984453,0.64751797,0.13458681,0.73327462,0.91134219,0.80520656,0.16720602,0.25985406,0.50116942,0.42164379
0.76590765,0.14050587,0.86592191,0.78818822,0.27864808,0.47615156,0.16439646,0.45655802,0.16804187,0.33312663
0.71929348,0.51699705,0.44381951,0.99391021,0.49424239,0.64888003,0.16134931,0.41833874,0.15900022,0.10136353
0.66048220,0.12898068,0.22924014,0.70275688,0.54798411,0.76291239,0.01732937,0.41992014,0.45068360,0.16751045
0.29341489,0.48941492,0.00790940,0.38773039,0.92438188,0.71744222,0.16597636,0.62838849,0.96291413,0.25627817
0.24333764,0.88693999,0.98891895,0.27575020,0.11178262,0.09445655,0.54378977,0.56772482,0.29128929,0.68000212
0.58307161,0.12166711,0.50506694,0.38440420,0.98879692,0.02625353,0.26762119,0.96450634,0.41326862,0.37736439
0.54266269,0.72414851,0.45641521,0.46658946,0.26150359,0.23531021,0.13030269,0.51689085,0.41540549,0.76663522
0.57015840,0.76733873,0.51932616,0.59657573,0.43781026,0.88668549,0.92123637,0.92967218,0.92791991,0.93328240
0.44207025,0.74737227,0.84228196,0.29838732,0.08388326,0.37204816,0.41677001,0.17676758,0.87765994,0.96727638
0.42238029,0.11280666,0.01810802,0.40617110,0.95129608,0.46296625,0.03325887,0.51865971,0.39323073,0.39165932
0.23562091,0.92496147,0.01192971,0.93059022,0.17707122,0.57637636,0.83451088,0.18258303,0.67502486,0.04570209
0.26386621,0.69073558,0.76233997,0.17412850,0.64873002,0.25462136,0.85798750,0.40164838,0.00188500,0.53699483
0.83762213,0.10569755,0.45092741,0.72994016,0.82880358,0.04713208,0.33416957,0.29682960,0.31968014,0.21638020
0.76535263,0.21373020,0.17438197,0.63989194,0.36103541,0.93867837,0.05138730,0.84604337,0.83405042,0.58360869
0.44910472,0.21437229,0.28836550,0.53767797,0.16014206,0.78744124,0.94612683,0.82448351,0.54102948,0.88462356
0.78874901,0.00356330,0.35392244,0.70050294,0.07986796,0.47420571,0.60832101,0.75588155,0.80727782,0.26563038
0.51172150,0.27782136,0.38534743,0.10757296,0.34634843,0.34104146,0.43595908,0.31781590,0.29527977,0.02864966
0.40439320,0.07173743,0.96636213,0.70277448,0.83541241,0.22348180,0.09313145,0.73519665,0.11687455,0.44705857
0.81798068,0.70905178,0.39409771,0.83977253,0.05522474,0.27343225,0.44249273,0.25295884,0.27657965,0.46485658
0.24022795,0.51411250,0.20839067,0.75768062,0.21470700,0.20170445,0.94411928,0.29080920,0.85032854,0.28112682
0.50490340,0.09646188,0.88670286,0.99873692,0.78756669,0.98309030,0.32739569,0.92233033,0.71976653,0.47604471
0.06039909,0.25077558,0.63279850,0.55514248,0.50515915,0.72321689,0.32823312,0.28626245,0.68847371,0.90192495
0.13224174,0.14019607,0.14320057,0.38714954,0.73432898,0.02691248,0.43115638,0.37223034,0.60111286,0.28162629
0.52125403,0.62841978,0.69070624,0.52453982,0.20125984,0.07349756,0.43743065,0.04538909,0.88839664,0.48579178
0.68778635,0.93326103,0.81040690,0.36661526,0.72852350,0.05574282,0.89868979,0.28547160,0.82420918,0.09244473
0.12229987,0.08893696,0.90822402,0.23607230,0.73339869,0.24717810,0.23680353,0.57726405,0.11310940,0.51240125
0.72503257,0.38598719,0.15349332,0.32021635,0.39916243,0.02853865,0.63851780,0.22275437,0.80322234,0.62343953
0.94109598,0.47478833,0.30101702,0.82793134,0.20627666,0.23210368,0.84855578,0.59179058,0.97627313,0.65080880
0.06940263,0.80216667,0.69565586,0.24388731,0.60834935,0.17191163,0.75846769,0.61475424,0.19178316,0.62292659
0.89261070,0.42854949,0.61848588,0.20607817,0.37721237,0.09734619,0.71861240,0.02061899,0.11186475,0.01461843
0.53146722,0.01681076,0.52431488,0.69778486,0.05975052,0.46700570,0.61279220,0.00831241,0.45127604,0.84738420
0.59372801,0.78243070,0.26685092,0.54248658,0.58932184,0.44752526,0.78891999,0.49590507,0.82821897,0.08079807
0.81914764,0.30156205,0.88983031,0.92626663,0.10983112,0.36379272,0.36639463,0.51325583,0.22205897,0.29742857
0.77689201,0.27028827,0.82924971,0.13980107,0.57386589,0.20140349,0.72177423,0.39028706,0.55037785,0.42360211
0.49848048,0.62058531,0.22920862,0.90742933,0.82460559,0.07159477,0.87537466,0.99436609,0.59567186,0.19394977
0.56980938,0.44507531,0.41208977,0.82449655,0.52138534,0.58848168,0.10912670,0.89095481,0.75528825,0.37606897
0.09166508,0.88720337,0.69952459,0.63830512,0.24594335,0.05825615,0.74453751,0.52721010,0.35091936,0.02164537
0.22011884,0.31132339,0.71674857,0.25648860,0.90652688,0.11887187,0.31629691,0.16025399,0.76901426,0.04617398
0.85352955,0.04651338,0.20027468,0.00107640,0.70720045,0.00719206,0.19307517,0.12963054,0.81838106,0.85440936
0.96398698,0.93285221,0.00312943,0.81321779,0.54280740,0.17050753,0.21383453,0.43839658,0.10603127,0.78305970
0.49141550,0.29313290,0.33520156,0.64135389,0.13495109,0.54755915,0.51176094,0.35382245,0.18377017,0.53658330
0.13174607,0.53831862,0.80765699,0.08333591,0.30520277,0.18220085,0.64634901,0.99830367,0.94988200,0.78761395
0.46700562,0.67727000,0.09557763,0.10443560,0.49668278,0.61133902,0.61780176,0.05158524,0.02203009,0.38802838
0.86696301,0.05165852,0.84914989,0.87040823,0.26717154,0.59041912,0.36678955,0.26484586,0.85320723,0.00198300
0.19274668,0.63125383,0.54736345,0.38909094,0.63496393,0.77806380,0.27461073,0.59677173,0.30769031,0.34317947
0.64098496,0.40492480,0.57152549,0.95481380,0.23685332,0.37388787,0.22347117,0.17477231,0.85862983,0.90608290
0.91445517,0.63226130,0.14542593,0.58369105,0.70915268,0.41268763,0.63309850,0.05423926,0.55818803,0.20083391
0.58046456,0.21753803,0.98472865,0.69020162,0.92438383,0.80480212,0.16907942,0.45713878,0.66358581,0.63106138
0.94761006,0.11130613,0.16784410,0.27785890,0.92079472,0.54087245,0.82483607,0.12562898,0.96936634,0.79219174
0.52217864,0.64509993,0.80647896,0.48896607,0.02601500,0.22319096,0.86961733,0.65330004,0.97552878,0.11917844
0.59652450,0.24881183,0.33374342,0.85251145,0.32079499,0.62657114,0.49017778,0.85168439,0.56340552,0.61473748
0.13950437,0.77896297,0.55284578,0.60779740,0.49318021,0.35090840,0.42343764,0.14298126,0.60716477,0.28924666
0.64557711,0.70357418,0.89998766,0.93810538,0.17738206,0.76346859,0.86564445,0.94866197,0.20958296,0.35721877
0.47724704,0.88884085,0.54024139,0.55628159,0.46275538,0.29587258,0.15360968,0.24857952,0.39474586,0.66301605
0.48557255,0.69922079,0.69739064,0.93066454,0.74457504,0.07044179,0.37133228,0.85826622,0.50359093,0.79796972
0.28059715,0.53882907,0.55088771,0.03228205,0.62358695,0.67357594,0.17431682,0.89925897,0.57091899,0.54969729
0.43996639,0.68617281,0.44526531,0.75015356,0.22000061,0.96025666,0.02014264,0.80712724,0.38317931,0.18043169
0.96184905,0.65570029,0.05227030,0.37766484,0.10996290,0.92545313,0.10976808,0.87649570,0.87175194,0.71995439
0.75245004,0.26918125,0.02624520,0.63961821,0.22747301,0.50092689,0.24853574,0.98639304,0.09823450,0.15556225
0.90456769,0.22926031,0.11409746,0.32912848,0.85322453,0.62292990,0.83581468,0.51602962,0.78553874,0.86846821
0.18736384,0.58742818,0.09754543,0.16182121,0.36719923,0.05859439,0.08339879,0.03628604,0.57933226,0.02279509
0.70706096,0.83180869,0.56355630,0.74244345,0.76249921,0.59914007,0.07169786,0.76539436,0.50221131,0.97267898
0.68255130,0.04420754,0.52403212,0.27178842,0.35247849,0.26685362,0.68210940,0.33006878,0.41880599,0.17297336
0.13029887,0.90420016,0.64145570,0.78026078,0.64123664,0.65585611,0.20488918,0.96095686,0.37397545,0.82290839
0.93850961,0.61032735,0.38035723,0.26823996,0.31825693,0.30568422,0.76674621,0.02264903,0.47902543,0.13346402
0.14646845,0.38395314,0.36173183,0.08484121,0.19851224,0.43767611,0.89554895,0.61098580,0.01203081,0.63242942
0.88471790,0.50140795,0.68051085,0.40539384,0.18883816,0.28206741,0.23960254,0.16606097,0.85809074,0.81223909
0.83198608,0.18644153,0.19513601,0.24296174,0.88356695,0.94996517,0.57827238,0.54568678,0.66255507,0.62600068
0.42209089,0.72602446,0.14050557,0.05791969,0.61872364,0.93451113,0.05457983,0.88822619,0.48466917,0.32531147
0.43005496,0.55721810,0.67203644,0.99470266,0.99960320,0.37474033,0.77166292,0.76972746,0.34202937,0.53481188
0.62393539,0.62801666,0.35623324,0.97537316,0.09494299,0.23741993,0.73564797,0.29319613,0.12427886,0.92147811
0.90459528,0.76162295,0.08237740,0.42885743,0.52846777,0.16226424,0.88088104,0.23638229,0.20250062,0.52637538
0.48356048,0.63615695,0.26283586,0.34071620,0.93201317,0.68348261,0.18645023,0.09920577,0.07820822,0.76848059
0.73495232,0.94786740,0.48279375,0.48076948,0.54780396,0.47521603,0.76252929,0.55218743,0.85682163,0.60602578
0.86105448,0.08492545,0.06947178,0.38846842,0.30278162,0.74558382,0.79339923,0.58658608,0.27088768,0.72148537
0.04329835,0.11816415,0.73191873,0.15298371,0.21305316,0.84389905,0.40373666,0.08523835,0.45923819,0.83526422
0.83431098,0.71881910,0.97299796,0.18648566,0.53149533,0.96780256,0.19003833,0.29570245,0.74698653,0.35516396
0.54549960,0.55553928,0.32007695,0.61581945,0.57733153,0.21502830,0.17413394,0.51360889,0.57798864,0.93672205
0.78673318,0.66799568,0.53371764,0.00236264,0.25282533,0.73444309,0.18301382,0.78652651,0.93890167,0.26034880
0.77218640,0.56955363,0.94508470,0.04319847,0.32397175,0.60769055,0.36532242,0.19076010,0.69406440,0.06374889
0.76463678,0.33288382,0.04927201,0.74303773,0.62226904,0.26775663,0.37079740,0.56046053,0.21747581,0.69930869
0.83183532,0.32429217,0.85291029,0.37551008,0.42542269,0.37389234,0.26345419,0.91870415,0.19068105,0.07700509
0.53612450,0.14383454,0.46535535,0.65967467,0.02631178,0.13797914,0.72762638,0.52024644,0.13258949,0.98236226
0.60391806,0.52105748,0.84666702,0.20049743,0.58037257,0.17341873,0.65124364,0.50746518,0.15995004,0.80309618
0.53691931,0.02558881,0.57438699,0.91774785,0.33608626,0.33067259,0.66001843,0.74824556,0.64218132,0.04072347
0.06618069,0.29237349,0.08539800,0.36606481,0.75683645,0.27145535,0.87879303,0.63834014,0.24276731,0.91483248
0.73881719,0.58930963,0.31880451,0.20628997,0.33096963,0.44686375,0.62503518,0.67683179,0.24349266,0.87101869
0.21259642,0.15623999,0.28635046,0.63792377,0.86070253,0.38385741,0.78663806,0.74849849,0.02664998,0.79953009
0.46516838,0.75870482,0.71200615,0.04752678,0.59101609,0.95123068,0.17518053,0.65858298,0.10411071,0.99271817
0.44855780,0.88615386,0.03264977,0.35754387,0.94394664,0.17598266,0.48001874,0.24749542,0.72285982,0.83772905
0.63740369,0.08304237,0.71739948,0.74510013,0.86610968,0.19579283,0.35172196,0.82651125,0.05776324,0.91849792
0.45188068,0.27701911,0.25803961,0.15405528,0.71076324,0.52852590,0.64150319,0.49768677,0.26747142,0.67126423
0.71759491,0.18562078,0.92188404,0.00840568,0.55559446,0.22448472,0.53496394,0.78248764,0.22318841,0.03785591
0.93355117,0.66600781,0.04613906,0.10679576,0.86288574,0.19585676,0.56482230,0.79748385,0.10983709,0.02714561
0.14459606,0.96066507,0.25573289,0.24316224,0.74872911,0.14411084,0.92091692,0.76993743,0.64293386,0.73095322
0.62162598,0.14159972,0.71911986,0.56137206,0.98889164,0.22098195,0.55693633,0.11723417,0.76645234,0.84017561
0.59385170,0.42413538,0.77403555,0.10773743,0.52207598,0.19959830,0.69261258,0.01058037,0.86969938,0.36139813
0.28883149,0.11933418,0.10111413,0.64358902,0.13704875,0.19296761,0.81749857,0.36942584,0.90216082,0.63346300
0.65690444,0.84607637,0.08809137,0.77666302,0.96748978,0.00942924,0.12509068,0.81138454,0.78272455,0.54603799
0.18250013,0.33809453,0.59135917,0.31060627,0.60289666,0.53729499,0.59359341,0.24152962,0.41890324,0.82109472
0.69450165,0.21191455,0.29077572,0.43407343,0.12209934,0.51025538,0.23683192,0.50943089,0.47266215,0.94053526
0.94446893,0.52379001,0.26705513,0.62589523,0.72269925,0.38403993,0.69643435,0.77611959,0.64355260,0.88869678
0.36862532,0.52462151,0.56409674,0.96635314,0.61486331,0.18540437,0.18541537,0.56199624,0.57371631,0.32430218
0.04137892,0.64662852,0.89309948,0.75554539,0.42916356,0.21211247,0.30512520,0.90037653,0.57263211,0.27097616
0.48359085,0.21098766,0.59095044,0.59902518,0.23452624,0.60762288,0.72188880,0.27000723,0.50388849,0.06456939
0.89785480,0.66427035,0.80543702,0.36916526,0.57832504,0.35356635,0.59600938,0.50414459,0.03099148,0.18109440
0.23694045,0.57163886,0.22559072,0.98632219,0.45146919,0.08711962,0.11041353,0.37021047,0.18801490,0.17466499
0.20626413,0.27989199,0.82531643,0.03764330,0.02612149,0.67279356,0.08373152,0.20525274,0.21017009,0.46922283
0.67586385,0.03033442,0.09242410,0.71918459,0.49436626,0.94359063,0.94050402,0.42852224,0.04190363,0.90344072
0.57392740,0.86205358,0.92391151,0.07031996,0.53207750,0.98538896,0.13798074,0.34927261,0.56633517,0.18582844
0.18038214,0.02190416,0.04403296,0.55253093,0.90302599,0.22309722,0.84778837,0.70559899,0.58003309,0.77985187
0.67570948,0.92936351,0.29967869,0.43163920,0.97430343,0.21934783,0.56597328,0.60505561,0.99315129,0.92860974
0.62099287,0.90982289,0.98543247,0.62771012,0.75820446,0.77870576,0.73941021,0.87702292,0.43605802,0.64301276
0.86018098,0.25493529,0.42832053,0.81990732,0.54251434,0.22330647,0.90126562,0.32015968,0.95909639,0.70148171
0.82928556,0.78861665,0.87335792,0.80201716,0.77554785,0.03399102,0.19422816,0.87908524,0.34533210,0.56780499
0.04170836,0.55960452,0.97258087,0.13309708,0.10746313,0.36816996,0.60828807,0.67140054,0.65600129,0.71730057
0.04986640,0.27558363,0.67401944,0.91941401,0.28443703,0.88652407,0.42332981,0.00421719,0.83936669,0.48737737
0.20818210,0.25720982,0.75352089,0.45933930,0.05881668,0.97367464,0.05172382,0.01547392,0.13839994,0.12981543
0.49622375,0.19126267,0.28710866,0.88750211,0.07331573,0.07724307,0.14889204,0.81991745,0.21029614,0.88674385
0.46305230,0.71567615,0.84709947,0.19823922,0.82100602,0.67157282,0.95117748,0.72827921,0.23658259,0.31074088
0.94752745,0.99856362,0.11492897,0.91094113,0.25550830,0.22612655,0.02919469,0.37329820,0.86261028,0.53866963
0.57335892,0.83554609,0.78375079,0.49581317,0.95156495,0.87734540,0.43378753,0.07293659,0.69891951,0.92270278
0.42688177,0.75254807,0.96036914,0.90595090,0.94541895,0.42021665,0.39502965,0.15200115,0.64063192,0.29039716
0.17819190,0.15171282,0.76476891,0.06788980,0.97253822,0.57111459,0.54363799,0.30007234,0.67633944,0.97965465
0.15939579,0.34880923,0.91006245,0.56584377,0.58895502,0.30429136,0.20563048,0.25553789,0.06888354,0.07741054
0.90709167,0.02352093,0.25875495,0.04942518,0.39824497,0.76675484,0.18304408,0.58041679,0.79601902,0.51653434
0.28236824,0.66145956,0.90246565,0.98315223,0.79596445,0.80608399,0.53634377,0.30727063,0.19454718,0.94683584
0.65711869,0.18240262,0.02393331,0.55315088,0.99642541,0.99720811,0.86326905,0.63625595,0.54478745,0.39591614
0.86538032,0.31503902,0.83800669,0.61579501,0.10333842,0.00229156,0.71883629,0.50933802,0.05522838,0.97931737
0.32412449,0.68841494,0.52561949,0.11085260,0.65758166,0.15771795,0.55859862,0.63167575,0.46332116,0.64272334
0.11380587,0.05583007,0.45735798,0.35568161,0.64680404,0.06540502,0.65103821,0.03973602,0.30148954,0.71352900
0.98498239,0.25800385,0.88934448,0.02910550,0.28402859,0.71368010,0.56821443,0.83130295,0.31008226,0.99125780
0.73287850,0.26241011,0.65131654,0.86039503,0.69588838,0.09277170,0.47436518,0.45642256,0.06254877,0.79926743
0.16628489,0.02996036,0.17824977,0.97879532,0.18259281,0.00905757,0.77926114,0.56988134,0.30462520,0.83532039
0.64983252,0.20860025,0.19083833,0.52958339,0.03499654,0.08123487,0.84331157,0.95341700,0.75539134,0.60673999
0.57450016,0.17452010,0.15131251,0.79245803,0.87167361,0.25112794,0.06698082,0.42275313,0.72532540,0.27187341
0.55938268,0.66166835,0.30382135,0.50290035,0.79319310,0.91253524,0.56841535,0.79282431,0.26482040,0.59748818
0.69299053,0.41003422,0.53530280,0.54210528,0.23957604,0.65089556,0.63626981,0.59131882,0.98345285,0.90359287
0.07806661,0.56597333,0.68018710,0.00997514,0.86897841,0.28272303,0.63505016,0.20067778,0.22521745,0.16698324
0.98189014,0.82309384,0.20260399,0.16538577,0.10272690,0.46842925,0.24527062,0.03608829,0.18752672,0.37629392
0.32221122,0.60032925,0.38980195,0.17223365,0.32424896,0.25002337,0.69176199,0.57417150,0.68290167,0.67107246
0.35608717,0.83539605,0.38623791,0.83783930,0.57393046,0.17216763,0.46098029,0.37101970,0.64976343,0.66823838
0.36804886,0.81860560,0.09428329,0.73608535,0.69293833,0.17607005,0.73912622,0.64636498,0.59224971,0.62129441
0.96641528,0.46217158,0.24099920,0.56578721,0.68742677,0.42319414,0.71439769,0.69138455,0.85733477,0.03486894
0.83080110,0.29186237,0.90365271,0.26404509,0.13178601,0.69920158,0.12542047,0.26407635,0.76101068,0.27400274
0.55565028,0.55289075,0.68265059,0.62765149,0.09422327,0.72302532,0.27972096,0.40672896,0.47737020,0.74385097
0.02258129,0.59271301,0.67829817,0.46979158,0.97632984,0.53138865,0.26874026,0.95193676,0.23306228,0.30863633
0.59453798,0.23048580,0.99971118,0.69631759,0.37896761,0.65253872,0.88622760,0.82474373,0.13498186,0.50987325
0.14121916,0.35627041,0.91652098,0.94810626,0.58380191,0.42894371,0.68196522,0.05037743,0.72044909,0.79106026
0.53649758,0.04678492,0.78159349,0.99933508,0.97498579,0.75497417,0.35025584,0.39268173,0.38029414,0.19255793
0.56009965,0.94640780,0.37874533,0.26704860,0.18454820,0.60310586,0.96521431,0.43072590,0.44872428,0.11976252
0.98953387,0.07521925,0.26333397,0.19776441,0.06425029,0.41377702,0.34233935,0.71435752,0.38244634,0.40063740
0.54335092,0.95055861,0.26782884,0.94114560,0.14625096,0.09145329,0.05001875,0.90072688,0.24596243,0.89355104
0.78173920,0.90625058,0.07719977,0.85472373,0.52239846,0.12841553,0.61730210,0.32960679,0.97441338,0.95738958
0.21342343,0.35636908,0.18149890,0.75101856,0.14175424,0.67910411,0.64002602,0.40252001,0.39835719,0.63426589
0.37680041,0.69856325,0.39186590,0.36368461,0.16734059,0.48562361,0.96396186,0.86164206,0.13866971,0.01449252
0.62156183,0.96734783,0.15081450,0.81641287,0.16565860,0.10531738,0.24439259,0.81739177,0.65133262,0.14765304
0.27863047,0.39059198,0.47722594,0.04771824,0.18392133,0.27877633,0.17220656,0.69310309,0.82570477,0.48056725
0.25001885,0.61251186,0.97653122,0.86523269,0.38707046,0.95116721,0.78137090,0.30792210,0.09942703,0.49845825
0.69116273,0.86821804,0.84563496,0.32676675,0.75154090,0.04523692,0.47674313,0.51116127,0.86336095,0.25088515
0.40832847,0.54609273,0.38509018,0.36877953,0.83159237,0.83037608,0.60699615,0.65754856,0.85489048,0.99098207
0.03902203,0.61173929,0.81346334,0.61659102,0.47430478,0.88180838,0.53152457,0.22207368,0.73303323,0.33979324
0.16076748,0.08271521,0.81271489,0.50166756,0.56764129,0.68307108,0.89016568,0.49773125,0.91037365,0.71188627
0.84055313,0.10175906,0.25138080,0.58110386,0.03712605,0.94545885,0.39615571,0.33211488,0.02837642,0.79642105
0.73099307,0.24130751,0.77028956,0.88039722,0.72698838,0.78332208,0.51442051,0.76489227,0.07543831,0.84548589
0.03898313,0.50931039,0.84000959,0.50704363,0.41241516,0.24068197,0.38464432,0.95879791,0.47605065,0.06889681
0.38771448,0.15141001,0.43696370,0.67354177,0.15332719,0.06079559,0.28053725,0.56216192,0.80654202,0.76970141
0.23896228,0.42304390,0.89144478,0.23318753,0.87135505,0.51498048,0.72005539,0.64504292,0.68461455,0.49856252
0.74160279,0.08071177,0.51311065,0.76517820,0.32575259,0.44616645,0.83273900,0.11588202,0.94426893,0.66657931
0.98265036,0.53581863,0.08517101,0.58824769,0.29417473,0.75915404,0.92096007,0.84841230,0.06839921,0.88015893
0.36672157,0.73111072,0.51538751,0.37104643,0.46398023,0.11894947,0.87012614,0.00430452,0.66575103,0.54228063
0.88107547,0.53291484,0.83226551,0.20180182,0.60159453,0.68389587,0.08878735,0.38674681,0.14973142,0.23212503
0.43907085,0.69828027,0.86579369,0.14657110,0.37512048,0.30079821,0.18756496,0.39753723,0.44421937,0.31106725
0.99498271,0.83310532,0.78584139,0.81000693,0.19879788,0.16359626,0.59662315,0.04267138,0.64145562,0.20573338
0.98627334,0.33595218,0.18306104,0.56356242,0.12780002,0.92209115,0.08811244,0.99314318,0.13902579,0.44059002
0.65116130,0.43586180,0.49615689,0.40135496,0.37370283,0.52080624,0.03324042,0.60912364,0.50120374,0.97774807
0.85612252,0.16046217,0.67377811,0.14501090,0.30269534,0.01856352,0.34834242,0.04867488,0.32592649,0.09476248
0.13856263,0.89711482,0.23820187,0.27831384,0.19846032,0.94206317,0.53947515,0.06833670,0.61401153,0.32414554
0.46041121,0.36540957,0.44116395,0.67605165,0.56401776,0.86796199,0.85573372,0.48122776,0.26648600,0.64308373
0.37036657,0.91565772,0.70003161,0.06676516,0.52748098,0.57759576,0.71850821,0.42198410,0.86032868,0.13312717
0.18700161,0.11773598,0.14169497,0.32942327,0.15219429,0.49901446,0.85590051,0.53095193,0.81278306,0.97369894
0.68739283,0.66242621,0.38498932,0.91353258,0.34527671,0.96201455,0.39968237,0.63952686,0.12481175,0.25047200
0.17837551,0.03183333,0.41161480,0.04340127,0.90245835,0.69656921,0.15392725,0.88751555,0.00005503,0.53335132
0.66412985,0.13390888,0.88475912,0.76605418,0.47832322,0.28442831,0.02236273,0.28278163,0.57796195,0.09200479
0.23765544,0.46972044,0.08021666,0.46288466,0.23916976,0.01128516,0.53352781,0.16795638,0.42593950,0.43842378
0.76460963,0.92376666,0.01291746,0.99224654,0.57080588,0.57307450,0.48509623,0.95361169,0.57661777,0.34482293
0.97595383,0.31997252,0.83494399,0.80674441,0.27753603,0.71369003,0.37987974,0.41377303,0.64292866,0.37651187
0.41141048,0.55076976,0.19433075,0.21833800,0.27454565,0.25395286,0.42906879,0.14012546,0.23334954,0.44412409
0.74413821,0.07088817,0.00454679,0.54111035,0.67700724,0.13405031,0.40680036,0.86363932,0.97164172,0.60282207
0.04166834,0.02880564,0.84173354,0.25609486,0.87568280,0.84201147,0.36402137,0.96256105,0.26569083,0.32695390
0.97178905,0.34148362,0.47641045,0.12448241,0.77888255,0.32607891,0.45389125,0.03170786,0.64810131,0.72749493
0.29291731,0.11945767,0.57727767,0.29381496,0.34558635,0.33575628,0.87775494,0.86403130,0.16744359,0.17957833
0.22596964,0.59346981,0.23427959,0.11733963,0.06505315,0.09730668,0.76688384,0.96730715,0.42404539,0.58459730
0.67372961,0.22833890,0.08376743,0.51975236,0.57254873,0.43754960,0.44746845,0.95622135,0.29483119,0.29537711
0.63482121,0.48538765,0.13700363,0.85788522,0.93586934,0.20823147,0.18229106,0.11152769,0.24606629,0.56996685
0.80878537,0.37751257,0.33726791,0.78343283,0.40540639,0.77366279,0.54581316,0.95894215,0.20764403,0.09173131
0.22021199,0.54722105,0.41514295,0.80862563,0.25244810,0.47835792,0.51334985,0.34613011,0.51523500,0.85204197
0.57323444,0.62727556,0.45837530,0.92953312,0.99629551,0.94553431,0.83370389,0.71460000,0.11756147,0.17628971
0.40750660,0.59408948,0.87132025,0.76202648,0.92073606,0.64508758,0.19334169,0.32789752,0.63419417,0.99055173
0.35109893,0.65583917,0.08851543,0.68340191,0.25516720,0.67325550,0.24242551,0.32964624,0.07015422,0.18020501
0.47808830,0.50235067,0.22382789,0.28082110,0.45543104,0.51288062,0.58035622,0.66560949,0.40315355,0.45711061
0.92532509,0.73683964,0.70256427,0.54655548,0.87908724,0.39899546,0.05963775,0.42422211,0.66730078,0.36457280
0.88510051,0.00613596,0.17167321,0.18510169,0.41518002,0.24221717,0.49846949,0.43304297,0.73166636,0.31284432
0.99042282,0.70185780,0.34425211,0.88154038,0.04049949,0.56891669,0.49126614,0.21015966,0.39244797,0.83277115
0.60784925,0.53048806,0.14450912,0.63025528,0.30338954,0.47055958,0.02597274,0.92913034,0.31563281,0.54304763
0.42006014,0.67577622,0.64477685,0.65560993,0.73917068,0.04166858,0.80183238,0.94602795,0.22670389,0.99699682
0.60445028,0.75846981,0.78991513,0.87629920,0.89201405,0.37951769,0.78212102,0.96319553,0.58426006,0.44375440
0.42156879,0.98672385,0.25448312,0.88935279,0.57915658,0.76516591,0.43012212,0.11673441,0.77487029,0.73559710
0.23176881,0.88062113,0.79765497,0.44327163,0.87020338,0.12603971,0.98628064,0.75224627,0.78756376,0.86283052
0.14802097,0.10504512,0.21624574,0.07942889,0.17068548,0.49258609,0.95747078,0.00375250,0.35846545,0.90858770
0.65901578,0.04118754,0.27011148,0.74584849,0.42305712,0.86235246,0.86469127,0.17857173,0.18561836,0.13865655
0.22859084,0.45738590,0.56112792,0.32174134,0.60538807,0.31740378,0.14052482,0.59862997,0.90422472,0.03274907
0.46239106,0.81298101,0.07548738,0.07574347,0.88130618,0.47124534,0.02621212,0.42025204,0.75489842,0.19529824
0.77235400,0.36004807,0.46078179,0.74893726,0.61898505,0.92749493,0.39283510,0.39522348,0.26306649,0.81033056
0.61046312,0.70593625,0.98707854,0.20975018,0.47470474,0.72485629,0.43460327,0.34823401,0.73430142,0.47928832
0.61648640,0.19372566,0.63136353,0.39876949,0.05912110,0.32740271,0.87143176,0.00896138,0.53865688,0.28618577
0.34044676,0.22884187,0.02375172,0.78959696,0.24117669,0.14008295,0.91919331,0.70685843,0.53249744,0.73380121
0.86926085,0.12595942,0.40474278,0.32883875,0.96050127,0.03976798,0.24606665,0.45269870,0.80871941,0.18817364
0.75232152,0.00672169,0.71311531,0.78848013,0.94449909,0.94559014,0.03764974,0.59878606,0.86166221,0.70725385
0.01306614,0.82124963,0.98780793,0.59861281,0.62073853,0.63850286,0.73421701,0.10573963,0.23118034,0.93913279
0.08882658,0.52282571,0.09372169,0.98027518,0.20686777,0.52184445,0.70290843,0.07599658,0.95584551,0.73799827
0.27000273,0.20703712,0.52488056,0.13773503,0.61689861,0.33375601,0.24837937,0.33831750,0.65672247,0.16466158
0.34004311,0.83819376,0.26778144,0.13917936,0.80894329,0.27708012,0.20680991,0.54011171,0.71042071,0.26498416
0.90130779,0.68087871,0.76595637,0.90503155,0.88261131,0.43475735,0.88046637,0.51331891,0.58162079,0.44412348
0.93453410,0.39725723,0.91393063,0.41089119,0.63138339,0.67116038,0.15550879,0.31224654,0.03399849,0.80714146
0.78846951,0.10533839,0.91579880,0.89912985,0.04773367,0.02714347,0.70633245,0.78196757,0.98451646,0.98095455
0.16626909,0.99950618,0.31446432,0.44685523,0.80146239,0.46325724,0.54245938,0.14484454,0.32475369,0.51054323
0.52676427,0.93463379,0.49505605,0.93909674,0.21506286,0.21497925,0.53100775,0.52449668,0.04552082,0.96409293
0.82250805,0.68660745,0.71721560,0.96115763,0.55477280,0.40899941,0.43934350,0.42775625,0.34554587,0.88789612
0.18667091,0.58770640,0.09292249,0.99482252,0.82328209,0.08858214,0.61325897,0.14690211,0.19937363,0.02614555
0.55477072,0.61918171,0.18831827,0.26796531,0.39577410,0.48411328,0.16988169,0.27705063,0.91735987,0.46693728
0.82983819,0.72540021,0.46223838,0.74668511,0.70698057,0.15285658,0.49291358,0.39176866,0.30188015,0.12766954
0.81333042,0.08172496,0.63180507,0.23896326,0.61121465,0.33531126,0.46249964,0.84482583,0.17928116,0.40236644
0.50763316,0.75253669,0.54883611,0.67300333,0.46544990,0.18705269,0.74878745,0.51707962,0.86418098,0.98643685
0.35831548,0.33186236,0.21818535,0.55712726,0.53813176,0.36684925,0.72828943,0.67088034,0.78671347,0.26529136
0.54604245,0.31305523,0.84670139,0.45767371,0.35830886,0.56544804,0.91663508,0.65670613,0.03215566,0.34378442
0.28557004,0.07953866,0.97916368,0.67652427,0.72096360,0.13883349,0.41014222,0.00598703,0.35771576,0.43758297
0.63285445,0.46588778,0.68233892,0.10768225,0.27258243,0.57261112,0.99855450,0.99203829,0.67679756,0.42082430
0.96223596,0.98989574,0.43542591,0.91698262,0.59770178,0.01810769,0.39847487,0.81135753,0.40453075,0.72914981
0.06880959,0.40959079,0.64206004,0.51981283,0.26276444,0.88611207,0.83271958,0.60327864,0.53303182,0.86817736
0.67901698,0.32575971,0.30861974,0.49032678,0.95626335,0.24883399,0.60990763,0.70495543,0.60365420,0.62711642
0.03427261,0.00891995,0.08989432,0.99772715,0.99115241,0.02830623,0.49392508,0.93614219,0.57251614,0.82983376
0.53490723,0.21034879,0.60339411,0.90986504,0.46109265,0.62242252,0.04425808,0.47199397,0.35444648,0.80424883
0.93534240,0.09376867,0.77392675,0.19945669,0.47296426,0.91842167,0.09152317,0.34636598,0.19529072,0.53356039
0.69119957,0.80784813,0.49633243,0.27428599,0.38367023,0.96825103,0.47523635,0.45555704,0.53089686,0.12366453
0.66905102,0.58512194,0.97892376,0.79246617,0.21745844,0.71304042,0.38022365,0.76287213,0.04845634,0.83779655
0.05921305,0.14159266,0.04785901,0.65165138,0.52138389,0.55499722,0.09096775,0.14498579,0.77962488,0.80210942
0.26557126,0.01598189,0.42405300,0.24698962,0.44934884,0.92958639,0.22164657,0.55599412,0.53262330,0.73401437
0.79796797,0.87485074,0.43508932,0.33554881,0.42162433,0.40329875,0.76581949,0.08213269,0.89688760,0.24572118
0.50585908,0.23759453,0.18094702,0.87595000,0.84379103,0.18796759,0.76379943,0.66467230,0.24185695,0.94715526
0.50182573,0.58479359,0.99319869,0.05010737,0.24599335,0.19752040,0.48774607,0.06633526,0.83657151,0.04234810
0.48918603,0.26374160,0.76429703,0.21627349,0.70547866,0.25056471,0.43255705,0.19984518,0.06820016,0.19975202
0.00555163,0.08910984,0.15488241,0.90632431,0.97803887,0.62015262,0.14884845,0.07218042,0.03061527,0.13494805
0.11634556,0.96534628,0.98516297,0.17330789,0.06253014,0.27007974,0.87865837,0.72667331,0.76815440,0.17700392
0.09521681,0.96543630,0.73248785,0.38149774,0.25446339,0.19213045,0.05841090,0.58966430,0.99944413,0.91165047
0.65238244,0.28376592,0.01839653,0.36198880,0.24943819,0.39876412,0.91693974,0.96823216,0.86331450,0.37184400
0.46205753,0.56370985,0.41423880,0.46666490,0.01967530,0.26801968,0.84318395,0.18076773,0.95910164,0.37288296
0.71839873,0.05897724,0.05377244,0.95129039,0.45496920,0.48444208,0.01136699,0.45462666,0.31948507,0.20395066
0.43183687,0.95532369,0.83841448,0.89264255,0.45369982,0.04311307,0.89402250,0.67708820,0.27359867,0.36780888
0.00505648,0.64508839,0.99553565,0.79342509,0.13765088,0.41079467,0.41324413,0.28629337,0.46923936,0.69822960
0.65623826,0.42859066,0.98278791,0.95383841,0.66100997,0.66164728,0.22359789,0.06404758,0.76321032,0.41218782
0.04476789,0.68004775,0.66279811,0.44448996,0.03127017,0.62502741,0.86206154,0.66464617,0.66802369,0.67230445
0.76409693,0.85434377,0.87513014,0.80091805,0.54126714,0.82509824,0.37218254,0.98654183,0.10924041,0.80570405
0.45220608,0.59311628,0.65612626,0.25946557,0.79961909,0.62809756,0.49070366,0.41057472,0.49130979,0.45816528
0.31242504,0.79611492,0.32599173,0.07550768,0.13909036,0.50496784,0.46763583,0.37805610,0.31754697,0.26990894
0.30992801,0.95592541,0.04631832,0.32803581,0.49474158,0.98825974,0.99489954,0.47595566,0.72191055,0.24565893
0.04550641,0.36929697,0.13976061,0.78989288,0.91860987,0.83546619,0.25864909,0.19527283,0.69971637,0.41078417
0.90894601,0.95248079,0.42650519,0.27785908,0.85102329,0.20833163,0.37908829,0.69938523,0.42620163,0.42267499
0.74621019,0.55779175,0.75478393,0.79641586,0.86271757,0.95064154,0.03255684,0.30109890,0.22552373,0.28731771
0.19297137,0.82300437,0.48395693,0.88267808,0.86013570,0.98742343,0.99382218,0.35853683,0.90967077,0.92065487
0.20523824,0.37959177,0.07807496,0.89820381,0.45692930,0.41540507,0.80504795,0.68668391,0.67042505,0.30552650
0.41291596,0.30686786,0.51559307,0.90732579,0.43498881,0.71157092,0.24124958,0.23089747,0.82120958,0.45830494
0.71092578,0.12595795,0.52705040,0.75572669,0.58002339,0.30636620,0.65060320,0.06251274,0.41328795,0.42927762
0.33428922,0.23788219,0.52308612,0.27680363,0.75151364,0.97005942,0.28994963,0.84605437,0.36081431,0.30422371
0.77911678,0.43301848,0.43254518,0.96668118,0.17316804,0.30332962,0.16793188,0.79162175,0.72766858,0.59554842
0.91112444,0.51894945,0.49845478,0.77779629,0.79647174,0.02899349,0.86088716,0.27223570,0.62525868,0.64968901
0.38705687,0.34350173,0.15353563,0.77346906,0.73185795,0.89775570,0.84441940,0.70802388,0.80929963,0.51230277
0.44989212,0.96463596,0.72461525,0.03296289,0.02444974,0.40033185,0.52657325,0.38837181,0.39141531,0.23015451
0.71090307,0.41055922,0.58150251,0.50296214,0.48269178,0.33443810,0.95168309,0.87929754,0.41282489,0.39755291
0.78659141,0.31807884,0.57433883,0.03778455,0.44156484,0.92588754,0.51190949,0.58784716,0.90235669,0.31552541
0.15516934,0.39723340,0.07099347,0.32434013,0.38970317,0.26415879,0.55671872,0.44290487,0.77504737,0.23811992
0.00689348,0.34597153,0.06353479,0.53588051,0.94789724,0.18930809,0.79597301,0.53793977,0.35509584,0.98589102
0.10525417,0.94005654,0.61752963,0.81519233,0.94025174,0.08538182,0.50013673,0.94385896,0.44434695,0.34884530
0.05658908,0.87818433,0.06270763,0.79669080,0.94871664,0.78406475,0.94046247,0.79429022,0.96603544,0.97633532
0.61080575,0.13493316,0.80675671,0.36561450,0.63328499,0.08132479,0.35993311,0.86963150,0.45069541,0.01106607
0.20108654,0.79446399,0.16799617,0.06467583,0.07533194,0.59741917,0.60632860,0.69966135,0.25461287,0.96844806
0.79927852,0.27353224,0.57616554,0.42931706,0.59916597,0.74262788,0.05099892,0.77726614,0.00497873,0.57443404
0.60067011,0.44136339,0.26525507,0.04071013,0.11716186,0.01354217,0.97294122,0.98277042,0.24922582,0.66217283
0.59224033,0.14408789,0.24186752,0.60367972,0.39354338,0.44038209,0.58413296,0.37786389,0.87097307,0.90043053
0.13114457,0.39443868,0.10476839,0.61673287,0.69150623,0.21411547,0.00657818,0.89979829,0.63775891,0.69958178
0.46685034,0.70372665,0.96356402,0.05272304,0.65561014,0.85711554,0.27911605,0.23309678,0.44589008,0.55843204
0.75559165,0.94588291,0.01820042,0.45208476,0.64517298,0.76819203,0.05647734,0.61174444,0.38799350,0.86539582
0.92137016,0.34437852,0.16861308,0.13066116,0.93662404,0.19788996,0.74889907,0.31009646,0.79173590,0.86363338
0.73363118,0.06461723,0.40619549,0.28882046,0.97536296,0.68602709,0.50926936,0.22087455,0.55364832,0.46354648
0.96451110,0.25155467,0.19037301,0.66576583,0.17557405,0.86179193,0.14801532,0.59978674,0.12633382,0.79219872
0.12976202,0.23241513,0.86467284,0.55016537,0.72112492,0.61574552,0.69483497,0.73674685,0.65651337,0.84833551
0.21893856,0.12036488,0.13424652,0.54978173,0.42567591,0.07945883,0.30631103,0.16574617,0.70568952,0.17632304
0.92759885,0.58514134,0.82210772,0.65005056,0.54414700,0.55762780,0.26071772,0.69002785,0.89188540,0.00764545
0.90813484,0.68074978,0.64312327,0.82153398,0.62218818,0.79569975,0.54763647,0.25066953,0.42097536,0.44509547
0.06086681,0.10679572,0.64458636,0.29179873,0.37593447,0.96245024,0.37188278,0.85573868,0.70891255,0.09557344
0.33197905,0.03770782,0.40206398,0.62210240,0.86054419,0.03249845,0.77784504,0.47777139,0.58302262,0.88100623
0.93404691,0.21476228,0.43856159,0.64122670,0.85928131,0.51860823,0.53745885,0.20709323,0.77758988,0.03300856
0.92730052,0.32376263,0.06865146,0.71892666,0.49135114,0.26144911,0.33486256,0.79295227,0.46693767,0.29526234
0.17892880,0.70618701,0.79882256,0.35410903,0.61658343,0.37434648,0.04252571,0.40026220,0.26775515,0.16859027
0.11715005,0.24928397,0.42643140,0.26594739,0.24633438,0.57999387,0.18203134,0.69898337,0.56892822,0.91633512
0.67359301,0.67542819,0.33473299,0.46530093,0.47305470,0.46958080,0.19987524,0.31682318,0.19837458,0.47265392
0.10772404,0.36356060,0.12806507,0.70583288,0.55593890,0.98164963,0.05414703,0.55492102,0.31730999,0.66062947
0.70488892,0.38426034,0.05133290,0.87706911,0.42938047,0.94818521,0.90456456,0.36080042,0.91979276,0.73921798
0.68342657,0.09616278,0.53445232,0.91884124,0.25209645,0.33859718,0.18725035,0.28745482,0.02013654,0.31432360
0.88042669,0.94523183,0.75001311,0.45876802,0.16031335,0.61686381,0.78337377,0.06145165,0.13876251,0.70931286
0.72965933,0.31900849,0.97975652,0.66395254,0.07186400,0.72830829,0.80140016,0.92656961,0.79992670,0.52142433
0.65265509,0.71309998,0.60781705,0.36033531,0.11599464,0.01500087,0.14891664,0.51365860,0.28753281,0.20960655
0.73809083,0.66079061,0.64993013,0.92657170,0.89091862,0.90212492,0.18280413,0.86382276,0.20261965,0.63699778
0.40160080,0.33832573,0.75711311,0.28599162,0.87778060,0.91794729,0.43722902,0.20244309,0.59891378,0.74629544
0.31840277,0.21114430,0.72232212,0.64120285,0.13591056,0.51625750,0.72991124,0.16821148,0.85617521,0.73238237
0.49183432,0.27331915,0.12836633,0.69641709,0.95869770,0.80500896,0.85219939,0.96811180,0.99454619,0.21962039
0.60553869,0.97641781,0.94169920,0.90417462,0.02981600,0.20006252,0.43703917,0.59987797,0.71141556,0.45402693
0.11235861,0.61136571,0.71169350,0.19371624,0.66917752,0.89530016,0.72574776,0.32626481,0.50270309,0.59362213
0.17834930,0.34511264,0.39736297,0.42057105,0.55363832,0.08729230,0.54287482,0.99668095,0.10929210,0.41667235
0.71765144,0.33576503,0.57061486,0.63005667,0.43480777,0.77756963,0.76466428,0.46756854,0.29444703,0.17585675
0.63120502,0.03633451,0.18055398,0.03655430,0.58788228,0.06432566,0.66939789,0.84065113,0.56472088,0.93507466
0.87719284,0.63569774,0.14259256,0.47495035,0.84588948,0.12387851,0.77862225,0.79945397,0.11485698,0.15611149
0.11320853,0.22941835,0.90937030,0.97916867,0.22268100,0.92607813,0.57023406,0.75936239,0.29342407,0.10369655
0.65837116,0.02766965,0.48795411,0.62945114,0.10283370,0.60847674,0.61400002,0.28500439,0.69695580,0.69534287
0.02672988,0.41712679,0.34222227,0.27348649,0.23477241,0.27107969,0.68154747,0.17638339,0.53543588,0.62529082
0.32152159,0.71869303,0.77644021,0.09808591,0.03999713,0.96072691,0.64900923,0.44815814,0.60302932,0.19480010
0.58460629,0.20777253,0.97141817,0.74322661,0.47036865,0.70326059,0.35559015,0.98503855,0.06510748,0.99987586
0.09293261,0.17838625,0.31539831,0.72846822,0.80211994,0.81840032,0.54371138,0.98395949,0.89023070,0.85003753
0.25014861,0.64581523,0.07943899,0.35590138,0.87071199,0.32176546,0.55986626,0.57517514,0.92714615,0.94784701
0.13679236,0.65936583,0.92409444,0.70007050,0.96293835,0.61169855,0.94792873,0.55965800,0.40402049,0.97896482
0.50779652,0.11511768,0.77937776,0.68948970,0.66156862,0.09644863,0.38592872,0.90089161,0.15176822,0.01672114
0.30933699,0.03129287,0.95761982,0.85330930,0.26323262,0.97517214,0.98289399,0.20657228,0.03599142,0.98344489
0.44032843,0.35099972,0.39715162,0.11762719,0.41275232,0.61764141,0.02463666,0.33457977,0.70891303,0.34332774
0.90842415,0.42391393,0.22156127,0.81848478,0.38287236,0.79399580,0.95620232,0.49745691,0.13668000,0.58768153
0.70490372,0.01563104,0.92673307,0.43951354,0.25051461,0.23563221,0.84345827,0.25004434,0.42825615,0.03373002
0.88135732,0.53752720,0.35435675,0.63016514,0.02550500,0.84543810,0.99809139,0.34091719,0.67705966,0.07215147
0.87748496,0.32843185,0.17670611,0.97998169,0.74054613,0.43282457,0.38693402,0.44663477,0.89068833,0.49741902
0.33359996,0.27244374,0.51465389,0.64772734,0.99572266,0.29097521,0.75162988,0.43988415,0.08925445,0.09269881
0.69114224,0.03881760,0.60960509,0.99346094,0.00483209,0.27532944,0.94747922,0.51955935,0.39108596,0.76706374
0.32881293,0.51620293,0.25188626,0.18957539,0.12644474,0.00509938,0.52271582,0.98152406,0.43245124,0.04836813
0.54034144,0.37554464,0.65551274,0.82981397,0.28110262,0.37176989,0.79613934,0.23631868,0.64516903,0.02944465
0.82568830,0.32108589,0.29128803,0.44162359,0.09766279,0.56840660,0.11931360,0.27408793,0.35301748,0.80910427
0.12747251,0.04437911,0.40851435,0.83247799,0.14720339,0.75519409,0.25531824,0.97485462,0.26002887,0.49647947
0.55616735,0.16136010,0.50756218,0.82194926,0.20047669,0.39633602,0.60566436,0.66077675,0.07292096,0.59650647
0.95318477,0.79955676,0.93980378,0.99580000,0.29771559,0.97122086,0.02831841,0.24913666,0.45380960,0.14984027
0.24296738,0.37504933,0.04675976,0.01648131,0.06920045,0.97060512,0.17188910,0.97642999,0.85212937,0.48217962
0.82380802,0.36333863,0.53589827,0.46413115,0.26694033,0.26830127,0.85051808,0.15007728,0.44710488,0.28978419
0.73419344,0.05720883,0.43645712,0.35408529,0.55381585,0.85801257,0.14676020,0.90145756,0.98780521,0.05451508
0.76453856,0.95415859,0.94587169,0.23617916,0.08130478,0.79594938,0.60133973,0.89956197,0.19250741,0.04806895
0.85322005,0.63231967,0.85534875,0.04507238,0.19602990,0.72593684,0.72739778,0.52463958,0.17188505,0.55546522
0.79895108,0.57596429,0.34733739,0.26432071,0.96410713,0.11048209,0.75852082,0.22998369,0.19162247,0.94916281
0.27225012,0.50577411,0.47357644,0.44866150,0.38675655,0.75166544,0.54636462,0.70924106,0.12765632,0.11743576
0.97242767,0.65782131,0.85939613,0.48244768,0.56987762,0.19424045,0.89116195,0.60146599,0.55058714,0.24553980
0.58669999,0.92384652,0.29424349,0.25265392,0.05718573,0.82562675,0.06011033,0.42788146,0.72716470,0.55026286
0.53606368,0.86868643,0.42245445,0.85107954,0.43866195,0.45542378,0.64907133,0.09757440,0.06277359,0.23396348
0.78204569,0.88940816,0.14954779,0.54028292,0.35588046,0.07675531,0.06992114,0.41301826,0.12011340,0.27212489
0.04661344,0.09407932,0.35933407,0.38471012,0.27406308,0.83853614,0.77352057,0.58610291,0.98035199,0.02036378
0.29670471,0.23260340,0.10916530,0.12976859,0.93070035,0.40782457,0.77000119,0.99476725,0.92619671,0.89820252
0.22550082,0.97041405,0.60704230,0.96632248,0.45429720,0.38172650,0.75040679,0.97480562,0.06275180,0.91969935
0.74747497,0.98066701,0.88821052,0.64051009,0.01542708,0.56744873,0.87983063,0.91550058,0.59125259,0.42182447
0.45127045,0.94699165,0.12842708,0.35352779,0.62708576,0.79683224,0.93509520,0.36309246,0.49093275,0.90648102
0.55272688,0.76435998,0.64031826,0.58657990,0.77604605,0.85337405,0.28382688,0.04888573,0.31440785,0.14106635
0.06893787,0.39705531,0.13867312,0.29361327,0.28424885,0.97321482,0.74227490,0.71296522,0.59189165,0.00600356
0.78393428,0.47137274,0.62745804,0.07536887,0.03515722,0.03585228,0.83766664,0.59549630,0.69165296,0.62717472
0.16567836,0.36631290,0.85780059,0.88343948,0.10278585,0.67268695,0.82577950,0.71522373,0.55506177,0.61956768
0.13358319,0.30861066,0.78377477,0.92322901,0.78637678,0.03473246,0.63532275,0.32355285,0.25769303,0.78688260
0.11096277,0.19852129,0.09744618,0.64787925,0.04143574,0.55674709,0.57196284,0.47624869,0.44561744,0.54090585
0.84616236,0.60497945,0.84136730,0.87866042,0.39750689,0.88005756,0.43340360,0.93326053,0.56389789,0.92053705
0.62878289,0.07288939,0.24822410,0.77718261,0.56316019,0.28935518,0.34774422,0.32443074,0.12759048,0.04288014
0.18320981,0.58927657,0.27580471,0.24028491,0.85165751,0.06665416,0.70858883,0.04458652,0.57342628,0.36572673
0.14678338,0.26075222,0.51568459,0.50977558,0.55997772,0.34258412,0.09525162,0.95396871,0.19162387,0.26411333
0.29684986,0.49869966,0.82466851,0.41905836,0.28054750,0.17572528,0.24413464,0.53514845,0.42090043,0.30508878
0.77075451,0.74777760,0.57506596,0.56784457,0.70176591,0.91250234,0.37211037,0.62083796,0.15003987,0.94726354
0.33826049,0.40849966,0.79011821,0.25775295,0.79490989,0.62437042,0.65696968,0.00048564,0.52089136,0.26542434
0.74619482,0.41351088,0.61678326,0.67101942,0.61372345,0.58641871,0.75618385,0.94662647,0.43949498,0.57486697
0.20984521,0.52920158,0.52510932,0.09120307,0.83452731,0.28080611,0.17028093,0.95481070,0.78608784,0.40724295
0.05925307,0.37415676,0.02840399,0.63900991,0.70316578,0.41346440,0.91271565,0.77969207,0.42931455,0.06943391
0.82836846,0.31196529,0.08715023,0.05147280,0.90381000,0.91971482,0.70675619,0.30046114,0.74564790,0.47145743
0.02397267,0.87533820,0.30038673,0.89313537,0.28008986,0.42293730,0.96269081,0.20144032,0.37829725,0.38326636
0.51117822,0.05627276,0.24276309,0.81256558,0.47451981,0.44866216,0.06844736,0.88373068,0.68047349,0.45600013
0.11639152,0.00919426,0.80049470,0.09697721,0.41073545,0.84771894,0.23806553,0.38146927,0.52631954,0.35649547
0.58879792,0.74247837,0.40593096,0.19977369,0.42628277,0.47620688,0.64050217,0.86047565,0.50142353,0.97847087
0.47925907,0.05917294,0.07611925,0.38450314,0.90439842,0.74013715,0.74067968,0.13499026,0.44288646,0.42599396
0.01121869,0.23818505,0.40525214,0.94192597,0.18834880,0.25654168,0.92522308,0.77645229,0.97749280,0.34328701
0.72151739,0.03087239,0.49609974,0.40360501,0.30023238,0.56178597,0.44604139,0.38261829,0.99331017,0.09002944
0.13324050,0.41813896,0.52720881,0.83032145,0.81419268,0.77028308,0.39401717,0.15557180,0.46677754,0.76676272
0.62391248,0.07150498,0.64327623,0.81295731,0.40181710,0.06387205,0.95812989,0.51031957,0.69528321,0.77680193
0.38753107,0.93737115,0.59369958,0.32373626,0.47257367,0.49494215,0.17749149,0.38618867,0.93402328,0.74107734
0.46421447,0.35811379,0.81144833,0.84084693,0.20820589,0.17365305,0.02725774,0.86461945,0.33794759,0.10434123
0.13772728,0.68699666,0.57623701,0.85737429,0.70425773,0.86426083,0.62016107,0.18748207,0.40204187,0.99894198
0.90887568,0.35521497,0.31461065,0.24755359,0.64227266,0.49678759,0.07405844,0.78675930,0.15914513,0.24337134
0.74627464,0.01982041,0.06571179,0.52493796,0.42926289,0.01744634,0.34479680,0.55350814,0.60748382,0.66584133
0.31423806,0.96399429,0.44357614,0.23860982,0.82269512,0.37759386,0.88349810,0.30218434,0.17212783,0.89051401
0.30230305,0.36969916,0.37305808,0.88904870,0.67891272,0.52236216,0.11821604,0.46542772,0.52639782,0.18261286
0.63348357,0.33583899,0.95195321,0.63067197,0.63185017,0.45754393,0.95425949,0.52982266,0.23851082,0.00038634
0.08084484,0.04600963,0.50159520,0.20323471,0.11901348,0.53972844,0.54792524,0.16344172,0.28543424,0.61421646
0.57246321,0.17828047,0.08118470,0.20175377,0.26892236,0.25208078,0.40502094,0.26559938,0.79642089,0.37173533
0.83870013,0.52173954,0.53830224,0.01422129,0.47085544,0.62704185,0.78857463,0.43572929,0.69127965,0.82554227
0.34872832,0.03922411,0.23809559,0.11783893,0.53595220,0.30346413,0.92132775,0.27687399,0.51777888,0.06373885
0.70675368,0.58086973,0.18831888,0.47127062,0.44374679,0.64745920,0.45732037,0.25287077,0.63395492,0.16204085
0.82676960,0.04431124,0.24215497,0.73849676,0.28588431,0.82602341,0.97625521,0.97359874,0.65427791,0.12485597
