2026-03-19 12:28:17,966 [pyphi.conf] INFO MainProcess: PyPhi v1.2.0
2026-03-19 12:28:17,967 [pyphi.conf] INFO MainProcess: Loaded configuration from ['/home/juan-manoel/Documents/ucaldas/monitorias/analisis 2026-1/Proyecto-20261/GeoMIP/src/Method2_Dynamic_Programming_Reformulation/pyphi_config.yml']
2026-03-19 12:28:17,967 [pyphi.conf] INFO MainProcess: Current PyPhi configuration:
 { 'ASSUME_CUTS_CANNOT_CREATE_NEW_CONCEPTS': False,
  'CACHE_POTENTIAL_PURVIEWS': True,
  'CACHE_REPERTOIRES': True,
  'CACHE_SIAS': False,
  'CACHING_BACKEND': 'fs',
  'CLEAR_SUBSYSTEM_CACHES_AFTER_COMPUTING_SIA': False,
  'CUT_ONE_APPROXIMATION': False,
  'FS_CACHE_DIRECTORY': '__pyphi_cache__',
  'FS_CACHE_VERBOSITY': 0,
  'LOG_FILE': 'pyphi.log',
  'LOG_FILE_LEVEL': 'INFO',
  'LOG_STDOUT_LEVEL': 'WARNING',
  'MAXIMUM_CACHE_MEMORY_PERCENTAGE': 50,
  'MEASURE': 'EMD',
  'MONGODB_CONFIG': { 'collection_name': 'cache',
                      'database_name': 'pyphi',
                      'host': 'localhost',
                      'port': 27017},
  'NUMBER_OF_CORES': -1,
  'PARALLEL_COMPLEX_EVALUATION': False,
  'PARALLEL_CONCEPT_EVALUATION': False,
  'PARALLEL_CUT_EVALUATION': True,
  'PARTITION_TYPE': 'BI',
  'PICK_SMALLEST_PURVIEW': False,
  'PRECISION': 6,
  'PRINT_FRACTIONS': True,
  'PROGRESS_BARS': True,
  'REDIS_CACHE': False,
  'REDIS_CONFIG': {'db': 0, 'host': 'localhost', 'port': 6379, 'test_db': 1},
  'REPR_VERBOSITY': 2,
  'SINGLE_MICRO_NODES_WITH_SELFLOOPS_HAVE_PHI': False,
  'SYSTEM_CUTS': '3.0_STYLE',
  'USE_SMALL_PHI_DIFFERENCE_FOR_CES_DISTANCE': False,
  'VALIDATE_CONDITIONAL_INDEPENDENCE': True,
  'VALIDATE_SUBSYSTEM_STATES': True,
  'WELCOME_OFF': True}
2026-05-24 14:55:42,985 [pyphi.conf] INFO MainProcess: PyPhi v1.2.0
2026-05-24 14:55:42,985 [pyphi.conf] INFO MainProcess: Loaded configuration from ['C:\\Users\\User\\Documents\\Universidad\\ADA\\proyecto\\analisis-project-20261\\GeoMIP\\src\\Method2_Dynamic_Programming_Reformulation\\pyphi_config.yml']
2026-05-24 14:55:42,985 [pyphi.conf] INFO MainProcess: Current PyPhi configuration:
 { 'ASSUME_CUTS_CANNOT_CREATE_NEW_CONCEPTS': False,
  'CACHE_POTENTIAL_PURVIEWS': True,
  'CACHE_REPERTOIRES': True,
  'CACHE_SIAS': False,
  'CACHING_BACKEND': 'fs',
  'CLEAR_SUBSYSTEM_CACHES_AFTER_COMPUTING_SIA': False,
  'CUT_ONE_APPROXIMATION': False,
  'FS_CACHE_DIRECTORY': '__pyphi_cache__',
  'FS_CACHE_VERBOSITY': 0,
  'LOG_FILE': 'pyphi.log',
  'LOG_FILE_LEVEL': 'INFO',
  'LOG_STDOUT_LEVEL': 'WARNING',
  'MAXIMUM_CACHE_MEMORY_PERCENTAGE': 50,
  'MEASURE': 'EMD',
  'MONGODB_CONFIG': { 'collection_name': 'cache',
                      'database_name': 'pyphi',
                      'host': 'localhost',
                      'port': 27017},
  'NUMBER_OF_CORES': -1,
  'PARALLEL_COMPLEX_EVALUATION': False,
  'PARALLEL_CONCEPT_EVALUATION': False,
  'PARALLEL_CUT_EVALUATION': True,
  'PARTITION_TYPE': 'BI',
  'PICK_SMALLEST_PURVIEW': False,
  'PRECISION': 6,
  'PRINT_FRACTIONS': True,
  'PROGRESS_BARS': True,
  'REDIS_CACHE': False,
  'REDIS_CONFIG': {'db': 0, 'host': 'localhost', 'port': 6379, 'test_db': 1},
  'REPR_VERBOSITY': 2,
  'SINGLE_MICRO_NODES_WITH_SELFLOOPS_HAVE_PHI': False,
  'SYSTEM_CUTS': '3.0_STYLE',
  'USE_SMALL_PHI_DIFFERENCE_FOR_CES_DISTANCE': False,
  'VALIDATE_CONDITIONAL_INDEPENDENCE': True,
  'VALIDATE_SUBSYSTEM_STATES': True,
  'WELCOME_OFF': True}
2026-05-24 14:57:11,594 [pyphi.conf] INFO MainProcess: PyPhi v1.2.0
2026-05-24 14:57:11,594 [pyphi.conf] INFO MainProcess: Loaded configuration from ['C:\\Users\\User\\Documents\\Universidad\\ADA\\proyecto\\analisis-project-20261\\GeoMIP\\src\\Method2_Dynamic_Programming_Reformulation\\pyphi_config.yml']
2026-05-24 14:57:11,594 [pyphi.conf] INFO MainProcess: Current PyPhi configuration:
 { 'ASSUME_CUTS_CANNOT_CREATE_NEW_CONCEPTS': False,
  'CACHE_POTENTIAL_PURVIEWS': True,
  'CACHE_REPERTOIRES': True,
  'CACHE_SIAS': False,
  'CACHING_BACKEND': 'fs',
  'CLEAR_SUBSYSTEM_CACHES_AFTER_COMPUTING_SIA': False,
  'CUT_ONE_APPROXIMATION': False,
  'FS_CACHE_DIRECTORY': '__pyphi_cache__',
  'FS_CACHE_VERBOSITY': 0,
  'LOG_FILE': 'pyphi.log',
  'LOG_FILE_LEVEL': 'INFO',
  'LOG_STDOUT_LEVEL': 'WARNING',
  'MAXIMUM_CACHE_MEMORY_PERCENTAGE': 50,
  'MEASURE': 'EMD',
  'MONGODB_CONFIG': { 'collection_name': 'cache',
                      'database_name': 'pyphi',
                      'host': 'localhost',
                      'port': 27017},
  'NUMBER_OF_CORES': -1,
  'PARALLEL_COMPLEX_EVALUATION': False,
  'PARALLEL_CONCEPT_EVALUATION': False,
  'PARALLEL_CUT_EVALUATION': True,
  'PARTITION_TYPE': 'BI',
  'PICK_SMALLEST_PURVIEW': False,
  'PRECISION': 6,
  'PRINT_FRACTIONS': True,
  'PROGRESS_BARS': True,
  'REDIS_CACHE': False,
  'REDIS_CONFIG': {'db': 0, 'host': 'localhost', 'port': 6379, 'test_db': 1},
  'REPR_VERBOSITY': 2,
  'SINGLE_MICRO_NODES_WITH_SELFLOOPS_HAVE_PHI': False,
  'SYSTEM_CUTS': '3.0_STYLE',
  'USE_SMALL_PHI_DIFFERENCE_FOR_CES_DISTANCE': False,
  'VALIDATE_CONDITIONAL_INDEPENDENCE': True,
  'VALIDATE_SUBSYSTEM_STATES': True,
  'WELCOME_OFF': True}
2026-05-24 14:57:19,336 [pyphi.conf] INFO Process-1: PyPhi v1.2.0
2026-05-24 14:57:19,336 [pyphi.conf] INFO Process-1: Loaded configuration from ['C:\\Users\\User\\Documents\\Universidad\\ADA\\proyecto\\analisis-project-20261\\GeoMIP\\src\\Method2_Dynamic_Programming_Reformulation\\pyphi_config.yml']
2026-05-24 14:57:19,336 [pyphi.conf] INFO Process-1: Current PyPhi configuration:
 { 'ASSUME_CUTS_CANNOT_CREATE_NEW_CONCEPTS': False,
  'CACHE_POTENTIAL_PURVIEWS': True,
  'CACHE_REPERTOIRES': True,
  'CACHE_SIAS': False,
  'CACHING_BACKEND': 'fs',
  'CLEAR_SUBSYSTEM_CACHES_AFTER_COMPUTING_SIA': False,
  'CUT_ONE_APPROXIMATION': False,
  'FS_CACHE_DIRECTORY': '__pyphi_cache__',
  'FS_CACHE_VERBOSITY': 0,
  'LOG_FILE': 'pyphi.log',
  'LOG_FILE_LEVEL': 'INFO',
  'LOG_STDOUT_LEVEL': 'WARNING',
  'MAXIMUM_CACHE_MEMORY_PERCENTAGE': 50,
  'MEASURE': 'EMD',
  'MONGODB_CONFIG': { 'collection_name': 'cache',
                      'database_name': 'pyphi',
                      'host': 'localhost',
                      'port': 27017},
  'NUMBER_OF_CORES': -1,
  'PARALLEL_COMPLEX_EVALUATION': False,
  'PARALLEL_CONCEPT_EVALUATION': False,
  'PARALLEL_CUT_EVALUATION': True,
  'PARTITION_TYPE': 'BI',
  'PICK_SMALLEST_PURVIEW': False,
  'PRECISION': 6,
  'PRINT_FRACTIONS': True,
  'PROGRESS_BARS': True,
  'REDIS_CACHE': False,
  'REDIS_CONFIG': {'db': 0, 'host': 'localhost', 'port': 6379, 'test_db': 1},
  'REPR_VERBOSITY': 2,
  'SINGLE_MICRO_NODES_WITH_SELFLOOPS_HAVE_PHI': False,
  'SYSTEM_CUTS': '3.0_STYLE',
  'USE_SMALL_PHI_DIFFERENCE_FOR_CES_DISTANCE': False,
  'VALIDATE_CONDITIONAL_INDEPENDENCE': True,
  'VALIDATE_SUBSYSTEM_STATES': True,
  'WELCOME_OFF': True}
2026-05-24 15:00:05,420 [pyphi.conf] INFO Process-2: PyPhi v1.2.0
2026-05-24 15:00:05,420 [pyphi.conf] INFO Process-2: Loaded configuration from ['C:\\Users\\User\\Documents\\Universidad\\ADA\\proyecto\\analisis-project-20261\\GeoMIP\\src\\Method2_Dynamic_Programming_Reformulation\\pyphi_config.yml']
2026-05-24 15:00:05,420 [pyphi.conf] INFO Process-2: Current PyPhi configuration:
 { 'ASSUME_CUTS_CANNOT_CREATE_NEW_CONCEPTS': False,
  'CACHE_POTENTIAL_PURVIEWS': True,
  'CACHE_REPERTOIRES': True,
  'CACHE_SIAS': False,
  'CACHING_BACKEND': 'fs',
  'CLEAR_SUBSYSTEM_CACHES_AFTER_COMPUTING_SIA': False,
  'CUT_ONE_APPROXIMATION': False,
  'FS_CACHE_DIRECTORY': '__pyphi_cache__',
  'FS_CACHE_VERBOSITY': 0,
  'LOG_FILE': 'pyphi.log',
  'LOG_FILE_LEVEL': 'INFO',
  'LOG_STDOUT_LEVEL': 'WARNING',
  'MAXIMUM_CACHE_MEMORY_PERCENTAGE': 50,
  'MEASURE': 'EMD',
  'MONGODB_CONFIG': { 'collection_name': 'cache',
                      'database_name': 'pyphi',
                      'host': 'localhost',
                      'port': 27017},
  'NUMBER_OF_CORES': -1,
  'PARALLEL_COMPLEX_EVALUATION': False,
  'PARALLEL_CONCEPT_EVALUATION': False,
  'PARALLEL_CUT_EVALUATION': True,
  'PARTITION_TYPE': 'BI',
  'PICK_SMALLEST_PURVIEW': False,
  'PRECISION': 6,
  'PRINT_FRACTIONS': True,
  'PROGRESS_BARS': True,
  'REDIS_CACHE': False,
  'REDIS_CONFIG': {'db': 0, 'host': 'localhost', 'port': 6379, 'test_db': 1},
  'REPR_VERBOSITY': 2,
  'SINGLE_MICRO_NODES_WITH_SELFLOOPS_HAVE_PHI': False,
  'SYSTEM_CUTS': '3.0_STYLE',
  'USE_SMALL_PHI_DIFFERENCE_FOR_CES_DISTANCE': False,
  'VALIDATE_CONDITIONAL_INDEPENDENCE': True,
  'VALIDATE_SUBSYSTEM_STATES': True,
  'WELCOME_OFF': True}
2026-05-24 15:01:26,043 [pyphi.conf] INFO Process-3: PyPhi v1.2.0
2026-05-24 15:01:26,043 [pyphi.conf] INFO Process-3: Loaded configuration from ['C:\\Users\\User\\Documents\\Universidad\\ADA\\proyecto\\analisis-project-20261\\GeoMIP\\src\\Method2_Dynamic_Programming_Reformulation\\pyphi_config.yml']
2026-05-24 15:01:26,043 [pyphi.conf] INFO Process-3: Current PyPhi configuration:
 { 'ASSUME_CUTS_CANNOT_CREATE_NEW_CONCEPTS': False,
  'CACHE_POTENTIAL_PURVIEWS': True,
  'CACHE_REPERTOIRES': True,
  'CACHE_SIAS': False,
  'CACHING_BACKEND': 'fs',
  'CLEAR_SUBSYSTEM_CACHES_AFTER_COMPUTING_SIA': False,
  'CUT_ONE_APPROXIMATION': False,
  'FS_CACHE_DIRECTORY': '__pyphi_cache__',
  'FS_CACHE_VERBOSITY': 0,
  'LOG_FILE': 'pyphi.log',
  'LOG_FILE_LEVEL': 'INFO',
  'LOG_STDOUT_LEVEL': 'WARNING',
  'MAXIMUM_CACHE_MEMORY_PERCENTAGE': 50,
  'MEASURE': 'EMD',
  'MONGODB_CONFIG': { 'collection_name': 'cache',
                      'database_name': 'pyphi',
                      'host': 'localhost',
                      'port': 27017},
  'NUMBER_OF_CORES': -1,
  'PARALLEL_COMPLEX_EVALUATION': False,
  'PARALLEL_CONCEPT_EVALUATION': False,
  'PARALLEL_CUT_EVALUATION': True,
  'PARTITION_TYPE': 'BI',
  'PICK_SMALLEST_PURVIEW': False,
  'PRECISION': 6,
  'PRINT_FRACTIONS': True,
  'PROGRESS_BARS': True,
  'REDIS_CACHE': False,
  'REDIS_CONFIG': {'db': 0, 'host': 'localhost', 'port': 6379, 'test_db': 1},
  'REPR_VERBOSITY': 2,
  'SINGLE_MICRO_NODES_WITH_SELFLOOPS_HAVE_PHI': False,
  'SYSTEM_CUTS': '3.0_STYLE',
  'USE_SMALL_PHI_DIFFERENCE_FOR_CES_DISTANCE': False,
  'VALIDATE_CONDITIONAL_INDEPENDENCE': True,
  'VALIDATE_SUBSYSTEM_STATES': True,
  'WELCOME_OFF': True}
2026-05-24 15:02:45,262 [pyphi.conf] INFO Process-4: PyPhi v1.2.0
2026-05-24 15:02:45,262 [pyphi.conf] INFO Process-4: Loaded configuration from ['C:\\Users\\User\\Documents\\Universidad\\ADA\\proyecto\\analisis-project-20261\\GeoMIP\\src\\Method2_Dynamic_Programming_Reformulation\\pyphi_config.yml']
2026-05-24 15:02:45,262 [pyphi.conf] INFO Process-4: Current PyPhi configuration:
 { 'ASSUME_CUTS_CANNOT_CREATE_NEW_CONCEPTS': False,
  'CACHE_POTENTIAL_PURVIEWS': True,
  'CACHE_REPERTOIRES': True,
  'CACHE_SIAS': False,
  'CACHING_BACKEND': 'fs',
  'CLEAR_SUBSYSTEM_CACHES_AFTER_COMPUTING_SIA': False,
  'CUT_ONE_APPROXIMATION': False,
  'FS_CACHE_DIRECTORY': '__pyphi_cache__',
  'FS_CACHE_VERBOSITY': 0,
  'LOG_FILE': 'pyphi.log',
  'LOG_FILE_LEVEL': 'INFO',
  'LOG_STDOUT_LEVEL': 'WARNING',
  'MAXIMUM_CACHE_MEMORY_PERCENTAGE': 50,
  'MEASURE': 'EMD',
  'MONGODB_CONFIG': { 'collection_name': 'cache',
                      'database_name': 'pyphi',
                      'host': 'localhost',
                      'port': 27017},
  'NUMBER_OF_CORES': -1,
  'PARALLEL_COMPLEX_EVALUATION': False,
  'PARALLEL_CONCEPT_EVALUATION': False,
  'PARALLEL_CUT_EVALUATION': True,
  'PARTITION_TYPE': 'BI',
  'PICK_SMALLEST_PURVIEW': False,
  'PRECISION': 6,
  'PRINT_FRACTIONS': True,
  'PROGRESS_BARS': True,
  'REDIS_CACHE': False,
  'REDIS_CONFIG': {'db': 0, 'host': 'localhost', 'port': 6379, 'test_db': 1},
  'REPR_VERBOSITY': 2,
  'SINGLE_MICRO_NODES_WITH_SELFLOOPS_HAVE_PHI': False,
  'SYSTEM_CUTS': '3.0_STYLE',
  'USE_SMALL_PHI_DIFFERENCE_FOR_CES_DISTANCE': False,
  'VALIDATE_CONDITIONAL_INDEPENDENCE': True,
  'VALIDATE_SUBSYSTEM_STATES': True,
  'WELCOME_OFF': True}
2026-05-24 15:03:23,341 [pyphi.conf] INFO Process-5: PyPhi v1.2.0
2026-05-24 15:03:23,341 [pyphi.conf] INFO Process-5: Loaded configuration from ['C:\\Users\\User\\Documents\\Universidad\\ADA\\proyecto\\analisis-project-20261\\GeoMIP\\src\\Method2_Dynamic_Programming_Reformulation\\pyphi_config.yml']
2026-05-24 15:03:23,341 [pyphi.conf] INFO Process-5: Current PyPhi configuration:
 { 'ASSUME_CUTS_CANNOT_CREATE_NEW_CONCEPTS': False,
  'CACHE_POTENTIAL_PURVIEWS': True,
  'CACHE_REPERTOIRES': True,
  'CACHE_SIAS': False,
  'CACHING_BACKEND': 'fs',
  'CLEAR_SUBSYSTEM_CACHES_AFTER_COMPUTING_SIA': False,
  'CUT_ONE_APPROXIMATION': False,
  'FS_CACHE_DIRECTORY': '__pyphi_cache__',
  'FS_CACHE_VERBOSITY': 0,
  'LOG_FILE': 'pyphi.log',
  'LOG_FILE_LEVEL': 'INFO',
  'LOG_STDOUT_LEVEL': 'WARNING',
  'MAXIMUM_CACHE_MEMORY_PERCENTAGE': 50,
  'MEASURE': 'EMD',
  'MONGODB_CONFIG': { 'collection_name': 'cache',
                      'database_name': 'pyphi',
                      'host': 'localhost',
                      'port': 27017},
  'NUMBER_OF_CORES': -1,
  'PARALLEL_COMPLEX_EVALUATION': False,
  'PARALLEL_CONCEPT_EVALUATION': False,
  'PARALLEL_CUT_EVALUATION': True,
  'PARTITION_TYPE': 'BI',
  'PICK_SMALLEST_PURVIEW': False,
  'PRECISION': 6,
  'PRINT_FRACTIONS': True,
  'PROGRESS_BARS': True,
  'REDIS_CACHE': False,
  'REDIS_CONFIG': {'db': 0, 'host': 'localhost', 'port': 6379, 'test_db': 1},
  'REPR_VERBOSITY': 2,
  'SINGLE_MICRO_NODES_WITH_SELFLOOPS_HAVE_PHI': False,
  'SYSTEM_CUTS': '3.0_STYLE',
  'USE_SMALL_PHI_DIFFERENCE_FOR_CES_DISTANCE': False,
  'VALIDATE_CONDITIONAL_INDEPENDENCE': True,
  'VALIDATE_SUBSYSTEM_STATES': True,
  'WELCOME_OFF': True}
2026-05-24 15:03:26,749 [pyphi.conf] INFO Process-6: PyPhi v1.2.0
2026-05-24 15:03:26,749 [pyphi.conf] INFO Process-6: Loaded configuration from ['C:\\Users\\User\\Documents\\Universidad\\ADA\\proyecto\\analisis-project-20261\\GeoMIP\\src\\Method2_Dynamic_Programming_Reformulation\\pyphi_config.yml']
2026-05-24 15:03:26,749 [pyphi.conf] INFO Process-6: Current PyPhi configuration:
 { 'ASSUME_CUTS_CANNOT_CREATE_NEW_CONCEPTS': False,
  'CACHE_POTENTIAL_PURVIEWS': True,
  'CACHE_REPERTOIRES': True,
  'CACHE_SIAS': False,
  'CACHING_BACKEND': 'fs',
  'CLEAR_SUBSYSTEM_CACHES_AFTER_COMPUTING_SIA': False,
  'CUT_ONE_APPROXIMATION': False,
  'FS_CACHE_DIRECTORY': '__pyphi_cache__',
  'FS_CACHE_VERBOSITY': 0,
  'LOG_FILE': 'pyphi.log',
  'LOG_FILE_LEVEL': 'INFO',
  'LOG_STDOUT_LEVEL': 'WARNING',
  'MAXIMUM_CACHE_MEMORY_PERCENTAGE': 50,
  'MEASURE': 'EMD',
  'MONGODB_CONFIG': { 'collection_name': 'cache',
                      'database_name': 'pyphi',
                      'host': 'localhost',
                      'port': 27017},
  'NUMBER_OF_CORES': -1,
  'PARALLEL_COMPLEX_EVALUATION': False,
  'PARALLEL_CONCEPT_EVALUATION': False,
  'PARALLEL_CUT_EVALUATION': True,
  'PARTITION_TYPE': 'BI',
  'PICK_SMALLEST_PURVIEW': False,
  'PRECISION': 6,
  'PRINT_FRACTIONS': True,
  'PROGRESS_BARS': True,
  'REDIS_CACHE': False,
  'REDIS_CONFIG': {'db': 0, 'host': 'localhost', 'port': 6379, 'test_db': 1},
  'REPR_VERBOSITY': 2,
  'SINGLE_MICRO_NODES_WITH_SELFLOOPS_HAVE_PHI': False,
  'SYSTEM_CUTS': '3.0_STYLE',
  'USE_SMALL_PHI_DIFFERENCE_FOR_CES_DISTANCE': False,
  'VALIDATE_CONDITIONAL_INDEPENDENCE': True,
  'VALIDATE_SUBSYSTEM_STATES': True,
  'WELCOME_OFF': True}
2026-05-24 15:03:28,805 [pyphi.conf] INFO Process-7: PyPhi v1.2.0
2026-05-24 15:03:28,805 [pyphi.conf] INFO Process-7: Loaded configuration from ['C:\\Users\\User\\Documents\\Universidad\\ADA\\proyecto\\analisis-project-20261\\GeoMIP\\src\\Method2_Dynamic_Programming_Reformulation\\pyphi_config.yml']
2026-05-24 15:03:28,805 [pyphi.conf] INFO Process-7: Current PyPhi configuration:
 { 'ASSUME_CUTS_CANNOT_CREATE_NEW_CONCEPTS': False,
  'CACHE_POTENTIAL_PURVIEWS': True,
  'CACHE_REPERTOIRES': True,
  'CACHE_SIAS': False,
  'CACHING_BACKEND': 'fs',
  'CLEAR_SUBSYSTEM_CACHES_AFTER_COMPUTING_SIA': False,
  'CUT_ONE_APPROXIMATION': False,
  'FS_CACHE_DIRECTORY': '__pyphi_cache__',
  'FS_CACHE_VERBOSITY': 0,
  'LOG_FILE': 'pyphi.log',
  'LOG_FILE_LEVEL': 'INFO',
  'LOG_STDOUT_LEVEL': 'WARNING',
  'MAXIMUM_CACHE_MEMORY_PERCENTAGE': 50,
  'MEASURE': 'EMD',
  'MONGODB_CONFIG': { 'collection_name': 'cache',
                      'database_name': 'pyphi',
                      'host': 'localhost',
                      'port': 27017},
  'NUMBER_OF_CORES': -1,
  'PARALLEL_COMPLEX_EVALUATION': False,
  'PARALLEL_CONCEPT_EVALUATION': False,
  'PARALLEL_CUT_EVALUATION': True,
  'PARTITION_TYPE': 'BI',
  'PICK_SMALLEST_PURVIEW': False,
  'PRECISION': 6,
  'PRINT_FRACTIONS': True,
  'PROGRESS_BARS': True,
  'REDIS_CACHE': False,
  'REDIS_CONFIG': {'db': 0, 'host': 'localhost', 'port': 6379, 'test_db': 1},
  'REPR_VERBOSITY': 2,
  'SINGLE_MICRO_NODES_WITH_SELFLOOPS_HAVE_PHI': False,
  'SYSTEM_CUTS': '3.0_STYLE',
  'USE_SMALL_PHI_DIFFERENCE_FOR_CES_DISTANCE': False,
  'VALIDATE_CONDITIONAL_INDEPENDENCE': True,
  'VALIDATE_SUBSYSTEM_STATES': True,
  'WELCOME_OFF': True}
2026-05-24 15:03:30,912 [pyphi.conf] INFO Process-8: PyPhi v1.2.0
2026-05-24 15:03:30,912 [pyphi.conf] INFO Process-8: Loaded configuration from ['C:\\Users\\User\\Documents\\Universidad\\ADA\\proyecto\\analisis-project-20261\\GeoMIP\\src\\Method2_Dynamic_Programming_Reformulation\\pyphi_config.yml']
2026-05-24 15:03:30,912 [pyphi.conf] INFO Process-8: Current PyPhi configuration:
 { 'ASSUME_CUTS_CANNOT_CREATE_NEW_CONCEPTS': False,
  'CACHE_POTENTIAL_PURVIEWS': True,
  'CACHE_REPERTOIRES': True,
  'CACHE_SIAS': False,
  'CACHING_BACKEND': 'fs',
  'CLEAR_SUBSYSTEM_CACHES_AFTER_COMPUTING_SIA': False,
  'CUT_ONE_APPROXIMATION': False,
  'FS_CACHE_DIRECTORY': '__pyphi_cache__',
  'FS_CACHE_VERBOSITY': 0,
  'LOG_FILE': 'pyphi.log',
  'LOG_FILE_LEVEL': 'INFO',
  'LOG_STDOUT_LEVEL': 'WARNING',
  'MAXIMUM_CACHE_MEMORY_PERCENTAGE': 50,
  'MEASURE': 'EMD',
  'MONGODB_CONFIG': { 'collection_name': 'cache',
                      'database_name': 'pyphi',
                      'host': 'localhost',
                      'port': 27017},
  'NUMBER_OF_CORES': -1,
  'PARALLEL_COMPLEX_EVALUATION': False,
  'PARALLEL_CONCEPT_EVALUATION': False,
  'PARALLEL_CUT_EVALUATION': True,
  'PARTITION_TYPE': 'BI',
  'PICK_SMALLEST_PURVIEW': False,
  'PRECISION': 6,
  'PRINT_FRACTIONS': True,
  'PROGRESS_BARS': True,
  'REDIS_CACHE': False,
  'REDIS_CONFIG': {'db': 0, 'host': 'localhost', 'port': 6379, 'test_db': 1},
  'REPR_VERBOSITY': 2,
  'SINGLE_MICRO_NODES_WITH_SELFLOOPS_HAVE_PHI': False,
  'SYSTEM_CUTS': '3.0_STYLE',
  'USE_SMALL_PHI_DIFFERENCE_FOR_CES_DISTANCE': False,
  'VALIDATE_CONDITIONAL_INDEPENDENCE': True,
  'VALIDATE_SUBSYSTEM_STATES': True,
  'WELCOME_OFF': True}
2026-05-24 15:06:12,059 [pyphi.conf] INFO Process-9: PyPhi v1.2.0
2026-05-24 15:06:12,059 [pyphi.conf] INFO Process-9: Loaded configuration from ['C:\\Users\\User\\Documents\\Universidad\\ADA\\proyecto\\analisis-project-20261\\GeoMIP\\src\\Method2_Dynamic_Programming_Reformulation\\pyphi_config.yml']
2026-05-24 15:06:12,059 [pyphi.conf] INFO Process-9: Current PyPhi configuration:
 { 'ASSUME_CUTS_CANNOT_CREATE_NEW_CONCEPTS': False,
  'CACHE_POTENTIAL_PURVIEWS': True,
  'CACHE_REPERTOIRES': True,
  'CACHE_SIAS': False,
  'CACHING_BACKEND': 'fs',
  'CLEAR_SUBSYSTEM_CACHES_AFTER_COMPUTING_SIA': False,
  'CUT_ONE_APPROXIMATION': False,
  'FS_CACHE_DIRECTORY': '__pyphi_cache__',
  'FS_CACHE_VERBOSITY': 0,
  'LOG_FILE': 'pyphi.log',
  'LOG_FILE_LEVEL': 'INFO',
  'LOG_STDOUT_LEVEL': 'WARNING',
  'MAXIMUM_CACHE_MEMORY_PERCENTAGE': 50,
  'MEASURE': 'EMD',
  'MONGODB_CONFIG': { 'collection_name': 'cache',
                      'database_name': 'pyphi',
                      'host': 'localhost',
                      'port': 27017},
  'NUMBER_OF_CORES': -1,
  'PARALLEL_COMPLEX_EVALUATION': False,
  'PARALLEL_CONCEPT_EVALUATION': False,
  'PARALLEL_CUT_EVALUATION': True,
  'PARTITION_TYPE': 'BI',
  'PICK_SMALLEST_PURVIEW': False,
  'PRECISION': 6,
  'PRINT_FRACTIONS': True,
  'PROGRESS_BARS': True,
  'REDIS_CACHE': False,
  'REDIS_CONFIG': {'db': 0, 'host': 'localhost', 'port': 6379, 'test_db': 1},
  'REPR_VERBOSITY': 2,
  'SINGLE_MICRO_NODES_WITH_SELFLOOPS_HAVE_PHI': False,
  'SYSTEM_CUTS': '3.0_STYLE',
  'USE_SMALL_PHI_DIFFERENCE_FOR_CES_DISTANCE': False,
  'VALIDATE_CONDITIONAL_INDEPENDENCE': True,
  'VALIDATE_SUBSYSTEM_STATES': True,
  'WELCOME_OFF': True}
2026-05-24 15:07:29,039 [pyphi.conf] INFO Process-10: PyPhi v1.2.0
2026-05-24 15:07:29,039 [pyphi.conf] INFO Process-10: Loaded configuration from ['C:\\Users\\User\\Documents\\Universidad\\ADA\\proyecto\\analisis-project-20261\\GeoMIP\\src\\Method2_Dynamic_Programming_Reformulation\\pyphi_config.yml']
2026-05-24 15:07:29,039 [pyphi.conf] INFO Process-10: Current PyPhi configuration:
 { 'ASSUME_CUTS_CANNOT_CREATE_NEW_CONCEPTS': False,
  'CACHE_POTENTIAL_PURVIEWS': True,
  'CACHE_REPERTOIRES': True,
  'CACHE_SIAS': False,
  'CACHING_BACKEND': 'fs',
  'CLEAR_SUBSYSTEM_CACHES_AFTER_COMPUTING_SIA': False,
  'CUT_ONE_APPROXIMATION': False,
  'FS_CACHE_DIRECTORY': '__pyphi_cache__',
  'FS_CACHE_VERBOSITY': 0,
  'LOG_FILE': 'pyphi.log',
  'LOG_FILE_LEVEL': 'INFO',
  'LOG_STDOUT_LEVEL': 'WARNING',
  'MAXIMUM_CACHE_MEMORY_PERCENTAGE': 50,
  'MEASURE': 'EMD',
  'MONGODB_CONFIG': { 'collection_name': 'cache',
                      'database_name': 'pyphi',
                      'host': 'localhost',
                      'port': 27017},
  'NUMBER_OF_CORES': -1,
  'PARALLEL_COMPLEX_EVALUATION': False,
  'PARALLEL_CONCEPT_EVALUATION': False,
  'PARALLEL_CUT_EVALUATION': True,
  'PARTITION_TYPE': 'BI',
  'PICK_SMALLEST_PURVIEW': False,
  'PRECISION': 6,
  'PRINT_FRACTIONS': True,
  'PROGRESS_BARS': True,
  'REDIS_CACHE': False,
  'REDIS_CONFIG': {'db': 0, 'host': 'localhost', 'port': 6379, 'test_db': 1},
  'REPR_VERBOSITY': 2,
  'SINGLE_MICRO_NODES_WITH_SELFLOOPS_HAVE_PHI': False,
  'SYSTEM_CUTS': '3.0_STYLE',
  'USE_SMALL_PHI_DIFFERENCE_FOR_CES_DISTANCE': False,
  'VALIDATE_CONDITIONAL_INDEPENDENCE': True,
  'VALIDATE_SUBSYSTEM_STATES': True,
  'WELCOME_OFF': True}
2026-05-24 15:08:47,090 [pyphi.conf] INFO Process-11: PyPhi v1.2.0
2026-05-24 15:08:47,090 [pyphi.conf] INFO Process-11: Loaded configuration from ['C:\\Users\\User\\Documents\\Universidad\\ADA\\proyecto\\analisis-project-20261\\GeoMIP\\src\\Method2_Dynamic_Programming_Reformulation\\pyphi_config.yml']
2026-05-24 15:08:47,090 [pyphi.conf] INFO Process-11: Current PyPhi configuration:
 { 'ASSUME_CUTS_CANNOT_CREATE_NEW_CONCEPTS': False,
  'CACHE_POTENTIAL_PURVIEWS': True,
  'CACHE_REPERTOIRES': True,
  'CACHE_SIAS': False,
  'CACHING_BACKEND': 'fs',
  'CLEAR_SUBSYSTEM_CACHES_AFTER_COMPUTING_SIA': False,
  'CUT_ONE_APPROXIMATION': False,
  'FS_CACHE_DIRECTORY': '__pyphi_cache__',
  'FS_CACHE_VERBOSITY': 0,
  'LOG_FILE': 'pyphi.log',
  'LOG_FILE_LEVEL': 'INFO',
  'LOG_STDOUT_LEVEL': 'WARNING',
  'MAXIMUM_CACHE_MEMORY_PERCENTAGE': 50,
  'MEASURE': 'EMD',
  'MONGODB_CONFIG': { 'collection_name': 'cache',
                      'database_name': 'pyphi',
                      'host': 'localhost',
                      'port': 27017},
  'NUMBER_OF_CORES': -1,
  'PARALLEL_COMPLEX_EVALUATION': False,
  'PARALLEL_CONCEPT_EVALUATION': False,
  'PARALLEL_CUT_EVALUATION': True,
  'PARTITION_TYPE': 'BI',
  'PICK_SMALLEST_PURVIEW': False,
  'PRECISION': 6,
  'PRINT_FRACTIONS': True,
  'PROGRESS_BARS': True,
  'REDIS_CACHE': False,
  'REDIS_CONFIG': {'db': 0, 'host': 'localhost', 'port': 6379, 'test_db': 1},
  'REPR_VERBOSITY': 2,
  'SINGLE_MICRO_NODES_WITH_SELFLOOPS_HAVE_PHI': False,
  'SYSTEM_CUTS': '3.0_STYLE',
  'USE_SMALL_PHI_DIFFERENCE_FOR_CES_DISTANCE': False,
  'VALIDATE_CONDITIONAL_INDEPENDENCE': True,
  'VALIDATE_SUBSYSTEM_STATES': True,
  'WELCOME_OFF': True}
2026-05-24 15:09:24,914 [pyphi.conf] INFO Process-12: PyPhi v1.2.0
2026-05-24 15:09:24,914 [pyphi.conf] INFO Process-12: Loaded configuration from ['C:\\Users\\User\\Documents\\Universidad\\ADA\\proyecto\\analisis-project-20261\\GeoMIP\\src\\Method2_Dynamic_Programming_Reformulation\\pyphi_config.yml']
2026-05-24 15:09:24,914 [pyphi.conf] INFO Process-12: Current PyPhi configuration:
 { 'ASSUME_CUTS_CANNOT_CREATE_NEW_CONCEPTS': False,
  'CACHE_POTENTIAL_PURVIEWS': True,
  'CACHE_REPERTOIRES': True,
  'CACHE_SIAS': False,
  'CACHING_BACKEND': 'fs',
  'CLEAR_SUBSYSTEM_CACHES_AFTER_COMPUTING_SIA': False,
  'CUT_ONE_APPROXIMATION': False,
  'FS_CACHE_DIRECTORY': '__pyphi_cache__',
  'FS_CACHE_VERBOSITY': 0,
  'LOG_FILE': 'pyphi.log',
  'LOG_FILE_LEVEL': 'INFO',
  'LOG_STDOUT_LEVEL': 'WARNING',
  'MAXIMUM_CACHE_MEMORY_PERCENTAGE': 50,
  'MEASURE': 'EMD',
  'MONGODB_CONFIG': { 'collection_name': 'cache',
                      'database_name': 'pyphi',
                      'host': 'localhost',
                      'port': 27017},
  'NUMBER_OF_CORES': -1,
  'PARALLEL_COMPLEX_EVALUATION': False,
  'PARALLEL_CONCEPT_EVALUATION': False,
  'PARALLEL_CUT_EVALUATION': True,
  'PARTITION_TYPE': 'BI',
  'PICK_SMALLEST_PURVIEW': False,
  'PRECISION': 6,
  'PRINT_FRACTIONS': True,
  'PROGRESS_BARS': True,
  'REDIS_CACHE': False,
  'REDIS_CONFIG': {'db': 0, 'host': 'localhost', 'port': 6379, 'test_db': 1},
  'REPR_VERBOSITY': 2,
  'SINGLE_MICRO_NODES_WITH_SELFLOOPS_HAVE_PHI': False,
  'SYSTEM_CUTS': '3.0_STYLE',
  'USE_SMALL_PHI_DIFFERENCE_FOR_CES_DISTANCE': False,
  'VALIDATE_CONDITIONAL_INDEPENDENCE': True,
  'VALIDATE_SUBSYSTEM_STATES': True,
  'WELCOME_OFF': True}
2026-05-24 15:09:28,313 [pyphi.conf] INFO Process-13: PyPhi v1.2.0
2026-05-24 15:09:28,313 [pyphi.conf] INFO Process-13: Loaded configuration from ['C:\\Users\\User\\Documents\\Universidad\\ADA\\proyecto\\analisis-project-20261\\GeoMIP\\src\\Method2_Dynamic_Programming_Reformulation\\pyphi_config.yml']
2026-05-24 15:09:28,313 [pyphi.conf] INFO Process-13: Current PyPhi configuration:
 { 'ASSUME_CUTS_CANNOT_CREATE_NEW_CONCEPTS': False,
  'CACHE_POTENTIAL_PURVIEWS': True,
  'CACHE_REPERTOIRES': True,
  'CACHE_SIAS': False,
  'CACHING_BACKEND': 'fs',
  'CLEAR_SUBSYSTEM_CACHES_AFTER_COMPUTING_SIA': False,
  'CUT_ONE_APPROXIMATION': False,
  'FS_CACHE_DIRECTORY': '__pyphi_cache__',
  'FS_CACHE_VERBOSITY': 0,
  'LOG_FILE': 'pyphi.log',
  'LOG_FILE_LEVEL': 'INFO',
  'LOG_STDOUT_LEVEL': 'WARNING',
  'MAXIMUM_CACHE_MEMORY_PERCENTAGE': 50,
  'MEASURE': 'EMD',
  'MONGODB_CONFIG': { 'collection_name': 'cache',
                      'database_name': 'pyphi',
                      'host': 'localhost',
                      'port': 27017},
  'NUMBER_OF_CORES': -1,
  'PARALLEL_COMPLEX_EVALUATION': False,
  'PARALLEL_CONCEPT_EVALUATION': False,
  'PARALLEL_CUT_EVALUATION': True,
  'PARTITION_TYPE': 'BI',
  'PICK_SMALLEST_PURVIEW': False,
  'PRECISION': 6,
  'PRINT_FRACTIONS': True,
  'PROGRESS_BARS': True,
  'REDIS_CACHE': False,
  'REDIS_CONFIG': {'db': 0, 'host': 'localhost', 'port': 6379, 'test_db': 1},
  'REPR_VERBOSITY': 2,
  'SINGLE_MICRO_NODES_WITH_SELFLOOPS_HAVE_PHI': False,
  'SYSTEM_CUTS': '3.0_STYLE',
  'USE_SMALL_PHI_DIFFERENCE_FOR_CES_DISTANCE': False,
  'VALIDATE_CONDITIONAL_INDEPENDENCE': True,
  'VALIDATE_SUBSYSTEM_STATES': True,
  'WELCOME_OFF': True}
2026-05-24 15:09:30,489 [pyphi.conf] INFO Process-14: PyPhi v1.2.0
2026-05-24 15:09:30,489 [pyphi.conf] INFO Process-14: Loaded configuration from ['C:\\Users\\User\\Documents\\Universidad\\ADA\\proyecto\\analisis-project-20261\\GeoMIP\\src\\Method2_Dynamic_Programming_Reformulation\\pyphi_config.yml']
2026-05-24 15:09:30,489 [pyphi.conf] INFO Process-14: Current PyPhi configuration:
 { 'ASSUME_CUTS_CANNOT_CREATE_NEW_CONCEPTS': False,
  'CACHE_POTENTIAL_PURVIEWS': True,
  'CACHE_REPERTOIRES': True,
  'CACHE_SIAS': False,
  'CACHING_BACKEND': 'fs',
  'CLEAR_SUBSYSTEM_CACHES_AFTER_COMPUTING_SIA': False,
  'CUT_ONE_APPROXIMATION': False,
  'FS_CACHE_DIRECTORY': '__pyphi_cache__',
  'FS_CACHE_VERBOSITY': 0,
  'LOG_FILE': 'pyphi.log',
  'LOG_FILE_LEVEL': 'INFO',
  'LOG_STDOUT_LEVEL': 'WARNING',
  'MAXIMUM_CACHE_MEMORY_PERCENTAGE': 50,
  'MEASURE': 'EMD',
  'MONGODB_CONFIG': { 'collection_name': 'cache',
                      'database_name': 'pyphi',
                      'host': 'localhost',
                      'port': 27017},
  'NUMBER_OF_CORES': -1,
  'PARALLEL_COMPLEX_EVALUATION': False,
  'PARALLEL_CONCEPT_EVALUATION': False,
  'PARALLEL_CUT_EVALUATION': True,
  'PARTITION_TYPE': 'BI',
  'PICK_SMALLEST_PURVIEW': False,
  'PRECISION': 6,
  'PRINT_FRACTIONS': True,
  'PROGRESS_BARS': True,
  'REDIS_CACHE': False,
  'REDIS_CONFIG': {'db': 0, 'host': 'localhost', 'port': 6379, 'test_db': 1},
  'REPR_VERBOSITY': 2,
  'SINGLE_MICRO_NODES_WITH_SELFLOOPS_HAVE_PHI': False,
  'SYSTEM_CUTS': '3.0_STYLE',
  'USE_SMALL_PHI_DIFFERENCE_FOR_CES_DISTANCE': False,
  'VALIDATE_CONDITIONAL_INDEPENDENCE': True,
  'VALIDATE_SUBSYSTEM_STATES': True,
  'WELCOME_OFF': True}
2026-05-24 15:09:32,595 [pyphi.conf] INFO Process-15: PyPhi v1.2.0
2026-05-24 15:09:32,595 [pyphi.conf] INFO Process-15: Loaded configuration from ['C:\\Users\\User\\Documents\\Universidad\\ADA\\proyecto\\analisis-project-20261\\GeoMIP\\src\\Method2_Dynamic_Programming_Reformulation\\pyphi_config.yml']
2026-05-24 15:09:32,595 [pyphi.conf] INFO Process-15: Current PyPhi configuration:
 { 'ASSUME_CUTS_CANNOT_CREATE_NEW_CONCEPTS': False,
  'CACHE_POTENTIAL_PURVIEWS': True,
  'CACHE_REPERTOIRES': True,
  'CACHE_SIAS': False,
  'CACHING_BACKEND': 'fs',
  'CLEAR_SUBSYSTEM_CACHES_AFTER_COMPUTING_SIA': False,
  'CUT_ONE_APPROXIMATION': False,
  'FS_CACHE_DIRECTORY': '__pyphi_cache__',
  'FS_CACHE_VERBOSITY': 0,
  'LOG_FILE': 'pyphi.log',
  'LOG_FILE_LEVEL': 'INFO',
  'LOG_STDOUT_LEVEL': 'WARNING',
  'MAXIMUM_CACHE_MEMORY_PERCENTAGE': 50,
  'MEASURE': 'EMD',
  'MONGODB_CONFIG': { 'collection_name': 'cache',
                      'database_name': 'pyphi',
                      'host': 'localhost',
                      'port': 27017},
  'NUMBER_OF_CORES': -1,
  'PARALLEL_COMPLEX_EVALUATION': False,
  'PARALLEL_CONCEPT_EVALUATION': False,
  'PARALLEL_CUT_EVALUATION': True,
  'PARTITION_TYPE': 'BI',
  'PICK_SMALLEST_PURVIEW': False,
  'PRECISION': 6,
  'PRINT_FRACTIONS': True,
  'PROGRESS_BARS': True,
  'REDIS_CACHE': False,
  'REDIS_CONFIG': {'db': 0, 'host': 'localhost', 'port': 6379, 'test_db': 1},
  'REPR_VERBOSITY': 2,
  'SINGLE_MICRO_NODES_WITH_SELFLOOPS_HAVE_PHI': False,
  'SYSTEM_CUTS': '3.0_STYLE',
  'USE_SMALL_PHI_DIFFERENCE_FOR_CES_DISTANCE': False,
  'VALIDATE_CONDITIONAL_INDEPENDENCE': True,
  'VALIDATE_SUBSYSTEM_STATES': True,
  'WELCOME_OFF': True}
2026-05-24 15:12:20,601 [pyphi.conf] INFO Process-16: PyPhi v1.2.0
2026-05-24 15:12:20,601 [pyphi.conf] INFO Process-16: Loaded configuration from ['C:\\Users\\User\\Documents\\Universidad\\ADA\\proyecto\\analisis-project-20261\\GeoMIP\\src\\Method2_Dynamic_Programming_Reformulation\\pyphi_config.yml']
2026-05-24 15:12:20,601 [pyphi.conf] INFO Process-16: Current PyPhi configuration:
 { 'ASSUME_CUTS_CANNOT_CREATE_NEW_CONCEPTS': False,
  'CACHE_POTENTIAL_PURVIEWS': True,
  'CACHE_REPERTOIRES': True,
  'CACHE_SIAS': False,
  'CACHING_BACKEND': 'fs',
  'CLEAR_SUBSYSTEM_CACHES_AFTER_COMPUTING_SIA': False,
  'CUT_ONE_APPROXIMATION': False,
  'FS_CACHE_DIRECTORY': '__pyphi_cache__',
  'FS_CACHE_VERBOSITY': 0,
  'LOG_FILE': 'pyphi.log',
  'LOG_FILE_LEVEL': 'INFO',
  'LOG_STDOUT_LEVEL': 'WARNING',
  'MAXIMUM_CACHE_MEMORY_PERCENTAGE': 50,
  'MEASURE': 'EMD',
  'MONGODB_CONFIG': { 'collection_name': 'cache',
                      'database_name': 'pyphi',
                      'host': 'localhost',
                      'port': 27017},
  'NUMBER_OF_CORES': -1,
  'PARALLEL_COMPLEX_EVALUATION': False,
  'PARALLEL_CONCEPT_EVALUATION': False,
  'PARALLEL_CUT_EVALUATION': True,
  'PARTITION_TYPE': 'BI',
  'PICK_SMALLEST_PURVIEW': False,
  'PRECISION': 6,
  'PRINT_FRACTIONS': True,
  'PROGRESS_BARS': True,
  'REDIS_CACHE': False,
  'REDIS_CONFIG': {'db': 0, 'host': 'localhost', 'port': 6379, 'test_db': 1},
  'REPR_VERBOSITY': 2,
  'SINGLE_MICRO_NODES_WITH_SELFLOOPS_HAVE_PHI': False,
  'SYSTEM_CUTS': '3.0_STYLE',
  'USE_SMALL_PHI_DIFFERENCE_FOR_CES_DISTANCE': False,
  'VALIDATE_CONDITIONAL_INDEPENDENCE': True,
  'VALIDATE_SUBSYSTEM_STATES': True,
  'WELCOME_OFF': True}
2026-05-24 15:13:37,107 [pyphi.conf] INFO Process-17: PyPhi v1.2.0
2026-05-24 15:13:37,107 [pyphi.conf] INFO Process-17: Loaded configuration from ['C:\\Users\\User\\Documents\\Universidad\\ADA\\proyecto\\analisis-project-20261\\GeoMIP\\src\\Method2_Dynamic_Programming_Reformulation\\pyphi_config.yml']
2026-05-24 15:13:37,107 [pyphi.conf] INFO Process-17: Current PyPhi configuration:
 { 'ASSUME_CUTS_CANNOT_CREATE_NEW_CONCEPTS': False,
  'CACHE_POTENTIAL_PURVIEWS': True,
  'CACHE_REPERTOIRES': True,
  'CACHE_SIAS': False,
  'CACHING_BACKEND': 'fs',
  'CLEAR_SUBSYSTEM_CACHES_AFTER_COMPUTING_SIA': False,
  'CUT_ONE_APPROXIMATION': False,
  'FS_CACHE_DIRECTORY': '__pyphi_cache__',
  'FS_CACHE_VERBOSITY': 0,
  'LOG_FILE': 'pyphi.log',
  'LOG_FILE_LEVEL': 'INFO',
  'LOG_STDOUT_LEVEL': 'WARNING',
  'MAXIMUM_CACHE_MEMORY_PERCENTAGE': 50,
  'MEASURE': 'EMD',
  'MONGODB_CONFIG': { 'collection_name': 'cache',
                      'database_name': 'pyphi',
                      'host': 'localhost',
                      'port': 27017},
  'NUMBER_OF_CORES': -1,
  'PARALLEL_COMPLEX_EVALUATION': False,
  'PARALLEL_CONCEPT_EVALUATION': False,
  'PARALLEL_CUT_EVALUATION': True,
  'PARTITION_TYPE': 'BI',
  'PICK_SMALLEST_PURVIEW': False,
  'PRECISION': 6,
  'PRINT_FRACTIONS': True,
  'PROGRESS_BARS': True,
  'REDIS_CACHE': False,
  'REDIS_CONFIG': {'db': 0, 'host': 'localhost', 'port': 6379, 'test_db': 1},
  'REPR_VERBOSITY': 2,
  'SINGLE_MICRO_NODES_WITH_SELFLOOPS_HAVE_PHI': False,
  'SYSTEM_CUTS': '3.0_STYLE',
  'USE_SMALL_PHI_DIFFERENCE_FOR_CES_DISTANCE': False,
  'VALIDATE_CONDITIONAL_INDEPENDENCE': True,
  'VALIDATE_SUBSYSTEM_STATES': True,
  'WELCOME_OFF': True}
2026-05-24 15:14:53,261 [pyphi.conf] INFO Process-18: PyPhi v1.2.0
2026-05-24 15:14:53,261 [pyphi.conf] INFO Process-18: Loaded configuration from ['C:\\Users\\User\\Documents\\Universidad\\ADA\\proyecto\\analisis-project-20261\\GeoMIP\\src\\Method2_Dynamic_Programming_Reformulation\\pyphi_config.yml']
2026-05-24 15:14:53,261 [pyphi.conf] INFO Process-18: Current PyPhi configuration:
 { 'ASSUME_CUTS_CANNOT_CREATE_NEW_CONCEPTS': False,
  'CACHE_POTENTIAL_PURVIEWS': True,
  'CACHE_REPERTOIRES': True,
  'CACHE_SIAS': False,
  'CACHING_BACKEND': 'fs',
  'CLEAR_SUBSYSTEM_CACHES_AFTER_COMPUTING_SIA': False,
  'CUT_ONE_APPROXIMATION': False,
  'FS_CACHE_DIRECTORY': '__pyphi_cache__',
  'FS_CACHE_VERBOSITY': 0,
  'LOG_FILE': 'pyphi.log',
  'LOG_FILE_LEVEL': 'INFO',
  'LOG_STDOUT_LEVEL': 'WARNING',
  'MAXIMUM_CACHE_MEMORY_PERCENTAGE': 50,
  'MEASURE': 'EMD',
  'MONGODB_CONFIG': { 'collection_name': 'cache',
                      'database_name': 'pyphi',
                      'host': 'localhost',
                      'port': 27017},
  'NUMBER_OF_CORES': -1,
  'PARALLEL_COMPLEX_EVALUATION': False,
  'PARALLEL_CONCEPT_EVALUATION': False,
  'PARALLEL_CUT_EVALUATION': True,
  'PARTITION_TYPE': 'BI',
  'PICK_SMALLEST_PURVIEW': False,
  'PRECISION': 6,
  'PRINT_FRACTIONS': True,
  'PROGRESS_BARS': True,
  'REDIS_CACHE': False,
  'REDIS_CONFIG': {'db': 0, 'host': 'localhost', 'port': 6379, 'test_db': 1},
  'REPR_VERBOSITY': 2,
  'SINGLE_MICRO_NODES_WITH_SELFLOOPS_HAVE_PHI': False,
  'SYSTEM_CUTS': '3.0_STYLE',
  'USE_SMALL_PHI_DIFFERENCE_FOR_CES_DISTANCE': False,
  'VALIDATE_CONDITIONAL_INDEPENDENCE': True,
  'VALIDATE_SUBSYSTEM_STATES': True,
  'WELCOME_OFF': True}
2026-05-24 15:15:30,565 [pyphi.conf] INFO Process-19: PyPhi v1.2.0
2026-05-24 15:15:30,565 [pyphi.conf] INFO Process-19: Loaded configuration from ['C:\\Users\\User\\Documents\\Universidad\\ADA\\proyecto\\analisis-project-20261\\GeoMIP\\src\\Method2_Dynamic_Programming_Reformulation\\pyphi_config.yml']
2026-05-24 15:15:30,565 [pyphi.conf] INFO Process-19: Current PyPhi configuration:
 { 'ASSUME_CUTS_CANNOT_CREATE_NEW_CONCEPTS': False,
  'CACHE_POTENTIAL_PURVIEWS': True,
  'CACHE_REPERTOIRES': True,
  'CACHE_SIAS': False,
  'CACHING_BACKEND': 'fs',
  'CLEAR_SUBSYSTEM_CACHES_AFTER_COMPUTING_SIA': False,
  'CUT_ONE_APPROXIMATION': False,
  'FS_CACHE_DIRECTORY': '__pyphi_cache__',
  'FS_CACHE_VERBOSITY': 0,
  'LOG_FILE': 'pyphi.log',
  'LOG_FILE_LEVEL': 'INFO',
  'LOG_STDOUT_LEVEL': 'WARNING',
  'MAXIMUM_CACHE_MEMORY_PERCENTAGE': 50,
  'MEASURE': 'EMD',
  'MONGODB_CONFIG': { 'collection_name': 'cache',
                      'database_name': 'pyphi',
                      'host': 'localhost',
                      'port': 27017},
  'NUMBER_OF_CORES': -1,
  'PARALLEL_COMPLEX_EVALUATION': False,
  'PARALLEL_CONCEPT_EVALUATION': False,
  'PARALLEL_CUT_EVALUATION': True,
  'PARTITION_TYPE': 'BI',
  'PICK_SMALLEST_PURVIEW': False,
  'PRECISION': 6,
  'PRINT_FRACTIONS': True,
  'PROGRESS_BARS': True,
  'REDIS_CACHE': False,
  'REDIS_CONFIG': {'db': 0, 'host': 'localhost', 'port': 6379, 'test_db': 1},
  'REPR_VERBOSITY': 2,
  'SINGLE_MICRO_NODES_WITH_SELFLOOPS_HAVE_PHI': False,
  'SYSTEM_CUTS': '3.0_STYLE',
  'USE_SMALL_PHI_DIFFERENCE_FOR_CES_DISTANCE': False,
  'VALIDATE_CONDITIONAL_INDEPENDENCE': True,
  'VALIDATE_SUBSYSTEM_STATES': True,
  'WELCOME_OFF': True}
2026-05-24 15:15:33,902 [pyphi.conf] INFO Process-20: PyPhi v1.2.0
2026-05-24 15:15:33,902 [pyphi.conf] INFO Process-20: Loaded configuration from ['C:\\Users\\User\\Documents\\Universidad\\ADA\\proyecto\\analisis-project-20261\\GeoMIP\\src\\Method2_Dynamic_Programming_Reformulation\\pyphi_config.yml']
2026-05-24 15:15:33,902 [pyphi.conf] INFO Process-20: Current PyPhi configuration:
 { 'ASSUME_CUTS_CANNOT_CREATE_NEW_CONCEPTS': False,
  'CACHE_POTENTIAL_PURVIEWS': True,
  'CACHE_REPERTOIRES': True,
  'CACHE_SIAS': False,
  'CACHING_BACKEND': 'fs',
  'CLEAR_SUBSYSTEM_CACHES_AFTER_COMPUTING_SIA': False,
  'CUT_ONE_APPROXIMATION': False,
  'FS_CACHE_DIRECTORY': '__pyphi_cache__',
  'FS_CACHE_VERBOSITY': 0,
  'LOG_FILE': 'pyphi.log',
  'LOG_FILE_LEVEL': 'INFO',
  'LOG_STDOUT_LEVEL': 'WARNING',
  'MAXIMUM_CACHE_MEMORY_PERCENTAGE': 50,
  'MEASURE': 'EMD',
  'MONGODB_CONFIG': { 'collection_name': 'cache',
                      'database_name': 'pyphi',
                      'host': 'localhost',
                      'port': 27017},
  'NUMBER_OF_CORES': -1,
  'PARALLEL_COMPLEX_EVALUATION': False,
  'PARALLEL_CONCEPT_EVALUATION': False,
  'PARALLEL_CUT_EVALUATION': True,
  'PARTITION_TYPE': 'BI',
  'PICK_SMALLEST_PURVIEW': False,
  'PRECISION': 6,
  'PRINT_FRACTIONS': True,
  'PROGRESS_BARS': True,
  'REDIS_CACHE': False,
  'REDIS_CONFIG': {'db': 0, 'host': 'localhost', 'port': 6379, 'test_db': 1},
  'REPR_VERBOSITY': 2,
  'SINGLE_MICRO_NODES_WITH_SELFLOOPS_HAVE_PHI': False,
  'SYSTEM_CUTS': '3.0_STYLE',
  'USE_SMALL_PHI_DIFFERENCE_FOR_CES_DISTANCE': False,
  'VALIDATE_CONDITIONAL_INDEPENDENCE': True,
  'VALIDATE_SUBSYSTEM_STATES': True,
  'WELCOME_OFF': True}
2026-05-24 15:15:35,923 [pyphi.conf] INFO Process-21: PyPhi v1.2.0
2026-05-24 15:15:35,923 [pyphi.conf] INFO Process-21: Loaded configuration from ['C:\\Users\\User\\Documents\\Universidad\\ADA\\proyecto\\analisis-project-20261\\GeoMIP\\src\\Method2_Dynamic_Programming_Reformulation\\pyphi_config.yml']
2026-05-24 15:15:35,923 [pyphi.conf] INFO Process-21: Current PyPhi configuration:
 { 'ASSUME_CUTS_CANNOT_CREATE_NEW_CONCEPTS': False,
  'CACHE_POTENTIAL_PURVIEWS': True,
  'CACHE_REPERTOIRES': True,
  'CACHE_SIAS': False,
  'CACHING_BACKEND': 'fs',
  'CLEAR_SUBSYSTEM_CACHES_AFTER_COMPUTING_SIA': False,
  'CUT_ONE_APPROXIMATION': False,
  'FS_CACHE_DIRECTORY': '__pyphi_cache__',
  'FS_CACHE_VERBOSITY': 0,
  'LOG_FILE': 'pyphi.log',
  'LOG_FILE_LEVEL': 'INFO',
  'LOG_STDOUT_LEVEL': 'WARNING',
  'MAXIMUM_CACHE_MEMORY_PERCENTAGE': 50,
  'MEASURE': 'EMD',
  'MONGODB_CONFIG': { 'collection_name': 'cache',
                      'database_name': 'pyphi',
                      'host': 'localhost',
                      'port': 27017},
  'NUMBER_OF_CORES': -1,
  'PARALLEL_COMPLEX_EVALUATION': False,
  'PARALLEL_CONCEPT_EVALUATION': False,
  'PARALLEL_CUT_EVALUATION': True,
  'PARTITION_TYPE': 'BI',
  'PICK_SMALLEST_PURVIEW': False,
  'PRECISION': 6,
  'PRINT_FRACTIONS': True,
  'PROGRESS_BARS': True,
  'REDIS_CACHE': False,
  'REDIS_CONFIG': {'db': 0, 'host': 'localhost', 'port': 6379, 'test_db': 1},
  'REPR_VERBOSITY': 2,
  'SINGLE_MICRO_NODES_WITH_SELFLOOPS_HAVE_PHI': False,
  'SYSTEM_CUTS': '3.0_STYLE',
  'USE_SMALL_PHI_DIFFERENCE_FOR_CES_DISTANCE': False,
  'VALIDATE_CONDITIONAL_INDEPENDENCE': True,
  'VALIDATE_SUBSYSTEM_STATES': True,
  'WELCOME_OFF': True}
2026-05-24 15:15:37,990 [pyphi.conf] INFO Process-22: PyPhi v1.2.0
2026-05-24 15:15:37,990 [pyphi.conf] INFO Process-22: Loaded configuration from ['C:\\Users\\User\\Documents\\Universidad\\ADA\\proyecto\\analisis-project-20261\\GeoMIP\\src\\Method2_Dynamic_Programming_Reformulation\\pyphi_config.yml']
2026-05-24 15:15:37,990 [pyphi.conf] INFO Process-22: Current PyPhi configuration:
 { 'ASSUME_CUTS_CANNOT_CREATE_NEW_CONCEPTS': False,
  'CACHE_POTENTIAL_PURVIEWS': True,
  'CACHE_REPERTOIRES': True,
  'CACHE_SIAS': False,
  'CACHING_BACKEND': 'fs',
  'CLEAR_SUBSYSTEM_CACHES_AFTER_COMPUTING_SIA': False,
  'CUT_ONE_APPROXIMATION': False,
  'FS_CACHE_DIRECTORY': '__pyphi_cache__',
  'FS_CACHE_VERBOSITY': 0,
  'LOG_FILE': 'pyphi.log',
  'LOG_FILE_LEVEL': 'INFO',
  'LOG_STDOUT_LEVEL': 'WARNING',
  'MAXIMUM_CACHE_MEMORY_PERCENTAGE': 50,
  'MEASURE': 'EMD',
  'MONGODB_CONFIG': { 'collection_name': 'cache',
                      'database_name': 'pyphi',
                      'host': 'localhost',
                      'port': 27017},
  'NUMBER_OF_CORES': -1,
  'PARALLEL_COMPLEX_EVALUATION': False,
  'PARALLEL_CONCEPT_EVALUATION': False,
  'PARALLEL_CUT_EVALUATION': True,
  'PARTITION_TYPE': 'BI',
  'PICK_SMALLEST_PURVIEW': False,
  'PRECISION': 6,
  'PRINT_FRACTIONS': True,
  'PROGRESS_BARS': True,
  'REDIS_CACHE': False,
  'REDIS_CONFIG': {'db': 0, 'host': 'localhost', 'port': 6379, 'test_db': 1},
  'REPR_VERBOSITY': 2,
  'SINGLE_MICRO_NODES_WITH_SELFLOOPS_HAVE_PHI': False,
  'SYSTEM_CUTS': '3.0_STYLE',
  'USE_SMALL_PHI_DIFFERENCE_FOR_CES_DISTANCE': False,
  'VALIDATE_CONDITIONAL_INDEPENDENCE': True,
  'VALIDATE_SUBSYSTEM_STATES': True,
  'WELCOME_OFF': True}
2026-05-24 15:18:12,531 [pyphi.conf] INFO Process-23: PyPhi v1.2.0
2026-05-24 15:18:12,531 [pyphi.conf] INFO Process-23: Loaded configuration from ['C:\\Users\\User\\Documents\\Universidad\\ADA\\proyecto\\analisis-project-20261\\GeoMIP\\src\\Method2_Dynamic_Programming_Reformulation\\pyphi_config.yml']
2026-05-24 15:18:12,531 [pyphi.conf] INFO Process-23: Current PyPhi configuration:
 { 'ASSUME_CUTS_CANNOT_CREATE_NEW_CONCEPTS': False,
  'CACHE_POTENTIAL_PURVIEWS': True,
  'CACHE_REPERTOIRES': True,
  'CACHE_SIAS': False,
  'CACHING_BACKEND': 'fs',
  'CLEAR_SUBSYSTEM_CACHES_AFTER_COMPUTING_SIA': False,
  'CUT_ONE_APPROXIMATION': False,
  'FS_CACHE_DIRECTORY': '__pyphi_cache__',
  'FS_CACHE_VERBOSITY': 0,
  'LOG_FILE': 'pyphi.log',
  'LOG_FILE_LEVEL': 'INFO',
  'LOG_STDOUT_LEVEL': 'WARNING',
  'MAXIMUM_CACHE_MEMORY_PERCENTAGE': 50,
  'MEASURE': 'EMD',
  'MONGODB_CONFIG': { 'collection_name': 'cache',
                      'database_name': 'pyphi',
                      'host': 'localhost',
                      'port': 27017},
  'NUMBER_OF_CORES': -1,
  'PARALLEL_COMPLEX_EVALUATION': False,
  'PARALLEL_CONCEPT_EVALUATION': False,
  'PARALLEL_CUT_EVALUATION': True,
  'PARTITION_TYPE': 'BI',
  'PICK_SMALLEST_PURVIEW': False,
  'PRECISION': 6,
  'PRINT_FRACTIONS': True,
  'PROGRESS_BARS': True,
  'REDIS_CACHE': False,
  'REDIS_CONFIG': {'db': 0, 'host': 'localhost', 'port': 6379, 'test_db': 1},
  'REPR_VERBOSITY': 2,
  'SINGLE_MICRO_NODES_WITH_SELFLOOPS_HAVE_PHI': False,
  'SYSTEM_CUTS': '3.0_STYLE',
  'USE_SMALL_PHI_DIFFERENCE_FOR_CES_DISTANCE': False,
  'VALIDATE_CONDITIONAL_INDEPENDENCE': True,
  'VALIDATE_SUBSYSTEM_STATES': True,
  'WELCOME_OFF': True}
2026-05-24 15:19:27,253 [pyphi.conf] INFO Process-24: PyPhi v1.2.0
2026-05-24 15:19:27,253 [pyphi.conf] INFO Process-24: Loaded configuration from ['C:\\Users\\User\\Documents\\Universidad\\ADA\\proyecto\\analisis-project-20261\\GeoMIP\\src\\Method2_Dynamic_Programming_Reformulation\\pyphi_config.yml']
2026-05-24 15:19:27,253 [pyphi.conf] INFO Process-24: Current PyPhi configuration:
 { 'ASSUME_CUTS_CANNOT_CREATE_NEW_CONCEPTS': False,
  'CACHE_POTENTIAL_PURVIEWS': True,
  'CACHE_REPERTOIRES': True,
  'CACHE_SIAS': False,
  'CACHING_BACKEND': 'fs',
  'CLEAR_SUBSYSTEM_CACHES_AFTER_COMPUTING_SIA': False,
  'CUT_ONE_APPROXIMATION': False,
  'FS_CACHE_DIRECTORY': '__pyphi_cache__',
  'FS_CACHE_VERBOSITY': 0,
  'LOG_FILE': 'pyphi.log',
  'LOG_FILE_LEVEL': 'INFO',
  'LOG_STDOUT_LEVEL': 'WARNING',
  'MAXIMUM_CACHE_MEMORY_PERCENTAGE': 50,
  'MEASURE': 'EMD',
  'MONGODB_CONFIG': { 'collection_name': 'cache',
                      'database_name': 'pyphi',
                      'host': 'localhost',
                      'port': 27017},
  'NUMBER_OF_CORES': -1,
  'PARALLEL_COMPLEX_EVALUATION': False,
  'PARALLEL_CONCEPT_EVALUATION': False,
  'PARALLEL_CUT_EVALUATION': True,
  'PARTITION_TYPE': 'BI',
  'PICK_SMALLEST_PURVIEW': False,
  'PRECISION': 6,
  'PRINT_FRACTIONS': True,
  'PROGRESS_BARS': True,
  'REDIS_CACHE': False,
  'REDIS_CONFIG': {'db': 0, 'host': 'localhost', 'port': 6379, 'test_db': 1},
  'REPR_VERBOSITY': 2,
  'SINGLE_MICRO_NODES_WITH_SELFLOOPS_HAVE_PHI': False,
  'SYSTEM_CUTS': '3.0_STYLE',
  'USE_SMALL_PHI_DIFFERENCE_FOR_CES_DISTANCE': False,
  'VALIDATE_CONDITIONAL_INDEPENDENCE': True,
  'VALIDATE_SUBSYSTEM_STATES': True,
  'WELCOME_OFF': True}
2026-05-24 15:20:41,897 [pyphi.conf] INFO Process-25: PyPhi v1.2.0
2026-05-24 15:20:41,897 [pyphi.conf] INFO Process-25: Loaded configuration from ['C:\\Users\\User\\Documents\\Universidad\\ADA\\proyecto\\analisis-project-20261\\GeoMIP\\src\\Method2_Dynamic_Programming_Reformulation\\pyphi_config.yml']
2026-05-24 15:20:41,897 [pyphi.conf] INFO Process-25: Current PyPhi configuration:
 { 'ASSUME_CUTS_CANNOT_CREATE_NEW_CONCEPTS': False,
  'CACHE_POTENTIAL_PURVIEWS': True,
  'CACHE_REPERTOIRES': True,
  'CACHE_SIAS': False,
  'CACHING_BACKEND': 'fs',
  'CLEAR_SUBSYSTEM_CACHES_AFTER_COMPUTING_SIA': False,
  'CUT_ONE_APPROXIMATION': False,
  'FS_CACHE_DIRECTORY': '__pyphi_cache__',
  'FS_CACHE_VERBOSITY': 0,
  'LOG_FILE': 'pyphi.log',
  'LOG_FILE_LEVEL': 'INFO',
  'LOG_STDOUT_LEVEL': 'WARNING',
  'MAXIMUM_CACHE_MEMORY_PERCENTAGE': 50,
  'MEASURE': 'EMD',
  'MONGODB_CONFIG': { 'collection_name': 'cache',
                      'database_name': 'pyphi',
                      'host': 'localhost',
                      'port': 27017},
  'NUMBER_OF_CORES': -1,
  'PARALLEL_COMPLEX_EVALUATION': False,
  'PARALLEL_CONCEPT_EVALUATION': False,
  'PARALLEL_CUT_EVALUATION': True,
  'PARTITION_TYPE': 'BI',
  'PICK_SMALLEST_PURVIEW': False,
  'PRECISION': 6,
  'PRINT_FRACTIONS': True,
  'PROGRESS_BARS': True,
  'REDIS_CACHE': False,
  'REDIS_CONFIG': {'db': 0, 'host': 'localhost', 'port': 6379, 'test_db': 1},
  'REPR_VERBOSITY': 2,
  'SINGLE_MICRO_NODES_WITH_SELFLOOPS_HAVE_PHI': False,
  'SYSTEM_CUTS': '3.0_STYLE',
  'USE_SMALL_PHI_DIFFERENCE_FOR_CES_DISTANCE': False,
  'VALIDATE_CONDITIONAL_INDEPENDENCE': True,
  'VALIDATE_SUBSYSTEM_STATES': True,
  'WELCOME_OFF': True}
2026-05-24 15:21:18,064 [pyphi.conf] INFO Process-26: PyPhi v1.2.0
2026-05-24 15:21:18,064 [pyphi.conf] INFO Process-26: Loaded configuration from ['C:\\Users\\User\\Documents\\Universidad\\ADA\\proyecto\\analisis-project-20261\\GeoMIP\\src\\Method2_Dynamic_Programming_Reformulation\\pyphi_config.yml']
2026-05-24 15:21:18,064 [pyphi.conf] INFO Process-26: Current PyPhi configuration:
 { 'ASSUME_CUTS_CANNOT_CREATE_NEW_CONCEPTS': False,
  'CACHE_POTENTIAL_PURVIEWS': True,
  'CACHE_REPERTOIRES': True,
  'CACHE_SIAS': False,
  'CACHING_BACKEND': 'fs',
  'CLEAR_SUBSYSTEM_CACHES_AFTER_COMPUTING_SIA': False,
  'CUT_ONE_APPROXIMATION': False,
  'FS_CACHE_DIRECTORY': '__pyphi_cache__',
  'FS_CACHE_VERBOSITY': 0,
  'LOG_FILE': 'pyphi.log',
  'LOG_FILE_LEVEL': 'INFO',
  'LOG_STDOUT_LEVEL': 'WARNING',
  'MAXIMUM_CACHE_MEMORY_PERCENTAGE': 50,
  'MEASURE': 'EMD',
  'MONGODB_CONFIG': { 'collection_name': 'cache',
                      'database_name': 'pyphi',
                      'host': 'localhost',
                      'port': 27017},
  'NUMBER_OF_CORES': -1,
  'PARALLEL_COMPLEX_EVALUATION': False,
  'PARALLEL_CONCEPT_EVALUATION': False,
  'PARALLEL_CUT_EVALUATION': True,
  'PARTITION_TYPE': 'BI',
  'PICK_SMALLEST_PURVIEW': False,
  'PRECISION': 6,
  'PRINT_FRACTIONS': True,
  'PROGRESS_BARS': True,
  'REDIS_CACHE': False,
  'REDIS_CONFIG': {'db': 0, 'host': 'localhost', 'port': 6379, 'test_db': 1},
  'REPR_VERBOSITY': 2,
  'SINGLE_MICRO_NODES_WITH_SELFLOOPS_HAVE_PHI': False,
  'SYSTEM_CUTS': '3.0_STYLE',
  'USE_SMALL_PHI_DIFFERENCE_FOR_CES_DISTANCE': False,
  'VALIDATE_CONDITIONAL_INDEPENDENCE': True,
  'VALIDATE_SUBSYSTEM_STATES': True,
  'WELCOME_OFF': True}
2026-05-24 15:21:21,339 [pyphi.conf] INFO Process-27: PyPhi v1.2.0
2026-05-24 15:21:21,339 [pyphi.conf] INFO Process-27: Loaded configuration from ['C:\\Users\\User\\Documents\\Universidad\\ADA\\proyecto\\analisis-project-20261\\GeoMIP\\src\\Method2_Dynamic_Programming_Reformulation\\pyphi_config.yml']
2026-05-24 15:21:21,339 [pyphi.conf] INFO Process-27: Current PyPhi configuration:
 { 'ASSUME_CUTS_CANNOT_CREATE_NEW_CONCEPTS': False,
  'CACHE_POTENTIAL_PURVIEWS': True,
  'CACHE_REPERTOIRES': True,
  'CACHE_SIAS': False,
  'CACHING_BACKEND': 'fs',
  'CLEAR_SUBSYSTEM_CACHES_AFTER_COMPUTING_SIA': False,
  'CUT_ONE_APPROXIMATION': False,
  'FS_CACHE_DIRECTORY': '__pyphi_cache__',
  'FS_CACHE_VERBOSITY': 0,
  'LOG_FILE': 'pyphi.log',
  'LOG_FILE_LEVEL': 'INFO',
  'LOG_STDOUT_LEVEL': 'WARNING',
  'MAXIMUM_CACHE_MEMORY_PERCENTAGE': 50,
  'MEASURE': 'EMD',
  'MONGODB_CONFIG': { 'collection_name': 'cache',
                      'database_name': 'pyphi',
                      'host': 'localhost',
                      'port': 27017},
  'NUMBER_OF_CORES': -1,
  'PARALLEL_COMPLEX_EVALUATION': False,
  'PARALLEL_CONCEPT_EVALUATION': False,
  'PARALLEL_CUT_EVALUATION': True,
  'PARTITION_TYPE': 'BI',
  'PICK_SMALLEST_PURVIEW': False,
  'PRECISION': 6,
  'PRINT_FRACTIONS': True,
  'PROGRESS_BARS': True,
  'REDIS_CACHE': False,
  'REDIS_CONFIG': {'db': 0, 'host': 'localhost', 'port': 6379, 'test_db': 1},
  'REPR_VERBOSITY': 2,
  'SINGLE_MICRO_NODES_WITH_SELFLOOPS_HAVE_PHI': False,
  'SYSTEM_CUTS': '3.0_STYLE',
  'USE_SMALL_PHI_DIFFERENCE_FOR_CES_DISTANCE': False,
  'VALIDATE_CONDITIONAL_INDEPENDENCE': True,
  'VALIDATE_SUBSYSTEM_STATES': True,
  'WELCOME_OFF': True}
2026-05-24 15:21:23,321 [pyphi.conf] INFO Process-28: PyPhi v1.2.0
2026-05-24 15:21:23,321 [pyphi.conf] INFO Process-28: Loaded configuration from ['C:\\Users\\User\\Documents\\Universidad\\ADA\\proyecto\\analisis-project-20261\\GeoMIP\\src\\Method2_Dynamic_Programming_Reformulation\\pyphi_config.yml']
2026-05-24 15:21:23,321 [pyphi.conf] INFO Process-28: Current PyPhi configuration:
 { 'ASSUME_CUTS_CANNOT_CREATE_NEW_CONCEPTS': False,
  'CACHE_POTENTIAL_PURVIEWS': True,
  'CACHE_REPERTOIRES': True,
  'CACHE_SIAS': False,
  'CACHING_BACKEND': 'fs',
  'CLEAR_SUBSYSTEM_CACHES_AFTER_COMPUTING_SIA': False,
  'CUT_ONE_APPROXIMATION': False,
  'FS_CACHE_DIRECTORY': '__pyphi_cache__',
  'FS_CACHE_VERBOSITY': 0,
  'LOG_FILE': 'pyphi.log',
  'LOG_FILE_LEVEL': 'INFO',
  'LOG_STDOUT_LEVEL': 'WARNING',
  'MAXIMUM_CACHE_MEMORY_PERCENTAGE': 50,
  'MEASURE': 'EMD',
  'MONGODB_CONFIG': { 'collection_name': 'cache',
                      'database_name': 'pyphi',
                      'host': 'localhost',
                      'port': 27017},
  'NUMBER_OF_CORES': -1,
  'PARALLEL_COMPLEX_EVALUATION': False,
  'PARALLEL_CONCEPT_EVALUATION': False,
  'PARALLEL_CUT_EVALUATION': True,
  'PARTITION_TYPE': 'BI',
  'PICK_SMALLEST_PURVIEW': False,
  'PRECISION': 6,
  'PRINT_FRACTIONS': True,
  'PROGRESS_BARS': True,
  'REDIS_CACHE': False,
  'REDIS_CONFIG': {'db': 0, 'host': 'localhost', 'port': 6379, 'test_db': 1},
  'REPR_VERBOSITY': 2,
  'SINGLE_MICRO_NODES_WITH_SELFLOOPS_HAVE_PHI': False,
  'SYSTEM_CUTS': '3.0_STYLE',
  'USE_SMALL_PHI_DIFFERENCE_FOR_CES_DISTANCE': False,
  'VALIDATE_CONDITIONAL_INDEPENDENCE': True,
  'VALIDATE_SUBSYSTEM_STATES': True,
  'WELCOME_OFF': True}
2026-05-24 15:21:25,341 [pyphi.conf] INFO Process-29: PyPhi v1.2.0
2026-05-24 15:21:25,341 [pyphi.conf] INFO Process-29: Loaded configuration from ['C:\\Users\\User\\Documents\\Universidad\\ADA\\proyecto\\analisis-project-20261\\GeoMIP\\src\\Method2_Dynamic_Programming_Reformulation\\pyphi_config.yml']
2026-05-24 15:21:25,341 [pyphi.conf] INFO Process-29: Current PyPhi configuration:
 { 'ASSUME_CUTS_CANNOT_CREATE_NEW_CONCEPTS': False,
  'CACHE_POTENTIAL_PURVIEWS': True,
  'CACHE_REPERTOIRES': True,
  'CACHE_SIAS': False,
  'CACHING_BACKEND': 'fs',
  'CLEAR_SUBSYSTEM_CACHES_AFTER_COMPUTING_SIA': False,
  'CUT_ONE_APPROXIMATION': False,
  'FS_CACHE_DIRECTORY': '__pyphi_cache__',
  'FS_CACHE_VERBOSITY': 0,
  'LOG_FILE': 'pyphi.log',
  'LOG_FILE_LEVEL': 'INFO',
  'LOG_STDOUT_LEVEL': 'WARNING',
  'MAXIMUM_CACHE_MEMORY_PERCENTAGE': 50,
  'MEASURE': 'EMD',
  'MONGODB_CONFIG': { 'collection_name': 'cache',
                      'database_name': 'pyphi',
                      'host': 'localhost',
                      'port': 27017},
  'NUMBER_OF_CORES': -1,
  'PARALLEL_COMPLEX_EVALUATION': False,
  'PARALLEL_CONCEPT_EVALUATION': False,
  'PARALLEL_CUT_EVALUATION': True,
  'PARTITION_TYPE': 'BI',
  'PICK_SMALLEST_PURVIEW': False,
  'PRECISION': 6,
  'PRINT_FRACTIONS': True,
  'PROGRESS_BARS': True,
  'REDIS_CACHE': False,
  'REDIS_CONFIG': {'db': 0, 'host': 'localhost', 'port': 6379, 'test_db': 1},
  'REPR_VERBOSITY': 2,
  'SINGLE_MICRO_NODES_WITH_SELFLOOPS_HAVE_PHI': False,
  'SYSTEM_CUTS': '3.0_STYLE',
  'USE_SMALL_PHI_DIFFERENCE_FOR_CES_DISTANCE': False,
  'VALIDATE_CONDITIONAL_INDEPENDENCE': True,
  'VALIDATE_SUBSYSTEM_STATES': True,
  'WELCOME_OFF': True}
2026-05-24 15:23:39,605 [pyphi.conf] INFO Process-30: PyPhi v1.2.0
2026-05-24 15:23:39,605 [pyphi.conf] INFO Process-30: Loaded configuration from ['C:\\Users\\User\\Documents\\Universidad\\ADA\\proyecto\\analisis-project-20261\\GeoMIP\\src\\Method2_Dynamic_Programming_Reformulation\\pyphi_config.yml']
2026-05-24 15:23:39,605 [pyphi.conf] INFO Process-30: Current PyPhi configuration:
 { 'ASSUME_CUTS_CANNOT_CREATE_NEW_CONCEPTS': False,
  'CACHE_POTENTIAL_PURVIEWS': True,
  'CACHE_REPERTOIRES': True,
  'CACHE_SIAS': False,
  'CACHING_BACKEND': 'fs',
  'CLEAR_SUBSYSTEM_CACHES_AFTER_COMPUTING_SIA': False,
  'CUT_ONE_APPROXIMATION': False,
  'FS_CACHE_DIRECTORY': '__pyphi_cache__',
  'FS_CACHE_VERBOSITY': 0,
  'LOG_FILE': 'pyphi.log',
  'LOG_FILE_LEVEL': 'INFO',
  'LOG_STDOUT_LEVEL': 'WARNING',
  'MAXIMUM_CACHE_MEMORY_PERCENTAGE': 50,
  'MEASURE': 'EMD',
  'MONGODB_CONFIG': { 'collection_name': 'cache',
                      'database_name': 'pyphi',
                      'host': 'localhost',
                      'port': 27017},
  'NUMBER_OF_CORES': -1,
  'PARALLEL_COMPLEX_EVALUATION': False,
  'PARALLEL_CONCEPT_EVALUATION': False,
  'PARALLEL_CUT_EVALUATION': True,
  'PARTITION_TYPE': 'BI',
  'PICK_SMALLEST_PURVIEW': False,
  'PRECISION': 6,
  'PRINT_FRACTIONS': True,
  'PROGRESS_BARS': True,
  'REDIS_CACHE': False,
  'REDIS_CONFIG': {'db': 0, 'host': 'localhost', 'port': 6379, 'test_db': 1},
  'REPR_VERBOSITY': 2,
  'SINGLE_MICRO_NODES_WITH_SELFLOOPS_HAVE_PHI': False,
  'SYSTEM_CUTS': '3.0_STYLE',
  'USE_SMALL_PHI_DIFFERENCE_FOR_CES_DISTANCE': False,
  'VALIDATE_CONDITIONAL_INDEPENDENCE': True,
  'VALIDATE_SUBSYSTEM_STATES': True,
  'WELCOME_OFF': True}
2026-05-24 15:24:43,949 [pyphi.conf] INFO Process-31: PyPhi v1.2.0
2026-05-24 15:24:43,949 [pyphi.conf] INFO Process-31: Loaded configuration from ['C:\\Users\\User\\Documents\\Universidad\\ADA\\proyecto\\analisis-project-20261\\GeoMIP\\src\\Method2_Dynamic_Programming_Reformulation\\pyphi_config.yml']
2026-05-24 15:24:43,949 [pyphi.conf] INFO Process-31: Current PyPhi configuration:
 { 'ASSUME_CUTS_CANNOT_CREATE_NEW_CONCEPTS': False,
  'CACHE_POTENTIAL_PURVIEWS': True,
  'CACHE_REPERTOIRES': True,
  'CACHE_SIAS': False,
  'CACHING_BACKEND': 'fs',
  'CLEAR_SUBSYSTEM_CACHES_AFTER_COMPUTING_SIA': False,
  'CUT_ONE_APPROXIMATION': False,
  'FS_CACHE_DIRECTORY': '__pyphi_cache__',
  'FS_CACHE_VERBOSITY': 0,
  'LOG_FILE': 'pyphi.log',
  'LOG_FILE_LEVEL': 'INFO',
  'LOG_STDOUT_LEVEL': 'WARNING',
  'MAXIMUM_CACHE_MEMORY_PERCENTAGE': 50,
  'MEASURE': 'EMD',
  'MONGODB_CONFIG': { 'collection_name': 'cache',
                      'database_name': 'pyphi',
                      'host': 'localhost',
                      'port': 27017},
  'NUMBER_OF_CORES': -1,
  'PARALLEL_COMPLEX_EVALUATION': False,
  'PARALLEL_CONCEPT_EVALUATION': False,
  'PARALLEL_CUT_EVALUATION': True,
  'PARTITION_TYPE': 'BI',
  'PICK_SMALLEST_PURVIEW': False,
  'PRECISION': 6,
  'PRINT_FRACTIONS': True,
  'PROGRESS_BARS': True,
  'REDIS_CACHE': False,
  'REDIS_CONFIG': {'db': 0, 'host': 'localhost', 'port': 6379, 'test_db': 1},
  'REPR_VERBOSITY': 2,
  'SINGLE_MICRO_NODES_WITH_SELFLOOPS_HAVE_PHI': False,
  'SYSTEM_CUTS': '3.0_STYLE',
  'USE_SMALL_PHI_DIFFERENCE_FOR_CES_DISTANCE': False,
  'VALIDATE_CONDITIONAL_INDEPENDENCE': True,
  'VALIDATE_SUBSYSTEM_STATES': True,
  'WELCOME_OFF': True}
2026-05-24 15:25:48,560 [pyphi.conf] INFO Process-32: PyPhi v1.2.0
2026-05-24 15:25:48,560 [pyphi.conf] INFO Process-32: Loaded configuration from ['C:\\Users\\User\\Documents\\Universidad\\ADA\\proyecto\\analisis-project-20261\\GeoMIP\\src\\Method2_Dynamic_Programming_Reformulation\\pyphi_config.yml']
2026-05-24 15:25:48,560 [pyphi.conf] INFO Process-32: Current PyPhi configuration:
 { 'ASSUME_CUTS_CANNOT_CREATE_NEW_CONCEPTS': False,
  'CACHE_POTENTIAL_PURVIEWS': True,
  'CACHE_REPERTOIRES': True,
  'CACHE_SIAS': False,
  'CACHING_BACKEND': 'fs',
  'CLEAR_SUBSYSTEM_CACHES_AFTER_COMPUTING_SIA': False,
  'CUT_ONE_APPROXIMATION': False,
  'FS_CACHE_DIRECTORY': '__pyphi_cache__',
  'FS_CACHE_VERBOSITY': 0,
  'LOG_FILE': 'pyphi.log',
  'LOG_FILE_LEVEL': 'INFO',
  'LOG_STDOUT_LEVEL': 'WARNING',
  'MAXIMUM_CACHE_MEMORY_PERCENTAGE': 50,
  'MEASURE': 'EMD',
  'MONGODB_CONFIG': { 'collection_name': 'cache',
                      'database_name': 'pyphi',
                      'host': 'localhost',
                      'port': 27017},
  'NUMBER_OF_CORES': -1,
  'PARALLEL_COMPLEX_EVALUATION': False,
  'PARALLEL_CONCEPT_EVALUATION': False,
  'PARALLEL_CUT_EVALUATION': True,
  'PARTITION_TYPE': 'BI',
  'PICK_SMALLEST_PURVIEW': False,
  'PRECISION': 6,
  'PRINT_FRACTIONS': True,
  'PROGRESS_BARS': True,
  'REDIS_CACHE': False,
  'REDIS_CONFIG': {'db': 0, 'host': 'localhost', 'port': 6379, 'test_db': 1},
  'REPR_VERBOSITY': 2,
  'SINGLE_MICRO_NODES_WITH_SELFLOOPS_HAVE_PHI': False,
  'SYSTEM_CUTS': '3.0_STYLE',
  'USE_SMALL_PHI_DIFFERENCE_FOR_CES_DISTANCE': False,
  'VALIDATE_CONDITIONAL_INDEPENDENCE': True,
  'VALIDATE_SUBSYSTEM_STATES': True,
  'WELCOME_OFF': True}
2026-05-24 15:26:20,169 [pyphi.conf] INFO Process-33: PyPhi v1.2.0
2026-05-24 15:26:20,169 [pyphi.conf] INFO Process-33: Loaded configuration from ['C:\\Users\\User\\Documents\\Universidad\\ADA\\proyecto\\analisis-project-20261\\GeoMIP\\src\\Method2_Dynamic_Programming_Reformulation\\pyphi_config.yml']
2026-05-24 15:26:20,169 [pyphi.conf] INFO Process-33: Current PyPhi configuration:
 { 'ASSUME_CUTS_CANNOT_CREATE_NEW_CONCEPTS': False,
  'CACHE_POTENTIAL_PURVIEWS': True,
  'CACHE_REPERTOIRES': True,
  'CACHE_SIAS': False,
  'CACHING_BACKEND': 'fs',
  'CLEAR_SUBSYSTEM_CACHES_AFTER_COMPUTING_SIA': False,
  'CUT_ONE_APPROXIMATION': False,
  'FS_CACHE_DIRECTORY': '__pyphi_cache__',
  'FS_CACHE_VERBOSITY': 0,
  'LOG_FILE': 'pyphi.log',
  'LOG_FILE_LEVEL': 'INFO',
  'LOG_STDOUT_LEVEL': 'WARNING',
  'MAXIMUM_CACHE_MEMORY_PERCENTAGE': 50,
  'MEASURE': 'EMD',
  'MONGODB_CONFIG': { 'collection_name': 'cache',
                      'database_name': 'pyphi',
                      'host': 'localhost',
                      'port': 27017},
  'NUMBER_OF_CORES': -1,
  'PARALLEL_COMPLEX_EVALUATION': False,
  'PARALLEL_CONCEPT_EVALUATION': False,
  'PARALLEL_CUT_EVALUATION': True,
  'PARTITION_TYPE': 'BI',
  'PICK_SMALLEST_PURVIEW': False,
  'PRECISION': 6,
  'PRINT_FRACTIONS': True,
  'PROGRESS_BARS': True,
  'REDIS_CACHE': False,
  'REDIS_CONFIG': {'db': 0, 'host': 'localhost', 'port': 6379, 'test_db': 1},
  'REPR_VERBOSITY': 2,
  'SINGLE_MICRO_NODES_WITH_SELFLOOPS_HAVE_PHI': False,
  'SYSTEM_CUTS': '3.0_STYLE',
  'USE_SMALL_PHI_DIFFERENCE_FOR_CES_DISTANCE': False,
  'VALIDATE_CONDITIONAL_INDEPENDENCE': True,
  'VALIDATE_SUBSYSTEM_STATES': True,
  'WELCOME_OFF': True}
2026-05-24 15:26:23,203 [pyphi.conf] INFO Process-34: PyPhi v1.2.0
2026-05-24 15:26:23,203 [pyphi.conf] INFO Process-34: Loaded configuration from ['C:\\Users\\User\\Documents\\Universidad\\ADA\\proyecto\\analisis-project-20261\\GeoMIP\\src\\Method2_Dynamic_Programming_Reformulation\\pyphi_config.yml']
2026-05-24 15:26:23,213 [pyphi.conf] INFO Process-34: Current PyPhi configuration:
 { 'ASSUME_CUTS_CANNOT_CREATE_NEW_CONCEPTS': False,
  'CACHE_POTENTIAL_PURVIEWS': True,
  'CACHE_REPERTOIRES': True,
  'CACHE_SIAS': False,
  'CACHING_BACKEND': 'fs',
  'CLEAR_SUBSYSTEM_CACHES_AFTER_COMPUTING_SIA': False,
  'CUT_ONE_APPROXIMATION': False,
  'FS_CACHE_DIRECTORY': '__pyphi_cache__',
  'FS_CACHE_VERBOSITY': 0,
  'LOG_FILE': 'pyphi.log',
  'LOG_FILE_LEVEL': 'INFO',
  'LOG_STDOUT_LEVEL': 'WARNING',
  'MAXIMUM_CACHE_MEMORY_PERCENTAGE': 50,
  'MEASURE': 'EMD',
  'MONGODB_CONFIG': { 'collection_name': 'cache',
                      'database_name': 'pyphi',
                      'host': 'localhost',
                      'port': 27017},
  'NUMBER_OF_CORES': -1,
  'PARALLEL_COMPLEX_EVALUATION': False,
  'PARALLEL_CONCEPT_EVALUATION': False,
  'PARALLEL_CUT_EVALUATION': True,
  'PARTITION_TYPE': 'BI',
  'PICK_SMALLEST_PURVIEW': False,
  'PRECISION': 6,
  'PRINT_FRACTIONS': True,
  'PROGRESS_BARS': True,
  'REDIS_CACHE': False,
  'REDIS_CONFIG': {'db': 0, 'host': 'localhost', 'port': 6379, 'test_db': 1},
  'REPR_VERBOSITY': 2,
  'SINGLE_MICRO_NODES_WITH_SELFLOOPS_HAVE_PHI': False,
  'SYSTEM_CUTS': '3.0_STYLE',
  'USE_SMALL_PHI_DIFFERENCE_FOR_CES_DISTANCE': False,
  'VALIDATE_CONDITIONAL_INDEPENDENCE': True,
  'VALIDATE_SUBSYSTEM_STATES': True,
  'WELCOME_OFF': True}
2026-05-24 15:26:25,139 [pyphi.conf] INFO Process-35: PyPhi v1.2.0
2026-05-24 15:26:25,139 [pyphi.conf] INFO Process-35: Loaded configuration from ['C:\\Users\\User\\Documents\\Universidad\\ADA\\proyecto\\analisis-project-20261\\GeoMIP\\src\\Method2_Dynamic_Programming_Reformulation\\pyphi_config.yml']
2026-05-24 15:26:25,139 [pyphi.conf] INFO Process-35: Current PyPhi configuration:
 { 'ASSUME_CUTS_CANNOT_CREATE_NEW_CONCEPTS': False,
  'CACHE_POTENTIAL_PURVIEWS': True,
  'CACHE_REPERTOIRES': True,
  'CACHE_SIAS': False,
  'CACHING_BACKEND': 'fs',
  'CLEAR_SUBSYSTEM_CACHES_AFTER_COMPUTING_SIA': False,
  'CUT_ONE_APPROXIMATION': False,
  'FS_CACHE_DIRECTORY': '__pyphi_cache__',
  'FS_CACHE_VERBOSITY': 0,
  'LOG_FILE': 'pyphi.log',
  'LOG_FILE_LEVEL': 'INFO',
  'LOG_STDOUT_LEVEL': 'WARNING',
  'MAXIMUM_CACHE_MEMORY_PERCENTAGE': 50,
  'MEASURE': 'EMD',
  'MONGODB_CONFIG': { 'collection_name': 'cache',
                      'database_name': 'pyphi',
                      'host': 'localhost',
                      'port': 27017},
  'NUMBER_OF_CORES': -1,
  'PARALLEL_COMPLEX_EVALUATION': False,
  'PARALLEL_CONCEPT_EVALUATION': False,
  'PARALLEL_CUT_EVALUATION': True,
  'PARTITION_TYPE': 'BI',
  'PICK_SMALLEST_PURVIEW': False,
  'PRECISION': 6,
  'PRINT_FRACTIONS': True,
  'PROGRESS_BARS': True,
  'REDIS_CACHE': False,
  'REDIS_CONFIG': {'db': 0, 'host': 'localhost', 'port': 6379, 'test_db': 1},
  'REPR_VERBOSITY': 2,
  'SINGLE_MICRO_NODES_WITH_SELFLOOPS_HAVE_PHI': False,
  'SYSTEM_CUTS': '3.0_STYLE',
  'USE_SMALL_PHI_DIFFERENCE_FOR_CES_DISTANCE': False,
  'VALIDATE_CONDITIONAL_INDEPENDENCE': True,
  'VALIDATE_SUBSYSTEM_STATES': True,
  'WELCOME_OFF': True}
2026-05-24 15:26:27,075 [pyphi.conf] INFO Process-36: PyPhi v1.2.0
2026-05-24 15:26:27,075 [pyphi.conf] INFO Process-36: Loaded configuration from ['C:\\Users\\User\\Documents\\Universidad\\ADA\\proyecto\\analisis-project-20261\\GeoMIP\\src\\Method2_Dynamic_Programming_Reformulation\\pyphi_config.yml']
2026-05-24 15:26:27,075 [pyphi.conf] INFO Process-36: Current PyPhi configuration:
 { 'ASSUME_CUTS_CANNOT_CREATE_NEW_CONCEPTS': False,
  'CACHE_POTENTIAL_PURVIEWS': True,
  'CACHE_REPERTOIRES': True,
  'CACHE_SIAS': False,
  'CACHING_BACKEND': 'fs',
  'CLEAR_SUBSYSTEM_CACHES_AFTER_COMPUTING_SIA': False,
  'CUT_ONE_APPROXIMATION': False,
  'FS_CACHE_DIRECTORY': '__pyphi_cache__',
  'FS_CACHE_VERBOSITY': 0,
  'LOG_FILE': 'pyphi.log',
  'LOG_FILE_LEVEL': 'INFO',
  'LOG_STDOUT_LEVEL': 'WARNING',
  'MAXIMUM_CACHE_MEMORY_PERCENTAGE': 50,
  'MEASURE': 'EMD',
  'MONGODB_CONFIG': { 'collection_name': 'cache',
                      'database_name': 'pyphi',
                      'host': 'localhost',
                      'port': 27017},
  'NUMBER_OF_CORES': -1,
  'PARALLEL_COMPLEX_EVALUATION': False,
  'PARALLEL_CONCEPT_EVALUATION': False,
  'PARALLEL_CUT_EVALUATION': True,
  'PARTITION_TYPE': 'BI',
  'PICK_SMALLEST_PURVIEW': False,
  'PRECISION': 6,
  'PRINT_FRACTIONS': True,
  'PROGRESS_BARS': True,
  'REDIS_CACHE': False,
  'REDIS_CONFIG': {'db': 0, 'host': 'localhost', 'port': 6379, 'test_db': 1},
  'REPR_VERBOSITY': 2,
  'SINGLE_MICRO_NODES_WITH_SELFLOOPS_HAVE_PHI': False,
  'SYSTEM_CUTS': '3.0_STYLE',
  'USE_SMALL_PHI_DIFFERENCE_FOR_CES_DISTANCE': False,
  'VALIDATE_CONDITIONAL_INDEPENDENCE': True,
  'VALIDATE_SUBSYSTEM_STATES': True,
  'WELCOME_OFF': True}
2026-05-24 15:28:22,625 [pyphi.conf] INFO Process-37: PyPhi v1.2.0
2026-05-24 15:28:22,625 [pyphi.conf] INFO Process-37: Loaded configuration from ['C:\\Users\\User\\Documents\\Universidad\\ADA\\proyecto\\analisis-project-20261\\GeoMIP\\src\\Method2_Dynamic_Programming_Reformulation\\pyphi_config.yml']
2026-05-24 15:28:22,625 [pyphi.conf] INFO Process-37: Current PyPhi configuration:
 { 'ASSUME_CUTS_CANNOT_CREATE_NEW_CONCEPTS': False,
  'CACHE_POTENTIAL_PURVIEWS': True,
  'CACHE_REPERTOIRES': True,
  'CACHE_SIAS': False,
  'CACHING_BACKEND': 'fs',
  'CLEAR_SUBSYSTEM_CACHES_AFTER_COMPUTING_SIA': False,
  'CUT_ONE_APPROXIMATION': False,
  'FS_CACHE_DIRECTORY': '__pyphi_cache__',
  'FS_CACHE_VERBOSITY': 0,
  'LOG_FILE': 'pyphi.log',
  'LOG_FILE_LEVEL': 'INFO',
  'LOG_STDOUT_LEVEL': 'WARNING',
  'MAXIMUM_CACHE_MEMORY_PERCENTAGE': 50,
  'MEASURE': 'EMD',
  'MONGODB_CONFIG': { 'collection_name': 'cache',
                      'database_name': 'pyphi',
                      'host': 'localhost',
                      'port': 27017},
  'NUMBER_OF_CORES': -1,
  'PARALLEL_COMPLEX_EVALUATION': False,
  'PARALLEL_CONCEPT_EVALUATION': False,
  'PARALLEL_CUT_EVALUATION': True,
  'PARTITION_TYPE': 'BI',
  'PICK_SMALLEST_PURVIEW': False,
  'PRECISION': 6,
  'PRINT_FRACTIONS': True,
  'PROGRESS_BARS': True,
  'REDIS_CACHE': False,
  'REDIS_CONFIG': {'db': 0, 'host': 'localhost', 'port': 6379, 'test_db': 1},
  'REPR_VERBOSITY': 2,
  'SINGLE_MICRO_NODES_WITH_SELFLOOPS_HAVE_PHI': False,
  'SYSTEM_CUTS': '3.0_STYLE',
  'USE_SMALL_PHI_DIFFERENCE_FOR_CES_DISTANCE': False,
  'VALIDATE_CONDITIONAL_INDEPENDENCE': True,
  'VALIDATE_SUBSYSTEM_STATES': True,
  'WELCOME_OFF': True}
2026-05-24 15:29:18,307 [pyphi.conf] INFO Process-38: PyPhi v1.2.0
2026-05-24 15:29:18,307 [pyphi.conf] INFO Process-38: Loaded configuration from ['C:\\Users\\User\\Documents\\Universidad\\ADA\\proyecto\\analisis-project-20261\\GeoMIP\\src\\Method2_Dynamic_Programming_Reformulation\\pyphi_config.yml']
2026-05-24 15:29:18,307 [pyphi.conf] INFO Process-38: Current PyPhi configuration:
 { 'ASSUME_CUTS_CANNOT_CREATE_NEW_CONCEPTS': False,
  'CACHE_POTENTIAL_PURVIEWS': True,
  'CACHE_REPERTOIRES': True,
  'CACHE_SIAS': False,
  'CACHING_BACKEND': 'fs',
  'CLEAR_SUBSYSTEM_CACHES_AFTER_COMPUTING_SIA': False,
  'CUT_ONE_APPROXIMATION': False,
  'FS_CACHE_DIRECTORY': '__pyphi_cache__',
  'FS_CACHE_VERBOSITY': 0,
  'LOG_FILE': 'pyphi.log',
  'LOG_FILE_LEVEL': 'INFO',
  'LOG_STDOUT_LEVEL': 'WARNING',
  'MAXIMUM_CACHE_MEMORY_PERCENTAGE': 50,
  'MEASURE': 'EMD',
  'MONGODB_CONFIG': { 'collection_name': 'cache',
                      'database_name': 'pyphi',
                      'host': 'localhost',
                      'port': 27017},
  'NUMBER_OF_CORES': -1,
  'PARALLEL_COMPLEX_EVALUATION': False,
  'PARALLEL_CONCEPT_EVALUATION': False,
  'PARALLEL_CUT_EVALUATION': True,
  'PARTITION_TYPE': 'BI',
  'PICK_SMALLEST_PURVIEW': False,
  'PRECISION': 6,
  'PRINT_FRACTIONS': True,
  'PROGRESS_BARS': True,
  'REDIS_CACHE': False,
  'REDIS_CONFIG': {'db': 0, 'host': 'localhost', 'port': 6379, 'test_db': 1},
  'REPR_VERBOSITY': 2,
  'SINGLE_MICRO_NODES_WITH_SELFLOOPS_HAVE_PHI': False,
  'SYSTEM_CUTS': '3.0_STYLE',
  'USE_SMALL_PHI_DIFFERENCE_FOR_CES_DISTANCE': False,
  'VALIDATE_CONDITIONAL_INDEPENDENCE': True,
  'VALIDATE_SUBSYSTEM_STATES': True,
  'WELCOME_OFF': True}
2026-05-24 15:30:13,789 [pyphi.conf] INFO Process-39: PyPhi v1.2.0
2026-05-24 15:30:13,789 [pyphi.conf] INFO Process-39: Loaded configuration from ['C:\\Users\\User\\Documents\\Universidad\\ADA\\proyecto\\analisis-project-20261\\GeoMIP\\src\\Method2_Dynamic_Programming_Reformulation\\pyphi_config.yml']
2026-05-24 15:30:13,789 [pyphi.conf] INFO Process-39: Current PyPhi configuration:
 { 'ASSUME_CUTS_CANNOT_CREATE_NEW_CONCEPTS': False,
  'CACHE_POTENTIAL_PURVIEWS': True,
  'CACHE_REPERTOIRES': True,
  'CACHE_SIAS': False,
  'CACHING_BACKEND': 'fs',
  'CLEAR_SUBSYSTEM_CACHES_AFTER_COMPUTING_SIA': False,
  'CUT_ONE_APPROXIMATION': False,
  'FS_CACHE_DIRECTORY': '__pyphi_cache__',
  'FS_CACHE_VERBOSITY': 0,
  'LOG_FILE': 'pyphi.log',
  'LOG_FILE_LEVEL': 'INFO',
  'LOG_STDOUT_LEVEL': 'WARNING',
  'MAXIMUM_CACHE_MEMORY_PERCENTAGE': 50,
  'MEASURE': 'EMD',
  'MONGODB_CONFIG': { 'collection_name': 'cache',
                      'database_name': 'pyphi',
                      'host': 'localhost',
                      'port': 27017},
  'NUMBER_OF_CORES': -1,
  'PARALLEL_COMPLEX_EVALUATION': False,
  'PARALLEL_CONCEPT_EVALUATION': False,
  'PARALLEL_CUT_EVALUATION': True,
  'PARTITION_TYPE': 'BI',
  'PICK_SMALLEST_PURVIEW': False,
  'PRECISION': 6,
  'PRINT_FRACTIONS': True,
  'PROGRESS_BARS': True,
  'REDIS_CACHE': False,
  'REDIS_CONFIG': {'db': 0, 'host': 'localhost', 'port': 6379, 'test_db': 1},
  'REPR_VERBOSITY': 2,
  'SINGLE_MICRO_NODES_WITH_SELFLOOPS_HAVE_PHI': False,
  'SYSTEM_CUTS': '3.0_STYLE',
  'USE_SMALL_PHI_DIFFERENCE_FOR_CES_DISTANCE': False,
  'VALIDATE_CONDITIONAL_INDEPENDENCE': True,
  'VALIDATE_SUBSYSTEM_STATES': True,
  'WELCOME_OFF': True}
2026-05-24 15:30:40,851 [pyphi.conf] INFO Process-40: PyPhi v1.2.0
2026-05-24 15:30:40,851 [pyphi.conf] INFO Process-40: Loaded configuration from ['C:\\Users\\User\\Documents\\Universidad\\ADA\\proyecto\\analisis-project-20261\\GeoMIP\\src\\Method2_Dynamic_Programming_Reformulation\\pyphi_config.yml']
2026-05-24 15:30:40,851 [pyphi.conf] INFO Process-40: Current PyPhi configuration:
 { 'ASSUME_CUTS_CANNOT_CREATE_NEW_CONCEPTS': False,
  'CACHE_POTENTIAL_PURVIEWS': True,
  'CACHE_REPERTOIRES': True,
  'CACHE_SIAS': False,
  'CACHING_BACKEND': 'fs',
  'CLEAR_SUBSYSTEM_CACHES_AFTER_COMPUTING_SIA': False,
  'CUT_ONE_APPROXIMATION': False,
  'FS_CACHE_DIRECTORY': '__pyphi_cache__',
  'FS_CACHE_VERBOSITY': 0,
  'LOG_FILE': 'pyphi.log',
  'LOG_FILE_LEVEL': 'INFO',
  'LOG_STDOUT_LEVEL': 'WARNING',
  'MAXIMUM_CACHE_MEMORY_PERCENTAGE': 50,
  'MEASURE': 'EMD',
  'MONGODB_CONFIG': { 'collection_name': 'cache',
                      'database_name': 'pyphi',
                      'host': 'localhost',
                      'port': 27017},
  'NUMBER_OF_CORES': -1,
  'PARALLEL_COMPLEX_EVALUATION': False,
  'PARALLEL_CONCEPT_EVALUATION': False,
  'PARALLEL_CUT_EVALUATION': True,
  'PARTITION_TYPE': 'BI',
  'PICK_SMALLEST_PURVIEW': False,
  'PRECISION': 6,
  'PRINT_FRACTIONS': True,
  'PROGRESS_BARS': True,
  'REDIS_CACHE': False,
  'REDIS_CONFIG': {'db': 0, 'host': 'localhost', 'port': 6379, 'test_db': 1},
  'REPR_VERBOSITY': 2,
  'SINGLE_MICRO_NODES_WITH_SELFLOOPS_HAVE_PHI': False,
  'SYSTEM_CUTS': '3.0_STYLE',
  'USE_SMALL_PHI_DIFFERENCE_FOR_CES_DISTANCE': False,
  'VALIDATE_CONDITIONAL_INDEPENDENCE': True,
  'VALIDATE_SUBSYSTEM_STATES': True,
  'WELCOME_OFF': True}
2026-05-24 15:30:43,653 [pyphi.conf] INFO Process-41: PyPhi v1.2.0
2026-05-24 15:30:43,653 [pyphi.conf] INFO Process-41: Loaded configuration from ['C:\\Users\\User\\Documents\\Universidad\\ADA\\proyecto\\analisis-project-20261\\GeoMIP\\src\\Method2_Dynamic_Programming_Reformulation\\pyphi_config.yml']
2026-05-24 15:30:43,653 [pyphi.conf] INFO Process-41: Current PyPhi configuration:
 { 'ASSUME_CUTS_CANNOT_CREATE_NEW_CONCEPTS': False,
  'CACHE_POTENTIAL_PURVIEWS': True,
  'CACHE_REPERTOIRES': True,
  'CACHE_SIAS': False,
  'CACHING_BACKEND': 'fs',
  'CLEAR_SUBSYSTEM_CACHES_AFTER_COMPUTING_SIA': False,
  'CUT_ONE_APPROXIMATION': False,
  'FS_CACHE_DIRECTORY': '__pyphi_cache__',
  'FS_CACHE_VERBOSITY': 0,
  'LOG_FILE': 'pyphi.log',
  'LOG_FILE_LEVEL': 'INFO',
  'LOG_STDOUT_LEVEL': 'WARNING',
  'MAXIMUM_CACHE_MEMORY_PERCENTAGE': 50,
  'MEASURE': 'EMD',
  'MONGODB_CONFIG': { 'collection_name': 'cache',
                      'database_name': 'pyphi',
                      'host': 'localhost',
                      'port': 27017},
  'NUMBER_OF_CORES': -1,
  'PARALLEL_COMPLEX_EVALUATION': False,
  'PARALLEL_CONCEPT_EVALUATION': False,
  'PARALLEL_CUT_EVALUATION': True,
  'PARTITION_TYPE': 'BI',
  'PICK_SMALLEST_PURVIEW': False,
  'PRECISION': 6,
  'PRINT_FRACTIONS': True,
  'PROGRESS_BARS': True,
  'REDIS_CACHE': False,
  'REDIS_CONFIG': {'db': 0, 'host': 'localhost', 'port': 6379, 'test_db': 1},
  'REPR_VERBOSITY': 2,
  'SINGLE_MICRO_NODES_WITH_SELFLOOPS_HAVE_PHI': False,
  'SYSTEM_CUTS': '3.0_STYLE',
  'USE_SMALL_PHI_DIFFERENCE_FOR_CES_DISTANCE': False,
  'VALIDATE_CONDITIONAL_INDEPENDENCE': True,
  'VALIDATE_SUBSYSTEM_STATES': True,
  'WELCOME_OFF': True}
2026-05-24 15:30:45,416 [pyphi.conf] INFO Process-42: PyPhi v1.2.0
2026-05-24 15:30:45,416 [pyphi.conf] INFO Process-42: Loaded configuration from ['C:\\Users\\User\\Documents\\Universidad\\ADA\\proyecto\\analisis-project-20261\\GeoMIP\\src\\Method2_Dynamic_Programming_Reformulation\\pyphi_config.yml']
2026-05-24 15:30:45,416 [pyphi.conf] INFO Process-42: Current PyPhi configuration:
 { 'ASSUME_CUTS_CANNOT_CREATE_NEW_CONCEPTS': False,
  'CACHE_POTENTIAL_PURVIEWS': True,
  'CACHE_REPERTOIRES': True,
  'CACHE_SIAS': False,
  'CACHING_BACKEND': 'fs',
  'CLEAR_SUBSYSTEM_CACHES_AFTER_COMPUTING_SIA': False,
  'CUT_ONE_APPROXIMATION': False,
  'FS_CACHE_DIRECTORY': '__pyphi_cache__',
  'FS_CACHE_VERBOSITY': 0,
  'LOG_FILE': 'pyphi.log',
  'LOG_FILE_LEVEL': 'INFO',
  'LOG_STDOUT_LEVEL': 'WARNING',
  'MAXIMUM_CACHE_MEMORY_PERCENTAGE': 50,
  'MEASURE': 'EMD',
  'MONGODB_CONFIG': { 'collection_name': 'cache',
                      'database_name': 'pyphi',
                      'host': 'localhost',
                      'port': 27017},
  'NUMBER_OF_CORES': -1,
  'PARALLEL_COMPLEX_EVALUATION': False,
  'PARALLEL_CONCEPT_EVALUATION': False,
  'PARALLEL_CUT_EVALUATION': True,
  'PARTITION_TYPE': 'BI',
  'PICK_SMALLEST_PURVIEW': False,
  'PRECISION': 6,
  'PRINT_FRACTIONS': True,
  'PROGRESS_BARS': True,
  'REDIS_CACHE': False,
  'REDIS_CONFIG': {'db': 0, 'host': 'localhost', 'port': 6379, 'test_db': 1},
  'REPR_VERBOSITY': 2,
  'SINGLE_MICRO_NODES_WITH_SELFLOOPS_HAVE_PHI': False,
  'SYSTEM_CUTS': '3.0_STYLE',
  'USE_SMALL_PHI_DIFFERENCE_FOR_CES_DISTANCE': False,
  'VALIDATE_CONDITIONAL_INDEPENDENCE': True,
  'VALIDATE_SUBSYSTEM_STATES': True,
  'WELCOME_OFF': True}
2026-05-24 15:30:47,240 [pyphi.conf] INFO Process-43: PyPhi v1.2.0
2026-05-24 15:30:47,240 [pyphi.conf] INFO Process-43: Loaded configuration from ['C:\\Users\\User\\Documents\\Universidad\\ADA\\proyecto\\analisis-project-20261\\GeoMIP\\src\\Method2_Dynamic_Programming_Reformulation\\pyphi_config.yml']
2026-05-24 15:30:47,240 [pyphi.conf] INFO Process-43: Current PyPhi configuration:
 { 'ASSUME_CUTS_CANNOT_CREATE_NEW_CONCEPTS': False,
  'CACHE_POTENTIAL_PURVIEWS': True,
  'CACHE_REPERTOIRES': True,
  'CACHE_SIAS': False,
  'CACHING_BACKEND': 'fs',
  'CLEAR_SUBSYSTEM_CACHES_AFTER_COMPUTING_SIA': False,
  'CUT_ONE_APPROXIMATION': False,
  'FS_CACHE_DIRECTORY': '__pyphi_cache__',
  'FS_CACHE_VERBOSITY': 0,
  'LOG_FILE': 'pyphi.log',
  'LOG_FILE_LEVEL': 'INFO',
  'LOG_STDOUT_LEVEL': 'WARNING',
  'MAXIMUM_CACHE_MEMORY_PERCENTAGE': 50,
  'MEASURE': 'EMD',
  'MONGODB_CONFIG': { 'collection_name': 'cache',
                      'database_name': 'pyphi',
                      'host': 'localhost',
                      'port': 27017},
  'NUMBER_OF_CORES': -1,
  'PARALLEL_COMPLEX_EVALUATION': False,
  'PARALLEL_CONCEPT_EVALUATION': False,
  'PARALLEL_CUT_EVALUATION': True,
  'PARTITION_TYPE': 'BI',
  'PICK_SMALLEST_PURVIEW': False,
  'PRECISION': 6,
  'PRINT_FRACTIONS': True,
  'PROGRESS_BARS': True,
  'REDIS_CACHE': False,
  'REDIS_CONFIG': {'db': 0, 'host': 'localhost', 'port': 6379, 'test_db': 1},
  'REPR_VERBOSITY': 2,
  'SINGLE_MICRO_NODES_WITH_SELFLOOPS_HAVE_PHI': False,
  'SYSTEM_CUTS': '3.0_STYLE',
  'USE_SMALL_PHI_DIFFERENCE_FOR_CES_DISTANCE': False,
  'VALIDATE_CONDITIONAL_INDEPENDENCE': True,
  'VALIDATE_SUBSYSTEM_STATES': True,
  'WELCOME_OFF': True}
2026-05-24 15:32:43,085 [pyphi.conf] INFO Process-44: PyPhi v1.2.0
2026-05-24 15:32:43,085 [pyphi.conf] INFO Process-44: Loaded configuration from ['C:\\Users\\User\\Documents\\Universidad\\ADA\\proyecto\\analisis-project-20261\\GeoMIP\\src\\Method2_Dynamic_Programming_Reformulation\\pyphi_config.yml']
2026-05-24 15:32:43,085 [pyphi.conf] INFO Process-44: Current PyPhi configuration:
 { 'ASSUME_CUTS_CANNOT_CREATE_NEW_CONCEPTS': False,
  'CACHE_POTENTIAL_PURVIEWS': True,
  'CACHE_REPERTOIRES': True,
  'CACHE_SIAS': False,
  'CACHING_BACKEND': 'fs',
  'CLEAR_SUBSYSTEM_CACHES_AFTER_COMPUTING_SIA': False,
  'CUT_ONE_APPROXIMATION': False,
  'FS_CACHE_DIRECTORY': '__pyphi_cache__',
  'FS_CACHE_VERBOSITY': 0,
  'LOG_FILE': 'pyphi.log',
  'LOG_FILE_LEVEL': 'INFO',
  'LOG_STDOUT_LEVEL': 'WARNING',
  'MAXIMUM_CACHE_MEMORY_PERCENTAGE': 50,
  'MEASURE': 'EMD',
  'MONGODB_CONFIG': { 'collection_name': 'cache',
                      'database_name': 'pyphi',
                      'host': 'localhost',
                      'port': 27017},
  'NUMBER_OF_CORES': -1,
  'PARALLEL_COMPLEX_EVALUATION': False,
  'PARALLEL_CONCEPT_EVALUATION': False,
  'PARALLEL_CUT_EVALUATION': True,
  'PARTITION_TYPE': 'BI',
  'PICK_SMALLEST_PURVIEW': False,
  'PRECISION': 6,
  'PRINT_FRACTIONS': True,
  'PROGRESS_BARS': True,
  'REDIS_CACHE': False,
  'REDIS_CONFIG': {'db': 0, 'host': 'localhost', 'port': 6379, 'test_db': 1},
  'REPR_VERBOSITY': 2,
  'SINGLE_MICRO_NODES_WITH_SELFLOOPS_HAVE_PHI': False,
  'SYSTEM_CUTS': '3.0_STYLE',
  'USE_SMALL_PHI_DIFFERENCE_FOR_CES_DISTANCE': False,
  'VALIDATE_CONDITIONAL_INDEPENDENCE': True,
  'VALIDATE_SUBSYSTEM_STATES': True,
  'WELCOME_OFF': True}
2026-05-24 15:33:38,595 [pyphi.conf] INFO Process-45: PyPhi v1.2.0
2026-05-24 15:33:38,595 [pyphi.conf] INFO Process-45: Loaded configuration from ['C:\\Users\\User\\Documents\\Universidad\\ADA\\proyecto\\analisis-project-20261\\GeoMIP\\src\\Method2_Dynamic_Programming_Reformulation\\pyphi_config.yml']
2026-05-24 15:33:38,595 [pyphi.conf] INFO Process-45: Current PyPhi configuration:
 { 'ASSUME_CUTS_CANNOT_CREATE_NEW_CONCEPTS': False,
  'CACHE_POTENTIAL_PURVIEWS': True,
  'CACHE_REPERTOIRES': True,
  'CACHE_SIAS': False,
  'CACHING_BACKEND': 'fs',
  'CLEAR_SUBSYSTEM_CACHES_AFTER_COMPUTING_SIA': False,
  'CUT_ONE_APPROXIMATION': False,
  'FS_CACHE_DIRECTORY': '__pyphi_cache__',
  'FS_CACHE_VERBOSITY': 0,
  'LOG_FILE': 'pyphi.log',
  'LOG_FILE_LEVEL': 'INFO',
  'LOG_STDOUT_LEVEL': 'WARNING',
  'MAXIMUM_CACHE_MEMORY_PERCENTAGE': 50,
  'MEASURE': 'EMD',
  'MONGODB_CONFIG': { 'collection_name': 'cache',
                      'database_name': 'pyphi',
                      'host': 'localhost',
                      'port': 27017},
  'NUMBER_OF_CORES': -1,
  'PARALLEL_COMPLEX_EVALUATION': False,
  'PARALLEL_CONCEPT_EVALUATION': False,
  'PARALLEL_CUT_EVALUATION': True,
  'PARTITION_TYPE': 'BI',
  'PICK_SMALLEST_PURVIEW': False,
  'PRECISION': 6,
  'PRINT_FRACTIONS': True,
  'PROGRESS_BARS': True,
  'REDIS_CACHE': False,
  'REDIS_CONFIG': {'db': 0, 'host': 'localhost', 'port': 6379, 'test_db': 1},
  'REPR_VERBOSITY': 2,
  'SINGLE_MICRO_NODES_WITH_SELFLOOPS_HAVE_PHI': False,
  'SYSTEM_CUTS': '3.0_STYLE',
  'USE_SMALL_PHI_DIFFERENCE_FOR_CES_DISTANCE': False,
  'VALIDATE_CONDITIONAL_INDEPENDENCE': True,
  'VALIDATE_SUBSYSTEM_STATES': True,
  'WELCOME_OFF': True}
2026-05-24 15:34:34,332 [pyphi.conf] INFO Process-46: PyPhi v1.2.0
2026-05-24 15:34:34,332 [pyphi.conf] INFO Process-46: Loaded configuration from ['C:\\Users\\User\\Documents\\Universidad\\ADA\\proyecto\\analisis-project-20261\\GeoMIP\\src\\Method2_Dynamic_Programming_Reformulation\\pyphi_config.yml']
2026-05-24 15:34:34,332 [pyphi.conf] INFO Process-46: Current PyPhi configuration:
 { 'ASSUME_CUTS_CANNOT_CREATE_NEW_CONCEPTS': False,
  'CACHE_POTENTIAL_PURVIEWS': True,
  'CACHE_REPERTOIRES': True,
  'CACHE_SIAS': False,
  'CACHING_BACKEND': 'fs',
  'CLEAR_SUBSYSTEM_CACHES_AFTER_COMPUTING_SIA': False,
  'CUT_ONE_APPROXIMATION': False,
  'FS_CACHE_DIRECTORY': '__pyphi_cache__',
  'FS_CACHE_VERBOSITY': 0,
  'LOG_FILE': 'pyphi.log',
  'LOG_FILE_LEVEL': 'INFO',
  'LOG_STDOUT_LEVEL': 'WARNING',
  'MAXIMUM_CACHE_MEMORY_PERCENTAGE': 50,
  'MEASURE': 'EMD',
  'MONGODB_CONFIG': { 'collection_name': 'cache',
                      'database_name': 'pyphi',
                      'host': 'localhost',
                      'port': 27017},
  'NUMBER_OF_CORES': -1,
  'PARALLEL_COMPLEX_EVALUATION': False,
  'PARALLEL_CONCEPT_EVALUATION': False,
  'PARALLEL_CUT_EVALUATION': True,
  'PARTITION_TYPE': 'BI',
  'PICK_SMALLEST_PURVIEW': False,
  'PRECISION': 6,
  'PRINT_FRACTIONS': True,
  'PROGRESS_BARS': True,
  'REDIS_CACHE': False,
  'REDIS_CONFIG': {'db': 0, 'host': 'localhost', 'port': 6379, 'test_db': 1},
  'REPR_VERBOSITY': 2,
  'SINGLE_MICRO_NODES_WITH_SELFLOOPS_HAVE_PHI': False,
  'SYSTEM_CUTS': '3.0_STYLE',
  'USE_SMALL_PHI_DIFFERENCE_FOR_CES_DISTANCE': False,
  'VALIDATE_CONDITIONAL_INDEPENDENCE': True,
  'VALIDATE_SUBSYSTEM_STATES': True,
  'WELCOME_OFF': True}
2026-05-24 15:35:01,637 [pyphi.conf] INFO Process-47: PyPhi v1.2.0
2026-05-24 15:35:01,637 [pyphi.conf] INFO Process-47: Loaded configuration from ['C:\\Users\\User\\Documents\\Universidad\\ADA\\proyecto\\analisis-project-20261\\GeoMIP\\src\\Method2_Dynamic_Programming_Reformulation\\pyphi_config.yml']
2026-05-24 15:35:01,637 [pyphi.conf] INFO Process-47: Current PyPhi configuration:
 { 'ASSUME_CUTS_CANNOT_CREATE_NEW_CONCEPTS': False,
  'CACHE_POTENTIAL_PURVIEWS': True,
  'CACHE_REPERTOIRES': True,
  'CACHE_SIAS': False,
  'CACHING_BACKEND': 'fs',
  'CLEAR_SUBSYSTEM_CACHES_AFTER_COMPUTING_SIA': False,
  'CUT_ONE_APPROXIMATION': False,
  'FS_CACHE_DIRECTORY': '__pyphi_cache__',
  'FS_CACHE_VERBOSITY': 0,
  'LOG_FILE': 'pyphi.log',
  'LOG_FILE_LEVEL': 'INFO',
  'LOG_STDOUT_LEVEL': 'WARNING',
  'MAXIMUM_CACHE_MEMORY_PERCENTAGE': 50,
  'MEASURE': 'EMD',
  'MONGODB_CONFIG': { 'collection_name': 'cache',
                      'database_name': 'pyphi',
                      'host': 'localhost',
                      'port': 27017},
  'NUMBER_OF_CORES': -1,
  'PARALLEL_COMPLEX_EVALUATION': False,
  'PARALLEL_CONCEPT_EVALUATION': False,
  'PARALLEL_CUT_EVALUATION': True,
  'PARTITION_TYPE': 'BI',
  'PICK_SMALLEST_PURVIEW': False,
  'PRECISION': 6,
  'PRINT_FRACTIONS': True,
  'PROGRESS_BARS': True,
  'REDIS_CACHE': False,
  'REDIS_CONFIG': {'db': 0, 'host': 'localhost', 'port': 6379, 'test_db': 1},
  'REPR_VERBOSITY': 2,
  'SINGLE_MICRO_NODES_WITH_SELFLOOPS_HAVE_PHI': False,
  'SYSTEM_CUTS': '3.0_STYLE',
  'USE_SMALL_PHI_DIFFERENCE_FOR_CES_DISTANCE': False,
  'VALIDATE_CONDITIONAL_INDEPENDENCE': True,
  'VALIDATE_SUBSYSTEM_STATES': True,
  'WELCOME_OFF': True}
2026-05-24 15:35:04,429 [pyphi.conf] INFO Process-48: PyPhi v1.2.0
2026-05-24 15:35:04,429 [pyphi.conf] INFO Process-48: Loaded configuration from ['C:\\Users\\User\\Documents\\Universidad\\ADA\\proyecto\\analisis-project-20261\\GeoMIP\\src\\Method2_Dynamic_Programming_Reformulation\\pyphi_config.yml']
2026-05-24 15:35:04,429 [pyphi.conf] INFO Process-48: Current PyPhi configuration:
 { 'ASSUME_CUTS_CANNOT_CREATE_NEW_CONCEPTS': False,
  'CACHE_POTENTIAL_PURVIEWS': True,
  'CACHE_REPERTOIRES': True,
  'CACHE_SIAS': False,
  'CACHING_BACKEND': 'fs',
  'CLEAR_SUBSYSTEM_CACHES_AFTER_COMPUTING_SIA': False,
  'CUT_ONE_APPROXIMATION': False,
  'FS_CACHE_DIRECTORY': '__pyphi_cache__',
  'FS_CACHE_VERBOSITY': 0,
  'LOG_FILE': 'pyphi.log',
  'LOG_FILE_LEVEL': 'INFO',
  'LOG_STDOUT_LEVEL': 'WARNING',
  'MAXIMUM_CACHE_MEMORY_PERCENTAGE': 50,
  'MEASURE': 'EMD',
  'MONGODB_CONFIG': { 'collection_name': 'cache',
                      'database_name': 'pyphi',
                      'host': 'localhost',
                      'port': 27017},
  'NUMBER_OF_CORES': -1,
  'PARALLEL_COMPLEX_EVALUATION': False,
  'PARALLEL_CONCEPT_EVALUATION': False,
  'PARALLEL_CUT_EVALUATION': True,
  'PARTITION_TYPE': 'BI',
  'PICK_SMALLEST_PURVIEW': False,
  'PRECISION': 6,
  'PRINT_FRACTIONS': True,
  'PROGRESS_BARS': True,
  'REDIS_CACHE': False,
  'REDIS_CONFIG': {'db': 0, 'host': 'localhost', 'port': 6379, 'test_db': 1},
  'REPR_VERBOSITY': 2,
  'SINGLE_MICRO_NODES_WITH_SELFLOOPS_HAVE_PHI': False,
  'SYSTEM_CUTS': '3.0_STYLE',
  'USE_SMALL_PHI_DIFFERENCE_FOR_CES_DISTANCE': False,
  'VALIDATE_CONDITIONAL_INDEPENDENCE': True,
  'VALIDATE_SUBSYSTEM_STATES': True,
  'WELCOME_OFF': True}
2026-05-24 15:35:06,207 [pyphi.conf] INFO Process-49: PyPhi v1.2.0
2026-05-24 15:35:06,207 [pyphi.conf] INFO Process-49: Loaded configuration from ['C:\\Users\\User\\Documents\\Universidad\\ADA\\proyecto\\analisis-project-20261\\GeoMIP\\src\\Method2_Dynamic_Programming_Reformulation\\pyphi_config.yml']
2026-05-24 15:35:06,207 [pyphi.conf] INFO Process-49: Current PyPhi configuration:
 { 'ASSUME_CUTS_CANNOT_CREATE_NEW_CONCEPTS': False,
  'CACHE_POTENTIAL_PURVIEWS': True,
  'CACHE_REPERTOIRES': True,
  'CACHE_SIAS': False,
  'CACHING_BACKEND': 'fs',
  'CLEAR_SUBSYSTEM_CACHES_AFTER_COMPUTING_SIA': False,
  'CUT_ONE_APPROXIMATION': False,
  'FS_CACHE_DIRECTORY': '__pyphi_cache__',
  'FS_CACHE_VERBOSITY': 0,
  'LOG_FILE': 'pyphi.log',
  'LOG_FILE_LEVEL': 'INFO',
  'LOG_STDOUT_LEVEL': 'WARNING',
  'MAXIMUM_CACHE_MEMORY_PERCENTAGE': 50,
  'MEASURE': 'EMD',
  'MONGODB_CONFIG': { 'collection_name': 'cache',
                      'database_name': 'pyphi',
                      'host': 'localhost',
                      'port': 27017},
  'NUMBER_OF_CORES': -1,
  'PARALLEL_COMPLEX_EVALUATION': False,
  'PARALLEL_CONCEPT_EVALUATION': False,
  'PARALLEL_CUT_EVALUATION': True,
  'PARTITION_TYPE': 'BI',
  'PICK_SMALLEST_PURVIEW': False,
  'PRECISION': 6,
  'PRINT_FRACTIONS': True,
  'PROGRESS_BARS': True,
  'REDIS_CACHE': False,
  'REDIS_CONFIG': {'db': 0, 'host': 'localhost', 'port': 6379, 'test_db': 1},
  'REPR_VERBOSITY': 2,
  'SINGLE_MICRO_NODES_WITH_SELFLOOPS_HAVE_PHI': False,
  'SYSTEM_CUTS': '3.0_STYLE',
  'USE_SMALL_PHI_DIFFERENCE_FOR_CES_DISTANCE': False,
  'VALIDATE_CONDITIONAL_INDEPENDENCE': True,
  'VALIDATE_SUBSYSTEM_STATES': True,
  'WELCOME_OFF': True}
2026-05-24 15:35:08,025 [pyphi.conf] INFO Process-50: PyPhi v1.2.0
2026-05-24 15:35:08,025 [pyphi.conf] INFO Process-50: Loaded configuration from ['C:\\Users\\User\\Documents\\Universidad\\ADA\\proyecto\\analisis-project-20261\\GeoMIP\\src\\Method2_Dynamic_Programming_Reformulation\\pyphi_config.yml']
2026-05-24 15:35:08,025 [pyphi.conf] INFO Process-50: Current PyPhi configuration:
 { 'ASSUME_CUTS_CANNOT_CREATE_NEW_CONCEPTS': False,
  'CACHE_POTENTIAL_PURVIEWS': True,
  'CACHE_REPERTOIRES': True,
  'CACHE_SIAS': False,
  'CACHING_BACKEND': 'fs',
  'CLEAR_SUBSYSTEM_CACHES_AFTER_COMPUTING_SIA': False,
  'CUT_ONE_APPROXIMATION': False,
  'FS_CACHE_DIRECTORY': '__pyphi_cache__',
  'FS_CACHE_VERBOSITY': 0,
  'LOG_FILE': 'pyphi.log',
  'LOG_FILE_LEVEL': 'INFO',
  'LOG_STDOUT_LEVEL': 'WARNING',
  'MAXIMUM_CACHE_MEMORY_PERCENTAGE': 50,
  'MEASURE': 'EMD',
  'MONGODB_CONFIG': { 'collection_name': 'cache',
                      'database_name': 'pyphi',
                      'host': 'localhost',
                      'port': 27017},
  'NUMBER_OF_CORES': -1,
  'PARALLEL_COMPLEX_EVALUATION': False,
  'PARALLEL_CONCEPT_EVALUATION': False,
  'PARALLEL_CUT_EVALUATION': True,
  'PARTITION_TYPE': 'BI',
  'PICK_SMALLEST_PURVIEW': False,
  'PRECISION': 6,
  'PRINT_FRACTIONS': True,
  'PROGRESS_BARS': True,
  'REDIS_CACHE': False,
  'REDIS_CONFIG': {'db': 0, 'host': 'localhost', 'port': 6379, 'test_db': 1},
  'REPR_VERBOSITY': 2,
  'SINGLE_MICRO_NODES_WITH_SELFLOOPS_HAVE_PHI': False,
  'SYSTEM_CUTS': '3.0_STYLE',
  'USE_SMALL_PHI_DIFFERENCE_FOR_CES_DISTANCE': False,
  'VALIDATE_CONDITIONAL_INDEPENDENCE': True,
  'VALIDATE_SUBSYSTEM_STATES': True,
  'WELCOME_OFF': True}
2026-05-26 13:19:53,145 [pyphi.conf] INFO MainProcess: PyPhi v1.2.0
2026-05-26 13:19:53,146 [pyphi.conf] INFO MainProcess: Loaded configuration from ['C:\\Users\\User\\Documents\\Universidad\\ADA\\proyecto\\analisis-project-20261\\GeoMIP\\src\\Method2_Dynamic_Programming_Reformulation\\pyphi_config.yml']
2026-05-26 13:19:53,146 [pyphi.conf] INFO MainProcess: Current PyPhi configuration:
 { 'ASSUME_CUTS_CANNOT_CREATE_NEW_CONCEPTS': False,
  'CACHE_POTENTIAL_PURVIEWS': True,
  'CACHE_REPERTOIRES': True,
  'CACHE_SIAS': False,
  'CACHING_BACKEND': 'fs',
  'CLEAR_SUBSYSTEM_CACHES_AFTER_COMPUTING_SIA': False,
  'CUT_ONE_APPROXIMATION': False,
  'FS_CACHE_DIRECTORY': '__pyphi_cache__',
  'FS_CACHE_VERBOSITY': 0,
  'LOG_FILE': 'pyphi.log',
  'LOG_FILE_LEVEL': 'INFO',
  'LOG_STDOUT_LEVEL': 'WARNING',
  'MAXIMUM_CACHE_MEMORY_PERCENTAGE': 50,
  'MEASURE': 'EMD',
  'MONGODB_CONFIG': { 'collection_name': 'cache',
                      'database_name': 'pyphi',
                      'host': 'localhost',
                      'port': 27017},
  'NUMBER_OF_CORES': -1,
  'PARALLEL_COMPLEX_EVALUATION': False,
  'PARALLEL_CONCEPT_EVALUATION': False,
  'PARALLEL_CUT_EVALUATION': True,
  'PARTITION_TYPE': 'BI',
  'PICK_SMALLEST_PURVIEW': False,
  'PRECISION': 6,
  'PRINT_FRACTIONS': True,
  'PROGRESS_BARS': True,
  'REDIS_CACHE': False,
  'REDIS_CONFIG': {'db': 0, 'host': 'localhost', 'port': 6379, 'test_db': 1},
  'REPR_VERBOSITY': 2,
  'SINGLE_MICRO_NODES_WITH_SELFLOOPS_HAVE_PHI': False,
  'SYSTEM_CUTS': '3.0_STYLE',
  'USE_SMALL_PHI_DIFFERENCE_FOR_CES_DISTANCE': False,
  'VALIDATE_CONDITIONAL_INDEPENDENCE': True,
  'VALIDATE_SUBSYSTEM_STATES': True,
  'WELCOME_OFF': True}
2026-05-26 13:20:06,014 [pyphi.conf] INFO Process-1: PyPhi v1.2.0
2026-05-26 13:20:06,014 [pyphi.conf] INFO Process-1: Loaded configuration from ['C:\\Users\\User\\Documents\\Universidad\\ADA\\proyecto\\analisis-project-20261\\GeoMIP\\src\\Method2_Dynamic_Programming_Reformulation\\pyphi_config.yml']
2026-05-26 13:20:06,015 [pyphi.conf] INFO Process-1: Current PyPhi configuration:
 { 'ASSUME_CUTS_CANNOT_CREATE_NEW_CONCEPTS': False,
  'CACHE_POTENTIAL_PURVIEWS': True,
  'CACHE_REPERTOIRES': True,
  'CACHE_SIAS': False,
  'CACHING_BACKEND': 'fs',
  'CLEAR_SUBSYSTEM_CACHES_AFTER_COMPUTING_SIA': False,
  'CUT_ONE_APPROXIMATION': False,
  'FS_CACHE_DIRECTORY': '__pyphi_cache__',
  'FS_CACHE_VERBOSITY': 0,
  'LOG_FILE': 'pyphi.log',
  'LOG_FILE_LEVEL': 'INFO',
  'LOG_STDOUT_LEVEL': 'WARNING',
  'MAXIMUM_CACHE_MEMORY_PERCENTAGE': 50,
  'MEASURE': 'EMD',
  'MONGODB_CONFIG': { 'collection_name': 'cache',
                      'database_name': 'pyphi',
                      'host': 'localhost',
                      'port': 27017},
  'NUMBER_OF_CORES': -1,
  'PARALLEL_COMPLEX_EVALUATION': False,
  'PARALLEL_CONCEPT_EVALUATION': False,
  'PARALLEL_CUT_EVALUATION': True,
  'PARTITION_TYPE': 'BI',
  'PICK_SMALLEST_PURVIEW': False,
  'PRECISION': 6,
  'PRINT_FRACTIONS': True,
  'PROGRESS_BARS': True,
  'REDIS_CACHE': False,
  'REDIS_CONFIG': {'db': 0, 'host': 'localhost', 'port': 6379, 'test_db': 1},
  'REPR_VERBOSITY': 2,
  'SINGLE_MICRO_NODES_WITH_SELFLOOPS_HAVE_PHI': False,
  'SYSTEM_CUTS': '3.0_STYLE',
  'USE_SMALL_PHI_DIFFERENCE_FOR_CES_DISTANCE': False,
  'VALIDATE_CONDITIONAL_INDEPENDENCE': True,
  'VALIDATE_SUBSYSTEM_STATES': True,
  'WELCOME_OFF': True}
2026-05-26 13:21:40,936 [pyphi.conf] INFO MainProcess: PyPhi v1.2.0
2026-05-26 13:21:40,937 [pyphi.conf] INFO MainProcess: Loaded configuration from ['C:\\Users\\User\\Documents\\Universidad\\ADA\\proyecto\\analisis-project-20261\\GeoMIP\\src\\Method2_Dynamic_Programming_Reformulation\\pyphi_config.yml']
2026-05-26 13:21:40,937 [pyphi.conf] INFO MainProcess: Current PyPhi configuration:
 { 'ASSUME_CUTS_CANNOT_CREATE_NEW_CONCEPTS': False,
  'CACHE_POTENTIAL_PURVIEWS': True,
  'CACHE_REPERTOIRES': True,
  'CACHE_SIAS': False,
  'CACHING_BACKEND': 'fs',
  'CLEAR_SUBSYSTEM_CACHES_AFTER_COMPUTING_SIA': False,
  'CUT_ONE_APPROXIMATION': False,
  'FS_CACHE_DIRECTORY': '__pyphi_cache__',
  'FS_CACHE_VERBOSITY': 0,
  'LOG_FILE': 'pyphi.log',
  'LOG_FILE_LEVEL': 'INFO',
  'LOG_STDOUT_LEVEL': 'WARNING',
  'MAXIMUM_CACHE_MEMORY_PERCENTAGE': 50,
  'MEASURE': 'EMD',
  'MONGODB_CONFIG': { 'collection_name': 'cache',
                      'database_name': 'pyphi',
                      'host': 'localhost',
                      'port': 27017},
  'NUMBER_OF_CORES': -1,
  'PARALLEL_COMPLEX_EVALUATION': False,
  'PARALLEL_CONCEPT_EVALUATION': False,
  'PARALLEL_CUT_EVALUATION': True,
  'PARTITION_TYPE': 'BI',
  'PICK_SMALLEST_PURVIEW': False,
  'PRECISION': 6,
  'PRINT_FRACTIONS': True,
  'PROGRESS_BARS': True,
  'REDIS_CACHE': False,
  'REDIS_CONFIG': {'db': 0, 'host': 'localhost', 'port': 6379, 'test_db': 1},
  'REPR_VERBOSITY': 2,
  'SINGLE_MICRO_NODES_WITH_SELFLOOPS_HAVE_PHI': False,
  'SYSTEM_CUTS': '3.0_STYLE',
  'USE_SMALL_PHI_DIFFERENCE_FOR_CES_DISTANCE': False,
  'VALIDATE_CONDITIONAL_INDEPENDENCE': True,
  'VALIDATE_SUBSYSTEM_STATES': True,
  'WELCOME_OFF': True}
2026-05-26 13:21:50,467 [pyphi.conf] INFO Process-1: PyPhi v1.2.0
2026-05-26 13:21:50,467 [pyphi.conf] INFO Process-1: Loaded configuration from ['C:\\Users\\User\\Documents\\Universidad\\ADA\\proyecto\\analisis-project-20261\\GeoMIP\\src\\Method2_Dynamic_Programming_Reformulation\\pyphi_config.yml']
2026-05-26 13:21:50,467 [pyphi.conf] INFO Process-1: Current PyPhi configuration:
 { 'ASSUME_CUTS_CANNOT_CREATE_NEW_CONCEPTS': False,
  'CACHE_POTENTIAL_PURVIEWS': True,
  'CACHE_REPERTOIRES': True,
  'CACHE_SIAS': False,
  'CACHING_BACKEND': 'fs',
  'CLEAR_SUBSYSTEM_CACHES_AFTER_COMPUTING_SIA': False,
  'CUT_ONE_APPROXIMATION': False,
  'FS_CACHE_DIRECTORY': '__pyphi_cache__',
  'FS_CACHE_VERBOSITY': 0,
  'LOG_FILE': 'pyphi.log',
  'LOG_FILE_LEVEL': 'INFO',
  'LOG_STDOUT_LEVEL': 'WARNING',
  'MAXIMUM_CACHE_MEMORY_PERCENTAGE': 50,
  'MEASURE': 'EMD',
  'MONGODB_CONFIG': { 'collection_name': 'cache',
                      'database_name': 'pyphi',
                      'host': 'localhost',
                      'port': 27017},
  'NUMBER_OF_CORES': -1,
  'PARALLEL_COMPLEX_EVALUATION': False,
  'PARALLEL_CONCEPT_EVALUATION': False,
  'PARALLEL_CUT_EVALUATION': True,
  'PARTITION_TYPE': 'BI',
  'PICK_SMALLEST_PURVIEW': False,
  'PRECISION': 6,
  'PRINT_FRACTIONS': True,
  'PROGRESS_BARS': True,
  'REDIS_CACHE': False,
  'REDIS_CONFIG': {'db': 0, 'host': 'localhost', 'port': 6379, 'test_db': 1},
  'REPR_VERBOSITY': 2,
  'SINGLE_MICRO_NODES_WITH_SELFLOOPS_HAVE_PHI': False,
  'SYSTEM_CUTS': '3.0_STYLE',
  'USE_SMALL_PHI_DIFFERENCE_FOR_CES_DISTANCE': False,
  'VALIDATE_CONDITIONAL_INDEPENDENCE': True,
  'VALIDATE_SUBSYSTEM_STATES': True,
  'WELCOME_OFF': True}
2026-05-26 13:21:52,354 [pyphi.conf] INFO Process-2: PyPhi v1.2.0
2026-05-26 13:21:52,354 [pyphi.conf] INFO Process-2: Loaded configuration from ['C:\\Users\\User\\Documents\\Universidad\\ADA\\proyecto\\analisis-project-20261\\GeoMIP\\src\\Method2_Dynamic_Programming_Reformulation\\pyphi_config.yml']
2026-05-26 13:21:52,354 [pyphi.conf] INFO Process-2: Current PyPhi configuration:
 { 'ASSUME_CUTS_CANNOT_CREATE_NEW_CONCEPTS': False,
  'CACHE_POTENTIAL_PURVIEWS': True,
  'CACHE_REPERTOIRES': True,
  'CACHE_SIAS': False,
  'CACHING_BACKEND': 'fs',
  'CLEAR_SUBSYSTEM_CACHES_AFTER_COMPUTING_SIA': False,
  'CUT_ONE_APPROXIMATION': False,
  'FS_CACHE_DIRECTORY': '__pyphi_cache__',
  'FS_CACHE_VERBOSITY': 0,
  'LOG_FILE': 'pyphi.log',
  'LOG_FILE_LEVEL': 'INFO',
  'LOG_STDOUT_LEVEL': 'WARNING',
  'MAXIMUM_CACHE_MEMORY_PERCENTAGE': 50,
  'MEASURE': 'EMD',
  'MONGODB_CONFIG': { 'collection_name': 'cache',
                      'database_name': 'pyphi',
                      'host': 'localhost',
                      'port': 27017},
  'NUMBER_OF_CORES': -1,
  'PARALLEL_COMPLEX_EVALUATION': False,
  'PARALLEL_CONCEPT_EVALUATION': False,
  'PARALLEL_CUT_EVALUATION': True,
  'PARTITION_TYPE': 'BI',
  'PICK_SMALLEST_PURVIEW': False,
  'PRECISION': 6,
  'PRINT_FRACTIONS': True,
  'PROGRESS_BARS': True,
  'REDIS_CACHE': False,
  'REDIS_CONFIG': {'db': 0, 'host': 'localhost', 'port': 6379, 'test_db': 1},
  'REPR_VERBOSITY': 2,
  'SINGLE_MICRO_NODES_WITH_SELFLOOPS_HAVE_PHI': False,
  'SYSTEM_CUTS': '3.0_STYLE',
  'USE_SMALL_PHI_DIFFERENCE_FOR_CES_DISTANCE': False,
  'VALIDATE_CONDITIONAL_INDEPENDENCE': True,
  'VALIDATE_SUBSYSTEM_STATES': True,
  'WELCOME_OFF': True}
2026-05-26 13:21:54,164 [pyphi.conf] INFO Process-3: PyPhi v1.2.0
2026-05-26 13:21:54,164 [pyphi.conf] INFO Process-3: Loaded configuration from ['C:\\Users\\User\\Documents\\Universidad\\ADA\\proyecto\\analisis-project-20261\\GeoMIP\\src\\Method2_Dynamic_Programming_Reformulation\\pyphi_config.yml']
2026-05-26 13:21:54,164 [pyphi.conf] INFO Process-3: Current PyPhi configuration:
 { 'ASSUME_CUTS_CANNOT_CREATE_NEW_CONCEPTS': False,
  'CACHE_POTENTIAL_PURVIEWS': True,
  'CACHE_REPERTOIRES': True,
  'CACHE_SIAS': False,
  'CACHING_BACKEND': 'fs',
  'CLEAR_SUBSYSTEM_CACHES_AFTER_COMPUTING_SIA': False,
  'CUT_ONE_APPROXIMATION': False,
  'FS_CACHE_DIRECTORY': '__pyphi_cache__',
  'FS_CACHE_VERBOSITY': 0,
  'LOG_FILE': 'pyphi.log',
  'LOG_FILE_LEVEL': 'INFO',
  'LOG_STDOUT_LEVEL': 'WARNING',
  'MAXIMUM_CACHE_MEMORY_PERCENTAGE': 50,
  'MEASURE': 'EMD',
  'MONGODB_CONFIG': { 'collection_name': 'cache',
                      'database_name': 'pyphi',
                      'host': 'localhost',
                      'port': 27017},
  'NUMBER_OF_CORES': -1,
  'PARALLEL_COMPLEX_EVALUATION': False,
  'PARALLEL_CONCEPT_EVALUATION': False,
  'PARALLEL_CUT_EVALUATION': True,
  'PARTITION_TYPE': 'BI',
  'PICK_SMALLEST_PURVIEW': False,
  'PRECISION': 6,
  'PRINT_FRACTIONS': True,
  'PROGRESS_BARS': True,
  'REDIS_CACHE': False,
  'REDIS_CONFIG': {'db': 0, 'host': 'localhost', 'port': 6379, 'test_db': 1},
  'REPR_VERBOSITY': 2,
  'SINGLE_MICRO_NODES_WITH_SELFLOOPS_HAVE_PHI': False,
  'SYSTEM_CUTS': '3.0_STYLE',
  'USE_SMALL_PHI_DIFFERENCE_FOR_CES_DISTANCE': False,
  'VALIDATE_CONDITIONAL_INDEPENDENCE': True,
  'VALIDATE_SUBSYSTEM_STATES': True,
  'WELCOME_OFF': True}
2026-05-26 13:21:55,927 [pyphi.conf] INFO Process-4: PyPhi v1.2.0
2026-05-26 13:21:55,927 [pyphi.conf] INFO Process-4: Loaded configuration from ['C:\\Users\\User\\Documents\\Universidad\\ADA\\proyecto\\analisis-project-20261\\GeoMIP\\src\\Method2_Dynamic_Programming_Reformulation\\pyphi_config.yml']
2026-05-26 13:21:55,928 [pyphi.conf] INFO Process-4: Current PyPhi configuration:
 { 'ASSUME_CUTS_CANNOT_CREATE_NEW_CONCEPTS': False,
  'CACHE_POTENTIAL_PURVIEWS': True,
  'CACHE_REPERTOIRES': True,
  'CACHE_SIAS': False,
  'CACHING_BACKEND': 'fs',
  'CLEAR_SUBSYSTEM_CACHES_AFTER_COMPUTING_SIA': False,
  'CUT_ONE_APPROXIMATION': False,
  'FS_CACHE_DIRECTORY': '__pyphi_cache__',
  'FS_CACHE_VERBOSITY': 0,
  'LOG_FILE': 'pyphi.log',
  'LOG_FILE_LEVEL': 'INFO',
  'LOG_STDOUT_LEVEL': 'WARNING',
  'MAXIMUM_CACHE_MEMORY_PERCENTAGE': 50,
  'MEASURE': 'EMD',
  'MONGODB_CONFIG': { 'collection_name': 'cache',
                      'database_name': 'pyphi',
                      'host': 'localhost',
                      'port': 27017},
  'NUMBER_OF_CORES': -1,
  'PARALLEL_COMPLEX_EVALUATION': False,
  'PARALLEL_CONCEPT_EVALUATION': False,
  'PARALLEL_CUT_EVALUATION': True,
  'PARTITION_TYPE': 'BI',
  'PICK_SMALLEST_PURVIEW': False,
  'PRECISION': 6,
  'PRINT_FRACTIONS': True,
  'PROGRESS_BARS': True,
  'REDIS_CACHE': False,
  'REDIS_CONFIG': {'db': 0, 'host': 'localhost', 'port': 6379, 'test_db': 1},
  'REPR_VERBOSITY': 2,
  'SINGLE_MICRO_NODES_WITH_SELFLOOPS_HAVE_PHI': False,
  'SYSTEM_CUTS': '3.0_STYLE',
  'USE_SMALL_PHI_DIFFERENCE_FOR_CES_DISTANCE': False,
  'VALIDATE_CONDITIONAL_INDEPENDENCE': True,
  'VALIDATE_SUBSYSTEM_STATES': True,
  'WELCOME_OFF': True}
2026-05-26 13:21:57,685 [pyphi.conf] INFO Process-5: PyPhi v1.2.0
2026-05-26 13:21:57,685 [pyphi.conf] INFO Process-5: Loaded configuration from ['C:\\Users\\User\\Documents\\Universidad\\ADA\\proyecto\\analisis-project-20261\\GeoMIP\\src\\Method2_Dynamic_Programming_Reformulation\\pyphi_config.yml']
2026-05-26 13:21:57,686 [pyphi.conf] INFO Process-5: Current PyPhi configuration:
 { 'ASSUME_CUTS_CANNOT_CREATE_NEW_CONCEPTS': False,
  'CACHE_POTENTIAL_PURVIEWS': True,
  'CACHE_REPERTOIRES': True,
  'CACHE_SIAS': False,
  'CACHING_BACKEND': 'fs',
  'CLEAR_SUBSYSTEM_CACHES_AFTER_COMPUTING_SIA': False,
  'CUT_ONE_APPROXIMATION': False,
  'FS_CACHE_DIRECTORY': '__pyphi_cache__',
  'FS_CACHE_VERBOSITY': 0,
  'LOG_FILE': 'pyphi.log',
  'LOG_FILE_LEVEL': 'INFO',
  'LOG_STDOUT_LEVEL': 'WARNING',
  'MAXIMUM_CACHE_MEMORY_PERCENTAGE': 50,
  'MEASURE': 'EMD',
  'MONGODB_CONFIG': { 'collection_name': 'cache',
                      'database_name': 'pyphi',
                      'host': 'localhost',
                      'port': 27017},
  'NUMBER_OF_CORES': -1,
  'PARALLEL_COMPLEX_EVALUATION': False,
  'PARALLEL_CONCEPT_EVALUATION': False,
  'PARALLEL_CUT_EVALUATION': True,
  'PARTITION_TYPE': 'BI',
  'PICK_SMALLEST_PURVIEW': False,
  'PRECISION': 6,
  'PRINT_FRACTIONS': True,
  'PROGRESS_BARS': True,
  'REDIS_CACHE': False,
  'REDIS_CONFIG': {'db': 0, 'host': 'localhost', 'port': 6379, 'test_db': 1},
  'REPR_VERBOSITY': 2,
  'SINGLE_MICRO_NODES_WITH_SELFLOOPS_HAVE_PHI': False,
  'SYSTEM_CUTS': '3.0_STYLE',
  'USE_SMALL_PHI_DIFFERENCE_FOR_CES_DISTANCE': False,
  'VALIDATE_CONDITIONAL_INDEPENDENCE': True,
  'VALIDATE_SUBSYSTEM_STATES': True,
  'WELCOME_OFF': True}
2026-05-26 13:21:59,502 [pyphi.conf] INFO Process-6: PyPhi v1.2.0
2026-05-26 13:21:59,502 [pyphi.conf] INFO Process-6: Loaded configuration from ['C:\\Users\\User\\Documents\\Universidad\\ADA\\proyecto\\analisis-project-20261\\GeoMIP\\src\\Method2_Dynamic_Programming_Reformulation\\pyphi_config.yml']
2026-05-26 13:21:59,503 [pyphi.conf] INFO Process-6: Current PyPhi configuration:
 { 'ASSUME_CUTS_CANNOT_CREATE_NEW_CONCEPTS': False,
  'CACHE_POTENTIAL_PURVIEWS': True,
  'CACHE_REPERTOIRES': True,
  'CACHE_SIAS': False,
  'CACHING_BACKEND': 'fs',
  'CLEAR_SUBSYSTEM_CACHES_AFTER_COMPUTING_SIA': False,
  'CUT_ONE_APPROXIMATION': False,
  'FS_CACHE_DIRECTORY': '__pyphi_cache__',
  'FS_CACHE_VERBOSITY': 0,
  'LOG_FILE': 'pyphi.log',
  'LOG_FILE_LEVEL': 'INFO',
  'LOG_STDOUT_LEVEL': 'WARNING',
  'MAXIMUM_CACHE_MEMORY_PERCENTAGE': 50,
  'MEASURE': 'EMD',
  'MONGODB_CONFIG': { 'collection_name': 'cache',
                      'database_name': 'pyphi',
                      'host': 'localhost',
                      'port': 27017},
  'NUMBER_OF_CORES': -1,
  'PARALLEL_COMPLEX_EVALUATION': False,
  'PARALLEL_CONCEPT_EVALUATION': False,
  'PARALLEL_CUT_EVALUATION': True,
  'PARTITION_TYPE': 'BI',
  'PICK_SMALLEST_PURVIEW': False,
  'PRECISION': 6,
  'PRINT_FRACTIONS': True,
  'PROGRESS_BARS': True,
  'REDIS_CACHE': False,
  'REDIS_CONFIG': {'db': 0, 'host': 'localhost', 'port': 6379, 'test_db': 1},
  'REPR_VERBOSITY': 2,
  'SINGLE_MICRO_NODES_WITH_SELFLOOPS_HAVE_PHI': False,
  'SYSTEM_CUTS': '3.0_STYLE',
  'USE_SMALL_PHI_DIFFERENCE_FOR_CES_DISTANCE': False,
  'VALIDATE_CONDITIONAL_INDEPENDENCE': True,
  'VALIDATE_SUBSYSTEM_STATES': True,
  'WELCOME_OFF': True}
2026-05-26 13:22:01,356 [pyphi.conf] INFO Process-7: PyPhi v1.2.0
2026-05-26 13:22:01,356 [pyphi.conf] INFO Process-7: Loaded configuration from ['C:\\Users\\User\\Documents\\Universidad\\ADA\\proyecto\\analisis-project-20261\\GeoMIP\\src\\Method2_Dynamic_Programming_Reformulation\\pyphi_config.yml']
2026-05-26 13:22:01,356 [pyphi.conf] INFO Process-7: Current PyPhi configuration:
 { 'ASSUME_CUTS_CANNOT_CREATE_NEW_CONCEPTS': False,
  'CACHE_POTENTIAL_PURVIEWS': True,
  'CACHE_REPERTOIRES': True,
  'CACHE_SIAS': False,
  'CACHING_BACKEND': 'fs',
  'CLEAR_SUBSYSTEM_CACHES_AFTER_COMPUTING_SIA': False,
  'CUT_ONE_APPROXIMATION': False,
  'FS_CACHE_DIRECTORY': '__pyphi_cache__',
  'FS_CACHE_VERBOSITY': 0,
  'LOG_FILE': 'pyphi.log',
  'LOG_FILE_LEVEL': 'INFO',
  'LOG_STDOUT_LEVEL': 'WARNING',
  'MAXIMUM_CACHE_MEMORY_PERCENTAGE': 50,
  'MEASURE': 'EMD',
  'MONGODB_CONFIG': { 'collection_name': 'cache',
                      'database_name': 'pyphi',
                      'host': 'localhost',
                      'port': 27017},
  'NUMBER_OF_CORES': -1,
  'PARALLEL_COMPLEX_EVALUATION': False,
  'PARALLEL_CONCEPT_EVALUATION': False,
  'PARALLEL_CUT_EVALUATION': True,
  'PARTITION_TYPE': 'BI',
  'PICK_SMALLEST_PURVIEW': False,
  'PRECISION': 6,
  'PRINT_FRACTIONS': True,
  'PROGRESS_BARS': True,
  'REDIS_CACHE': False,
  'REDIS_CONFIG': {'db': 0, 'host': 'localhost', 'port': 6379, 'test_db': 1},
  'REPR_VERBOSITY': 2,
  'SINGLE_MICRO_NODES_WITH_SELFLOOPS_HAVE_PHI': False,
  'SYSTEM_CUTS': '3.0_STYLE',
  'USE_SMALL_PHI_DIFFERENCE_FOR_CES_DISTANCE': False,
  'VALIDATE_CONDITIONAL_INDEPENDENCE': True,
  'VALIDATE_SUBSYSTEM_STATES': True,
  'WELCOME_OFF': True}
2026-05-26 13:22:03,174 [pyphi.conf] INFO Process-8: PyPhi v1.2.0
2026-05-26 13:22:03,174 [pyphi.conf] INFO Process-8: Loaded configuration from ['C:\\Users\\User\\Documents\\Universidad\\ADA\\proyecto\\analisis-project-20261\\GeoMIP\\src\\Method2_Dynamic_Programming_Reformulation\\pyphi_config.yml']
2026-05-26 13:22:03,174 [pyphi.conf] INFO Process-8: Current PyPhi configuration:
 { 'ASSUME_CUTS_CANNOT_CREATE_NEW_CONCEPTS': False,
  'CACHE_POTENTIAL_PURVIEWS': True,
  'CACHE_REPERTOIRES': True,
  'CACHE_SIAS': False,
  'CACHING_BACKEND': 'fs',
  'CLEAR_SUBSYSTEM_CACHES_AFTER_COMPUTING_SIA': False,
  'CUT_ONE_APPROXIMATION': False,
  'FS_CACHE_DIRECTORY': '__pyphi_cache__',
  'FS_CACHE_VERBOSITY': 0,
  'LOG_FILE': 'pyphi.log',
  'LOG_FILE_LEVEL': 'INFO',
  'LOG_STDOUT_LEVEL': 'WARNING',
  'MAXIMUM_CACHE_MEMORY_PERCENTAGE': 50,
  'MEASURE': 'EMD',
  'MONGODB_CONFIG': { 'collection_name': 'cache',
                      'database_name': 'pyphi',
                      'host': 'localhost',
                      'port': 27017},
  'NUMBER_OF_CORES': -1,
  'PARALLEL_COMPLEX_EVALUATION': False,
  'PARALLEL_CONCEPT_EVALUATION': False,
  'PARALLEL_CUT_EVALUATION': True,
  'PARTITION_TYPE': 'BI',
  'PICK_SMALLEST_PURVIEW': False,
  'PRECISION': 6,
  'PRINT_FRACTIONS': True,
  'PROGRESS_BARS': True,
  'REDIS_CACHE': False,
  'REDIS_CONFIG': {'db': 0, 'host': 'localhost', 'port': 6379, 'test_db': 1},
  'REPR_VERBOSITY': 2,
  'SINGLE_MICRO_NODES_WITH_SELFLOOPS_HAVE_PHI': False,
  'SYSTEM_CUTS': '3.0_STYLE',
  'USE_SMALL_PHI_DIFFERENCE_FOR_CES_DISTANCE': False,
  'VALIDATE_CONDITIONAL_INDEPENDENCE': True,
  'VALIDATE_SUBSYSTEM_STATES': True,
  'WELCOME_OFF': True}
2026-05-26 13:22:04,944 [pyphi.conf] INFO Process-9: PyPhi v1.2.0
2026-05-26 13:22:04,944 [pyphi.conf] INFO Process-9: Loaded configuration from ['C:\\Users\\User\\Documents\\Universidad\\ADA\\proyecto\\analisis-project-20261\\GeoMIP\\src\\Method2_Dynamic_Programming_Reformulation\\pyphi_config.yml']
2026-05-26 13:22:04,944 [pyphi.conf] INFO Process-9: Current PyPhi configuration:
 { 'ASSUME_CUTS_CANNOT_CREATE_NEW_CONCEPTS': False,
  'CACHE_POTENTIAL_PURVIEWS': True,
  'CACHE_REPERTOIRES': True,
  'CACHE_SIAS': False,
  'CACHING_BACKEND': 'fs',
  'CLEAR_SUBSYSTEM_CACHES_AFTER_COMPUTING_SIA': False,
  'CUT_ONE_APPROXIMATION': False,
  'FS_CACHE_DIRECTORY': '__pyphi_cache__',
  'FS_CACHE_VERBOSITY': 0,
  'LOG_FILE': 'pyphi.log',
  'LOG_FILE_LEVEL': 'INFO',
  'LOG_STDOUT_LEVEL': 'WARNING',
  'MAXIMUM_CACHE_MEMORY_PERCENTAGE': 50,
  'MEASURE': 'EMD',
  'MONGODB_CONFIG': { 'collection_name': 'cache',
                      'database_name': 'pyphi',
                      'host': 'localhost',
                      'port': 27017},
  'NUMBER_OF_CORES': -1,
  'PARALLEL_COMPLEX_EVALUATION': False,
  'PARALLEL_CONCEPT_EVALUATION': False,
  'PARALLEL_CUT_EVALUATION': True,
  'PARTITION_TYPE': 'BI',
  'PICK_SMALLEST_PURVIEW': False,
  'PRECISION': 6,
  'PRINT_FRACTIONS': True,
  'PROGRESS_BARS': True,
  'REDIS_CACHE': False,
  'REDIS_CONFIG': {'db': 0, 'host': 'localhost', 'port': 6379, 'test_db': 1},
  'REPR_VERBOSITY': 2,
  'SINGLE_MICRO_NODES_WITH_SELFLOOPS_HAVE_PHI': False,
  'SYSTEM_CUTS': '3.0_STYLE',
  'USE_SMALL_PHI_DIFFERENCE_FOR_CES_DISTANCE': False,
  'VALIDATE_CONDITIONAL_INDEPENDENCE': True,
  'VALIDATE_SUBSYSTEM_STATES': True,
  'WELCOME_OFF': True}
2026-05-26 13:22:06,694 [pyphi.conf] INFO Process-10: PyPhi v1.2.0
2026-05-26 13:22:06,694 [pyphi.conf] INFO Process-10: Loaded configuration from ['C:\\Users\\User\\Documents\\Universidad\\ADA\\proyecto\\analisis-project-20261\\GeoMIP\\src\\Method2_Dynamic_Programming_Reformulation\\pyphi_config.yml']
2026-05-26 13:22:06,695 [pyphi.conf] INFO Process-10: Current PyPhi configuration:
 { 'ASSUME_CUTS_CANNOT_CREATE_NEW_CONCEPTS': False,
  'CACHE_POTENTIAL_PURVIEWS': True,
  'CACHE_REPERTOIRES': True,
  'CACHE_SIAS': False,
  'CACHING_BACKEND': 'fs',
  'CLEAR_SUBSYSTEM_CACHES_AFTER_COMPUTING_SIA': False,
  'CUT_ONE_APPROXIMATION': False,
  'FS_CACHE_DIRECTORY': '__pyphi_cache__',
  'FS_CACHE_VERBOSITY': 0,
  'LOG_FILE': 'pyphi.log',
  'LOG_FILE_LEVEL': 'INFO',
  'LOG_STDOUT_LEVEL': 'WARNING',
  'MAXIMUM_CACHE_MEMORY_PERCENTAGE': 50,
  'MEASURE': 'EMD',
  'MONGODB_CONFIG': { 'collection_name': 'cache',
                      'database_name': 'pyphi',
                      'host': 'localhost',
                      'port': 27017},
  'NUMBER_OF_CORES': -1,
  'PARALLEL_COMPLEX_EVALUATION': False,
  'PARALLEL_CONCEPT_EVALUATION': False,
  'PARALLEL_CUT_EVALUATION': True,
  'PARTITION_TYPE': 'BI',
  'PICK_SMALLEST_PURVIEW': False,
  'PRECISION': 6,
  'PRINT_FRACTIONS': True,
  'PROGRESS_BARS': True,
  'REDIS_CACHE': False,
  'REDIS_CONFIG': {'db': 0, 'host': 'localhost', 'port': 6379, 'test_db': 1},
  'REPR_VERBOSITY': 2,
  'SINGLE_MICRO_NODES_WITH_SELFLOOPS_HAVE_PHI': False,
  'SYSTEM_CUTS': '3.0_STYLE',
  'USE_SMALL_PHI_DIFFERENCE_FOR_CES_DISTANCE': False,
  'VALIDATE_CONDITIONAL_INDEPENDENCE': True,
  'VALIDATE_SUBSYSTEM_STATES': True,
  'WELCOME_OFF': True}
2026-05-26 13:22:08,431 [pyphi.conf] INFO Process-11: PyPhi v1.2.0
2026-05-26 13:22:08,431 [pyphi.conf] INFO Process-11: Loaded configuration from ['C:\\Users\\User\\Documents\\Universidad\\ADA\\proyecto\\analisis-project-20261\\GeoMIP\\src\\Method2_Dynamic_Programming_Reformulation\\pyphi_config.yml']
2026-05-26 13:22:08,432 [pyphi.conf] INFO Process-11: Current PyPhi configuration:
 { 'ASSUME_CUTS_CANNOT_CREATE_NEW_CONCEPTS': False,
  'CACHE_POTENTIAL_PURVIEWS': True,
  'CACHE_REPERTOIRES': True,
  'CACHE_SIAS': False,
  'CACHING_BACKEND': 'fs',
  'CLEAR_SUBSYSTEM_CACHES_AFTER_COMPUTING_SIA': False,
  'CUT_ONE_APPROXIMATION': False,
  'FS_CACHE_DIRECTORY': '__pyphi_cache__',
  'FS_CACHE_VERBOSITY': 0,
  'LOG_FILE': 'pyphi.log',
  'LOG_FILE_LEVEL': 'INFO',
  'LOG_STDOUT_LEVEL': 'WARNING',
  'MAXIMUM_CACHE_MEMORY_PERCENTAGE': 50,
  'MEASURE': 'EMD',
  'MONGODB_CONFIG': { 'collection_name': 'cache',
                      'database_name': 'pyphi',
                      'host': 'localhost',
                      'port': 27017},
  'NUMBER_OF_CORES': -1,
  'PARALLEL_COMPLEX_EVALUATION': False,
  'PARALLEL_CONCEPT_EVALUATION': False,
  'PARALLEL_CUT_EVALUATION': True,
  'PARTITION_TYPE': 'BI',
  'PICK_SMALLEST_PURVIEW': False,
  'PRECISION': 6,
  'PRINT_FRACTIONS': True,
  'PROGRESS_BARS': True,
  'REDIS_CACHE': False,
  'REDIS_CONFIG': {'db': 0, 'host': 'localhost', 'port': 6379, 'test_db': 1},
  'REPR_VERBOSITY': 2,
  'SINGLE_MICRO_NODES_WITH_SELFLOOPS_HAVE_PHI': False,
  'SYSTEM_CUTS': '3.0_STYLE',
  'USE_SMALL_PHI_DIFFERENCE_FOR_CES_DISTANCE': False,
  'VALIDATE_CONDITIONAL_INDEPENDENCE': True,
  'VALIDATE_SUBSYSTEM_STATES': True,
  'WELCOME_OFF': True}
2026-05-26 13:22:10,140 [pyphi.conf] INFO Process-12: PyPhi v1.2.0
2026-05-26 13:22:10,140 [pyphi.conf] INFO Process-12: Loaded configuration from ['C:\\Users\\User\\Documents\\Universidad\\ADA\\proyecto\\analisis-project-20261\\GeoMIP\\src\\Method2_Dynamic_Programming_Reformulation\\pyphi_config.yml']
2026-05-26 13:22:10,141 [pyphi.conf] INFO Process-12: Current PyPhi configuration:
 { 'ASSUME_CUTS_CANNOT_CREATE_NEW_CONCEPTS': False,
  'CACHE_POTENTIAL_PURVIEWS': True,
  'CACHE_REPERTOIRES': True,
  'CACHE_SIAS': False,
  'CACHING_BACKEND': 'fs',
  'CLEAR_SUBSYSTEM_CACHES_AFTER_COMPUTING_SIA': False,
  'CUT_ONE_APPROXIMATION': False,
  'FS_CACHE_DIRECTORY': '__pyphi_cache__',
  'FS_CACHE_VERBOSITY': 0,
  'LOG_FILE': 'pyphi.log',
  'LOG_FILE_LEVEL': 'INFO',
  'LOG_STDOUT_LEVEL': 'WARNING',
  'MAXIMUM_CACHE_MEMORY_PERCENTAGE': 50,
  'MEASURE': 'EMD',
  'MONGODB_CONFIG': { 'collection_name': 'cache',
                      'database_name': 'pyphi',
                      'host': 'localhost',
                      'port': 27017},
  'NUMBER_OF_CORES': -1,
  'PARALLEL_COMPLEX_EVALUATION': False,
  'PARALLEL_CONCEPT_EVALUATION': False,
  'PARALLEL_CUT_EVALUATION': True,
  'PARTITION_TYPE': 'BI',
  'PICK_SMALLEST_PURVIEW': False,
  'PRECISION': 6,
  'PRINT_FRACTIONS': True,
  'PROGRESS_BARS': True,
  'REDIS_CACHE': False,
  'REDIS_CONFIG': {'db': 0, 'host': 'localhost', 'port': 6379, 'test_db': 1},
  'REPR_VERBOSITY': 2,
  'SINGLE_MICRO_NODES_WITH_SELFLOOPS_HAVE_PHI': False,
  'SYSTEM_CUTS': '3.0_STYLE',
  'USE_SMALL_PHI_DIFFERENCE_FOR_CES_DISTANCE': False,
  'VALIDATE_CONDITIONAL_INDEPENDENCE': True,
  'VALIDATE_SUBSYSTEM_STATES': True,
  'WELCOME_OFF': True}
2026-05-26 13:22:11,842 [pyphi.conf] INFO Process-13: PyPhi v1.2.0
2026-05-26 13:22:11,842 [pyphi.conf] INFO Process-13: Loaded configuration from ['C:\\Users\\User\\Documents\\Universidad\\ADA\\proyecto\\analisis-project-20261\\GeoMIP\\src\\Method2_Dynamic_Programming_Reformulation\\pyphi_config.yml']
2026-05-26 13:22:11,842 [pyphi.conf] INFO Process-13: Current PyPhi configuration:
 { 'ASSUME_CUTS_CANNOT_CREATE_NEW_CONCEPTS': False,
  'CACHE_POTENTIAL_PURVIEWS': True,
  'CACHE_REPERTOIRES': True,
  'CACHE_SIAS': False,
  'CACHING_BACKEND': 'fs',
  'CLEAR_SUBSYSTEM_CACHES_AFTER_COMPUTING_SIA': False,
  'CUT_ONE_APPROXIMATION': False,
  'FS_CACHE_DIRECTORY': '__pyphi_cache__',
  'FS_CACHE_VERBOSITY': 0,
  'LOG_FILE': 'pyphi.log',
  'LOG_FILE_LEVEL': 'INFO',
  'LOG_STDOUT_LEVEL': 'WARNING',
  'MAXIMUM_CACHE_MEMORY_PERCENTAGE': 50,
  'MEASURE': 'EMD',
  'MONGODB_CONFIG': { 'collection_name': 'cache',
                      'database_name': 'pyphi',
                      'host': 'localhost',
                      'port': 27017},
  'NUMBER_OF_CORES': -1,
  'PARALLEL_COMPLEX_EVALUATION': False,
  'PARALLEL_CONCEPT_EVALUATION': False,
  'PARALLEL_CUT_EVALUATION': True,
  'PARTITION_TYPE': 'BI',
  'PICK_SMALLEST_PURVIEW': False,
  'PRECISION': 6,
  'PRINT_FRACTIONS': True,
  'PROGRESS_BARS': True,
  'REDIS_CACHE': False,
  'REDIS_CONFIG': {'db': 0, 'host': 'localhost', 'port': 6379, 'test_db': 1},
  'REPR_VERBOSITY': 2,
  'SINGLE_MICRO_NODES_WITH_SELFLOOPS_HAVE_PHI': False,
  'SYSTEM_CUTS': '3.0_STYLE',
  'USE_SMALL_PHI_DIFFERENCE_FOR_CES_DISTANCE': False,
  'VALIDATE_CONDITIONAL_INDEPENDENCE': True,
  'VALIDATE_SUBSYSTEM_STATES': True,
  'WELCOME_OFF': True}
2026-05-26 13:22:13,667 [pyphi.conf] INFO Process-14: PyPhi v1.2.0
2026-05-26 13:22:13,667 [pyphi.conf] INFO Process-14: Loaded configuration from ['C:\\Users\\User\\Documents\\Universidad\\ADA\\proyecto\\analisis-project-20261\\GeoMIP\\src\\Method2_Dynamic_Programming_Reformulation\\pyphi_config.yml']
2026-05-26 13:22:13,667 [pyphi.conf] INFO Process-14: Current PyPhi configuration:
 { 'ASSUME_CUTS_CANNOT_CREATE_NEW_CONCEPTS': False,
  'CACHE_POTENTIAL_PURVIEWS': True,
  'CACHE_REPERTOIRES': True,
  'CACHE_SIAS': False,
  'CACHING_BACKEND': 'fs',
  'CLEAR_SUBSYSTEM_CACHES_AFTER_COMPUTING_SIA': False,
  'CUT_ONE_APPROXIMATION': False,
  'FS_CACHE_DIRECTORY': '__pyphi_cache__',
  'FS_CACHE_VERBOSITY': 0,
  'LOG_FILE': 'pyphi.log',
  'LOG_FILE_LEVEL': 'INFO',
  'LOG_STDOUT_LEVEL': 'WARNING',
  'MAXIMUM_CACHE_MEMORY_PERCENTAGE': 50,
  'MEASURE': 'EMD',
  'MONGODB_CONFIG': { 'collection_name': 'cache',
                      'database_name': 'pyphi',
                      'host': 'localhost',
                      'port': 27017},
  'NUMBER_OF_CORES': -1,
  'PARALLEL_COMPLEX_EVALUATION': False,
  'PARALLEL_CONCEPT_EVALUATION': False,
  'PARALLEL_CUT_EVALUATION': True,
  'PARTITION_TYPE': 'BI',
  'PICK_SMALLEST_PURVIEW': False,
  'PRECISION': 6,
  'PRINT_FRACTIONS': True,
  'PROGRESS_BARS': True,
  'REDIS_CACHE': False,
  'REDIS_CONFIG': {'db': 0, 'host': 'localhost', 'port': 6379, 'test_db': 1},
  'REPR_VERBOSITY': 2,
  'SINGLE_MICRO_NODES_WITH_SELFLOOPS_HAVE_PHI': False,
  'SYSTEM_CUTS': '3.0_STYLE',
  'USE_SMALL_PHI_DIFFERENCE_FOR_CES_DISTANCE': False,
  'VALIDATE_CONDITIONAL_INDEPENDENCE': True,
  'VALIDATE_SUBSYSTEM_STATES': True,
  'WELCOME_OFF': True}
2026-05-26 13:22:15,535 [pyphi.conf] INFO Process-15: PyPhi v1.2.0
2026-05-26 13:22:15,535 [pyphi.conf] INFO Process-15: Loaded configuration from ['C:\\Users\\User\\Documents\\Universidad\\ADA\\proyecto\\analisis-project-20261\\GeoMIP\\src\\Method2_Dynamic_Programming_Reformulation\\pyphi_config.yml']
2026-05-26 13:22:15,535 [pyphi.conf] INFO Process-15: Current PyPhi configuration:
 { 'ASSUME_CUTS_CANNOT_CREATE_NEW_CONCEPTS': False,
  'CACHE_POTENTIAL_PURVIEWS': True,
  'CACHE_REPERTOIRES': True,
  'CACHE_SIAS': False,
  'CACHING_BACKEND': 'fs',
  'CLEAR_SUBSYSTEM_CACHES_AFTER_COMPUTING_SIA': False,
  'CUT_ONE_APPROXIMATION': False,
  'FS_CACHE_DIRECTORY': '__pyphi_cache__',
  'FS_CACHE_VERBOSITY': 0,
  'LOG_FILE': 'pyphi.log',
  'LOG_FILE_LEVEL': 'INFO',
  'LOG_STDOUT_LEVEL': 'WARNING',
  'MAXIMUM_CACHE_MEMORY_PERCENTAGE': 50,
  'MEASURE': 'EMD',
  'MONGODB_CONFIG': { 'collection_name': 'cache',
                      'database_name': 'pyphi',
                      'host': 'localhost',
                      'port': 27017},
  'NUMBER_OF_CORES': -1,
  'PARALLEL_COMPLEX_EVALUATION': False,
  'PARALLEL_CONCEPT_EVALUATION': False,
  'PARALLEL_CUT_EVALUATION': True,
  'PARTITION_TYPE': 'BI',
  'PICK_SMALLEST_PURVIEW': False,
  'PRECISION': 6,
  'PRINT_FRACTIONS': True,
  'PROGRESS_BARS': True,
  'REDIS_CACHE': False,
  'REDIS_CONFIG': {'db': 0, 'host': 'localhost', 'port': 6379, 'test_db': 1},
  'REPR_VERBOSITY': 2,
  'SINGLE_MICRO_NODES_WITH_SELFLOOPS_HAVE_PHI': False,
  'SYSTEM_CUTS': '3.0_STYLE',
  'USE_SMALL_PHI_DIFFERENCE_FOR_CES_DISTANCE': False,
  'VALIDATE_CONDITIONAL_INDEPENDENCE': True,
  'VALIDATE_SUBSYSTEM_STATES': True,
  'WELCOME_OFF': True}
2026-05-26 13:22:17,326 [pyphi.conf] INFO Process-16: PyPhi v1.2.0
2026-05-26 13:22:17,327 [pyphi.conf] INFO Process-16: Loaded configuration from ['C:\\Users\\User\\Documents\\Universidad\\ADA\\proyecto\\analisis-project-20261\\GeoMIP\\src\\Method2_Dynamic_Programming_Reformulation\\pyphi_config.yml']
2026-05-26 13:22:17,327 [pyphi.conf] INFO Process-16: Current PyPhi configuration:
 { 'ASSUME_CUTS_CANNOT_CREATE_NEW_CONCEPTS': False,
  'CACHE_POTENTIAL_PURVIEWS': True,
  'CACHE_REPERTOIRES': True,
  'CACHE_SIAS': False,
  'CACHING_BACKEND': 'fs',
  'CLEAR_SUBSYSTEM_CACHES_AFTER_COMPUTING_SIA': False,
  'CUT_ONE_APPROXIMATION': False,
  'FS_CACHE_DIRECTORY': '__pyphi_cache__',
  'FS_CACHE_VERBOSITY': 0,
  'LOG_FILE': 'pyphi.log',
  'LOG_FILE_LEVEL': 'INFO',
  'LOG_STDOUT_LEVEL': 'WARNING',
  'MAXIMUM_CACHE_MEMORY_PERCENTAGE': 50,
  'MEASURE': 'EMD',
  'MONGODB_CONFIG': { 'collection_name': 'cache',
                      'database_name': 'pyphi',
                      'host': 'localhost',
                      'port': 27017},
  'NUMBER_OF_CORES': -1,
  'PARALLEL_COMPLEX_EVALUATION': False,
  'PARALLEL_CONCEPT_EVALUATION': False,
  'PARALLEL_CUT_EVALUATION': True,
  'PARTITION_TYPE': 'BI',
  'PICK_SMALLEST_PURVIEW': False,
  'PRECISION': 6,
  'PRINT_FRACTIONS': True,
  'PROGRESS_BARS': True,
  'REDIS_CACHE': False,
  'REDIS_CONFIG': {'db': 0, 'host': 'localhost', 'port': 6379, 'test_db': 1},
  'REPR_VERBOSITY': 2,
  'SINGLE_MICRO_NODES_WITH_SELFLOOPS_HAVE_PHI': False,
  'SYSTEM_CUTS': '3.0_STYLE',
  'USE_SMALL_PHI_DIFFERENCE_FOR_CES_DISTANCE': False,
  'VALIDATE_CONDITIONAL_INDEPENDENCE': True,
  'VALIDATE_SUBSYSTEM_STATES': True,
  'WELCOME_OFF': True}
2026-05-26 13:22:19,106 [pyphi.conf] INFO Process-17: PyPhi v1.2.0
2026-05-26 13:22:19,106 [pyphi.conf] INFO Process-17: Loaded configuration from ['C:\\Users\\User\\Documents\\Universidad\\ADA\\proyecto\\analisis-project-20261\\GeoMIP\\src\\Method2_Dynamic_Programming_Reformulation\\pyphi_config.yml']
2026-05-26 13:22:19,106 [pyphi.conf] INFO Process-17: Current PyPhi configuration:
 { 'ASSUME_CUTS_CANNOT_CREATE_NEW_CONCEPTS': False,
  'CACHE_POTENTIAL_PURVIEWS': True,
  'CACHE_REPERTOIRES': True,
  'CACHE_SIAS': False,
  'CACHING_BACKEND': 'fs',
  'CLEAR_SUBSYSTEM_CACHES_AFTER_COMPUTING_SIA': False,
  'CUT_ONE_APPROXIMATION': False,
  'FS_CACHE_DIRECTORY': '__pyphi_cache__',
  'FS_CACHE_VERBOSITY': 0,
  'LOG_FILE': 'pyphi.log',
  'LOG_FILE_LEVEL': 'INFO',
  'LOG_STDOUT_LEVEL': 'WARNING',
  'MAXIMUM_CACHE_MEMORY_PERCENTAGE': 50,
  'MEASURE': 'EMD',
  'MONGODB_CONFIG': { 'collection_name': 'cache',
                      'database_name': 'pyphi',
                      'host': 'localhost',
                      'port': 27017},
  'NUMBER_OF_CORES': -1,
  'PARALLEL_COMPLEX_EVALUATION': False,
  'PARALLEL_CONCEPT_EVALUATION': False,
  'PARALLEL_CUT_EVALUATION': True,
  'PARTITION_TYPE': 'BI',
  'PICK_SMALLEST_PURVIEW': False,
  'PRECISION': 6,
  'PRINT_FRACTIONS': True,
  'PROGRESS_BARS': True,
  'REDIS_CACHE': False,
  'REDIS_CONFIG': {'db': 0, 'host': 'localhost', 'port': 6379, 'test_db': 1},
  'REPR_VERBOSITY': 2,
  'SINGLE_MICRO_NODES_WITH_SELFLOOPS_HAVE_PHI': False,
  'SYSTEM_CUTS': '3.0_STYLE',
  'USE_SMALL_PHI_DIFFERENCE_FOR_CES_DISTANCE': False,
  'VALIDATE_CONDITIONAL_INDEPENDENCE': True,
  'VALIDATE_SUBSYSTEM_STATES': True,
  'WELCOME_OFF': True}
2026-05-26 13:22:20,909 [pyphi.conf] INFO Process-18: PyPhi v1.2.0
2026-05-26 13:22:20,909 [pyphi.conf] INFO Process-18: Loaded configuration from ['C:\\Users\\User\\Documents\\Universidad\\ADA\\proyecto\\analisis-project-20261\\GeoMIP\\src\\Method2_Dynamic_Programming_Reformulation\\pyphi_config.yml']
2026-05-26 13:22:20,909 [pyphi.conf] INFO Process-18: Current PyPhi configuration:
 { 'ASSUME_CUTS_CANNOT_CREATE_NEW_CONCEPTS': False,
  'CACHE_POTENTIAL_PURVIEWS': True,
  'CACHE_REPERTOIRES': True,
  'CACHE_SIAS': False,
  'CACHING_BACKEND': 'fs',
  'CLEAR_SUBSYSTEM_CACHES_AFTER_COMPUTING_SIA': False,
  'CUT_ONE_APPROXIMATION': False,
  'FS_CACHE_DIRECTORY': '__pyphi_cache__',
  'FS_CACHE_VERBOSITY': 0,
  'LOG_FILE': 'pyphi.log',
  'LOG_FILE_LEVEL': 'INFO',
  'LOG_STDOUT_LEVEL': 'WARNING',
  'MAXIMUM_CACHE_MEMORY_PERCENTAGE': 50,
  'MEASURE': 'EMD',
  'MONGODB_CONFIG': { 'collection_name': 'cache',
                      'database_name': 'pyphi',
                      'host': 'localhost',
                      'port': 27017},
  'NUMBER_OF_CORES': -1,
  'PARALLEL_COMPLEX_EVALUATION': False,
  'PARALLEL_CONCEPT_EVALUATION': False,
  'PARALLEL_CUT_EVALUATION': True,
  'PARTITION_TYPE': 'BI',
  'PICK_SMALLEST_PURVIEW': False,
  'PRECISION': 6,
  'PRINT_FRACTIONS': True,
  'PROGRESS_BARS': True,
  'REDIS_CACHE': False,
  'REDIS_CONFIG': {'db': 0, 'host': 'localhost', 'port': 6379, 'test_db': 1},
  'REPR_VERBOSITY': 2,
  'SINGLE_MICRO_NODES_WITH_SELFLOOPS_HAVE_PHI': False,
  'SYSTEM_CUTS': '3.0_STYLE',
  'USE_SMALL_PHI_DIFFERENCE_FOR_CES_DISTANCE': False,
  'VALIDATE_CONDITIONAL_INDEPENDENCE': True,
  'VALIDATE_SUBSYSTEM_STATES': True,
  'WELCOME_OFF': True}
2026-05-26 13:22:22,618 [pyphi.conf] INFO Process-19: PyPhi v1.2.0
2026-05-26 13:22:22,618 [pyphi.conf] INFO Process-19: Loaded configuration from ['C:\\Users\\User\\Documents\\Universidad\\ADA\\proyecto\\analisis-project-20261\\GeoMIP\\src\\Method2_Dynamic_Programming_Reformulation\\pyphi_config.yml']
2026-05-26 13:22:22,618 [pyphi.conf] INFO Process-19: Current PyPhi configuration:
 { 'ASSUME_CUTS_CANNOT_CREATE_NEW_CONCEPTS': False,
  'CACHE_POTENTIAL_PURVIEWS': True,
  'CACHE_REPERTOIRES': True,
  'CACHE_SIAS': False,
  'CACHING_BACKEND': 'fs',
  'CLEAR_SUBSYSTEM_CACHES_AFTER_COMPUTING_SIA': False,
  'CUT_ONE_APPROXIMATION': False,
  'FS_CACHE_DIRECTORY': '__pyphi_cache__',
  'FS_CACHE_VERBOSITY': 0,
  'LOG_FILE': 'pyphi.log',
  'LOG_FILE_LEVEL': 'INFO',
  'LOG_STDOUT_LEVEL': 'WARNING',
  'MAXIMUM_CACHE_MEMORY_PERCENTAGE': 50,
  'MEASURE': 'EMD',
  'MONGODB_CONFIG': { 'collection_name': 'cache',
                      'database_name': 'pyphi',
                      'host': 'localhost',
                      'port': 27017},
  'NUMBER_OF_CORES': -1,
  'PARALLEL_COMPLEX_EVALUATION': False,
  'PARALLEL_CONCEPT_EVALUATION': False,
  'PARALLEL_CUT_EVALUATION': True,
  'PARTITION_TYPE': 'BI',
  'PICK_SMALLEST_PURVIEW': False,
  'PRECISION': 6,
  'PRINT_FRACTIONS': True,
  'PROGRESS_BARS': True,
  'REDIS_CACHE': False,
  'REDIS_CONFIG': {'db': 0, 'host': 'localhost', 'port': 6379, 'test_db': 1},
  'REPR_VERBOSITY': 2,
  'SINGLE_MICRO_NODES_WITH_SELFLOOPS_HAVE_PHI': False,
  'SYSTEM_CUTS': '3.0_STYLE',
  'USE_SMALL_PHI_DIFFERENCE_FOR_CES_DISTANCE': False,
  'VALIDATE_CONDITIONAL_INDEPENDENCE': True,
  'VALIDATE_SUBSYSTEM_STATES': True,
  'WELCOME_OFF': True}
2026-05-26 13:22:24,342 [pyphi.conf] INFO Process-20: PyPhi v1.2.0
2026-05-26 13:22:24,342 [pyphi.conf] INFO Process-20: Loaded configuration from ['C:\\Users\\User\\Documents\\Universidad\\ADA\\proyecto\\analisis-project-20261\\GeoMIP\\src\\Method2_Dynamic_Programming_Reformulation\\pyphi_config.yml']
2026-05-26 13:22:24,342 [pyphi.conf] INFO Process-20: Current PyPhi configuration:
 { 'ASSUME_CUTS_CANNOT_CREATE_NEW_CONCEPTS': False,
  'CACHE_POTENTIAL_PURVIEWS': True,
  'CACHE_REPERTOIRES': True,
  'CACHE_SIAS': False,
  'CACHING_BACKEND': 'fs',
  'CLEAR_SUBSYSTEM_CACHES_AFTER_COMPUTING_SIA': False,
  'CUT_ONE_APPROXIMATION': False,
  'FS_CACHE_DIRECTORY': '__pyphi_cache__',
  'FS_CACHE_VERBOSITY': 0,
  'LOG_FILE': 'pyphi.log',
  'LOG_FILE_LEVEL': 'INFO',
  'LOG_STDOUT_LEVEL': 'WARNING',
  'MAXIMUM_CACHE_MEMORY_PERCENTAGE': 50,
  'MEASURE': 'EMD',
  'MONGODB_CONFIG': { 'collection_name': 'cache',
                      'database_name': 'pyphi',
                      'host': 'localhost',
                      'port': 27017},
  'NUMBER_OF_CORES': -1,
  'PARALLEL_COMPLEX_EVALUATION': False,
  'PARALLEL_CONCEPT_EVALUATION': False,
  'PARALLEL_CUT_EVALUATION': True,
  'PARTITION_TYPE': 'BI',
  'PICK_SMALLEST_PURVIEW': False,
  'PRECISION': 6,
  'PRINT_FRACTIONS': True,
  'PROGRESS_BARS': True,
  'REDIS_CACHE': False,
  'REDIS_CONFIG': {'db': 0, 'host': 'localhost', 'port': 6379, 'test_db': 1},
  'REPR_VERBOSITY': 2,
  'SINGLE_MICRO_NODES_WITH_SELFLOOPS_HAVE_PHI': False,
  'SYSTEM_CUTS': '3.0_STYLE',
  'USE_SMALL_PHI_DIFFERENCE_FOR_CES_DISTANCE': False,
  'VALIDATE_CONDITIONAL_INDEPENDENCE': True,
  'VALIDATE_SUBSYSTEM_STATES': True,
  'WELCOME_OFF': True}
2026-05-26 13:22:26,128 [pyphi.conf] INFO Process-21: PyPhi v1.2.0
2026-05-26 13:22:26,129 [pyphi.conf] INFO Process-21: Loaded configuration from ['C:\\Users\\User\\Documents\\Universidad\\ADA\\proyecto\\analisis-project-20261\\GeoMIP\\src\\Method2_Dynamic_Programming_Reformulation\\pyphi_config.yml']
2026-05-26 13:22:26,129 [pyphi.conf] INFO Process-21: Current PyPhi configuration:
 { 'ASSUME_CUTS_CANNOT_CREATE_NEW_CONCEPTS': False,
  'CACHE_POTENTIAL_PURVIEWS': True,
  'CACHE_REPERTOIRES': True,
  'CACHE_SIAS': False,
  'CACHING_BACKEND': 'fs',
  'CLEAR_SUBSYSTEM_CACHES_AFTER_COMPUTING_SIA': False,
  'CUT_ONE_APPROXIMATION': False,
  'FS_CACHE_DIRECTORY': '__pyphi_cache__',
  'FS_CACHE_VERBOSITY': 0,
  'LOG_FILE': 'pyphi.log',
  'LOG_FILE_LEVEL': 'INFO',
  'LOG_STDOUT_LEVEL': 'WARNING',
  'MAXIMUM_CACHE_MEMORY_PERCENTAGE': 50,
  'MEASURE': 'EMD',
  'MONGODB_CONFIG': { 'collection_name': 'cache',
                      'database_name': 'pyphi',
                      'host': 'localhost',
                      'port': 27017},
  'NUMBER_OF_CORES': -1,
  'PARALLEL_COMPLEX_EVALUATION': False,
  'PARALLEL_CONCEPT_EVALUATION': False,
  'PARALLEL_CUT_EVALUATION': True,
  'PARTITION_TYPE': 'BI',
  'PICK_SMALLEST_PURVIEW': False,
  'PRECISION': 6,
  'PRINT_FRACTIONS': True,
  'PROGRESS_BARS': True,
  'REDIS_CACHE': False,
  'REDIS_CONFIG': {'db': 0, 'host': 'localhost', 'port': 6379, 'test_db': 1},
  'REPR_VERBOSITY': 2,
  'SINGLE_MICRO_NODES_WITH_SELFLOOPS_HAVE_PHI': False,
  'SYSTEM_CUTS': '3.0_STYLE',
  'USE_SMALL_PHI_DIFFERENCE_FOR_CES_DISTANCE': False,
  'VALIDATE_CONDITIONAL_INDEPENDENCE': True,
  'VALIDATE_SUBSYSTEM_STATES': True,
  'WELCOME_OFF': True}
2026-05-26 13:22:27,936 [pyphi.conf] INFO Process-22: PyPhi v1.2.0
2026-05-26 13:22:27,936 [pyphi.conf] INFO Process-22: Loaded configuration from ['C:\\Users\\User\\Documents\\Universidad\\ADA\\proyecto\\analisis-project-20261\\GeoMIP\\src\\Method2_Dynamic_Programming_Reformulation\\pyphi_config.yml']
2026-05-26 13:22:27,936 [pyphi.conf] INFO Process-22: Current PyPhi configuration:
 { 'ASSUME_CUTS_CANNOT_CREATE_NEW_CONCEPTS': False,
  'CACHE_POTENTIAL_PURVIEWS': True,
  'CACHE_REPERTOIRES': True,
  'CACHE_SIAS': False,
  'CACHING_BACKEND': 'fs',
  'CLEAR_SUBSYSTEM_CACHES_AFTER_COMPUTING_SIA': False,
  'CUT_ONE_APPROXIMATION': False,
  'FS_CACHE_DIRECTORY': '__pyphi_cache__',
  'FS_CACHE_VERBOSITY': 0,
  'LOG_FILE': 'pyphi.log',
  'LOG_FILE_LEVEL': 'INFO',
  'LOG_STDOUT_LEVEL': 'WARNING',
  'MAXIMUM_CACHE_MEMORY_PERCENTAGE': 50,
  'MEASURE': 'EMD',
  'MONGODB_CONFIG': { 'collection_name': 'cache',
                      'database_name': 'pyphi',
                      'host': 'localhost',
                      'port': 27017},
  'NUMBER_OF_CORES': -1,
  'PARALLEL_COMPLEX_EVALUATION': False,
  'PARALLEL_CONCEPT_EVALUATION': False,
  'PARALLEL_CUT_EVALUATION': True,
  'PARTITION_TYPE': 'BI',
  'PICK_SMALLEST_PURVIEW': False,
  'PRECISION': 6,
  'PRINT_FRACTIONS': True,
  'PROGRESS_BARS': True,
  'REDIS_CACHE': False,
  'REDIS_CONFIG': {'db': 0, 'host': 'localhost', 'port': 6379, 'test_db': 1},
  'REPR_VERBOSITY': 2,
  'SINGLE_MICRO_NODES_WITH_SELFLOOPS_HAVE_PHI': False,
  'SYSTEM_CUTS': '3.0_STYLE',
  'USE_SMALL_PHI_DIFFERENCE_FOR_CES_DISTANCE': False,
  'VALIDATE_CONDITIONAL_INDEPENDENCE': True,
  'VALIDATE_SUBSYSTEM_STATES': True,
  'WELCOME_OFF': True}
2026-05-26 13:22:29,713 [pyphi.conf] INFO Process-23: PyPhi v1.2.0
2026-05-26 13:22:29,714 [pyphi.conf] INFO Process-23: Loaded configuration from ['C:\\Users\\User\\Documents\\Universidad\\ADA\\proyecto\\analisis-project-20261\\GeoMIP\\src\\Method2_Dynamic_Programming_Reformulation\\pyphi_config.yml']
2026-05-26 13:22:29,714 [pyphi.conf] INFO Process-23: Current PyPhi configuration:
 { 'ASSUME_CUTS_CANNOT_CREATE_NEW_CONCEPTS': False,
  'CACHE_POTENTIAL_PURVIEWS': True,
  'CACHE_REPERTOIRES': True,
  'CACHE_SIAS': False,
  'CACHING_BACKEND': 'fs',
  'CLEAR_SUBSYSTEM_CACHES_AFTER_COMPUTING_SIA': False,
  'CUT_ONE_APPROXIMATION': False,
  'FS_CACHE_DIRECTORY': '__pyphi_cache__',
  'FS_CACHE_VERBOSITY': 0,
  'LOG_FILE': 'pyphi.log',
  'LOG_FILE_LEVEL': 'INFO',
  'LOG_STDOUT_LEVEL': 'WARNING',
  'MAXIMUM_CACHE_MEMORY_PERCENTAGE': 50,
  'MEASURE': 'EMD',
  'MONGODB_CONFIG': { 'collection_name': 'cache',
                      'database_name': 'pyphi',
                      'host': 'localhost',
                      'port': 27017},
  'NUMBER_OF_CORES': -1,
  'PARALLEL_COMPLEX_EVALUATION': False,
  'PARALLEL_CONCEPT_EVALUATION': False,
  'PARALLEL_CUT_EVALUATION': True,
  'PARTITION_TYPE': 'BI',
  'PICK_SMALLEST_PURVIEW': False,
  'PRECISION': 6,
  'PRINT_FRACTIONS': True,
  'PROGRESS_BARS': True,
  'REDIS_CACHE': False,
  'REDIS_CONFIG': {'db': 0, 'host': 'localhost', 'port': 6379, 'test_db': 1},
  'REPR_VERBOSITY': 2,
  'SINGLE_MICRO_NODES_WITH_SELFLOOPS_HAVE_PHI': False,
  'SYSTEM_CUTS': '3.0_STYLE',
  'USE_SMALL_PHI_DIFFERENCE_FOR_CES_DISTANCE': False,
  'VALIDATE_CONDITIONAL_INDEPENDENCE': True,
  'VALIDATE_SUBSYSTEM_STATES': True,
  'WELCOME_OFF': True}
2026-05-26 13:22:31,426 [pyphi.conf] INFO Process-24: PyPhi v1.2.0
2026-05-26 13:22:31,426 [pyphi.conf] INFO Process-24: Loaded configuration from ['C:\\Users\\User\\Documents\\Universidad\\ADA\\proyecto\\analisis-project-20261\\GeoMIP\\src\\Method2_Dynamic_Programming_Reformulation\\pyphi_config.yml']
2026-05-26 13:22:31,426 [pyphi.conf] INFO Process-24: Current PyPhi configuration:
 { 'ASSUME_CUTS_CANNOT_CREATE_NEW_CONCEPTS': False,
  'CACHE_POTENTIAL_PURVIEWS': True,
  'CACHE_REPERTOIRES': True,
  'CACHE_SIAS': False,
  'CACHING_BACKEND': 'fs',
  'CLEAR_SUBSYSTEM_CACHES_AFTER_COMPUTING_SIA': False,
  'CUT_ONE_APPROXIMATION': False,
  'FS_CACHE_DIRECTORY': '__pyphi_cache__',
  'FS_CACHE_VERBOSITY': 0,
  'LOG_FILE': 'pyphi.log',
  'LOG_FILE_LEVEL': 'INFO',
  'LOG_STDOUT_LEVEL': 'WARNING',
  'MAXIMUM_CACHE_MEMORY_PERCENTAGE': 50,
  'MEASURE': 'EMD',
  'MONGODB_CONFIG': { 'collection_name': 'cache',
                      'database_name': 'pyphi',
                      'host': 'localhost',
                      'port': 27017},
  'NUMBER_OF_CORES': -1,
  'PARALLEL_COMPLEX_EVALUATION': False,
  'PARALLEL_CONCEPT_EVALUATION': False,
  'PARALLEL_CUT_EVALUATION': True,
  'PARTITION_TYPE': 'BI',
  'PICK_SMALLEST_PURVIEW': False,
  'PRECISION': 6,
  'PRINT_FRACTIONS': True,
  'PROGRESS_BARS': True,
  'REDIS_CACHE': False,
  'REDIS_CONFIG': {'db': 0, 'host': 'localhost', 'port': 6379, 'test_db': 1},
  'REPR_VERBOSITY': 2,
  'SINGLE_MICRO_NODES_WITH_SELFLOOPS_HAVE_PHI': False,
  'SYSTEM_CUTS': '3.0_STYLE',
  'USE_SMALL_PHI_DIFFERENCE_FOR_CES_DISTANCE': False,
  'VALIDATE_CONDITIONAL_INDEPENDENCE': True,
  'VALIDATE_SUBSYSTEM_STATES': True,
  'WELCOME_OFF': True}
2026-05-26 13:22:33,143 [pyphi.conf] INFO Process-25: PyPhi v1.2.0
2026-05-26 13:22:33,143 [pyphi.conf] INFO Process-25: Loaded configuration from ['C:\\Users\\User\\Documents\\Universidad\\ADA\\proyecto\\analisis-project-20261\\GeoMIP\\src\\Method2_Dynamic_Programming_Reformulation\\pyphi_config.yml']
2026-05-26 13:22:33,144 [pyphi.conf] INFO Process-25: Current PyPhi configuration:
 { 'ASSUME_CUTS_CANNOT_CREATE_NEW_CONCEPTS': False,
  'CACHE_POTENTIAL_PURVIEWS': True,
  'CACHE_REPERTOIRES': True,
  'CACHE_SIAS': False,
  'CACHING_BACKEND': 'fs',
  'CLEAR_SUBSYSTEM_CACHES_AFTER_COMPUTING_SIA': False,
  'CUT_ONE_APPROXIMATION': False,
  'FS_CACHE_DIRECTORY': '__pyphi_cache__',
  'FS_CACHE_VERBOSITY': 0,
  'LOG_FILE': 'pyphi.log',
  'LOG_FILE_LEVEL': 'INFO',
  'LOG_STDOUT_LEVEL': 'WARNING',
  'MAXIMUM_CACHE_MEMORY_PERCENTAGE': 50,
  'MEASURE': 'EMD',
  'MONGODB_CONFIG': { 'collection_name': 'cache',
                      'database_name': 'pyphi',
                      'host': 'localhost',
                      'port': 27017},
  'NUMBER_OF_CORES': -1,
  'PARALLEL_COMPLEX_EVALUATION': False,
  'PARALLEL_CONCEPT_EVALUATION': False,
  'PARALLEL_CUT_EVALUATION': True,
  'PARTITION_TYPE': 'BI',
  'PICK_SMALLEST_PURVIEW': False,
  'PRECISION': 6,
  'PRINT_FRACTIONS': True,
  'PROGRESS_BARS': True,
  'REDIS_CACHE': False,
  'REDIS_CONFIG': {'db': 0, 'host': 'localhost', 'port': 6379, 'test_db': 1},
  'REPR_VERBOSITY': 2,
  'SINGLE_MICRO_NODES_WITH_SELFLOOPS_HAVE_PHI': False,
  'SYSTEM_CUTS': '3.0_STYLE',
  'USE_SMALL_PHI_DIFFERENCE_FOR_CES_DISTANCE': False,
  'VALIDATE_CONDITIONAL_INDEPENDENCE': True,
  'VALIDATE_SUBSYSTEM_STATES': True,
  'WELCOME_OFF': True}
2026-05-26 13:22:34,850 [pyphi.conf] INFO Process-26: PyPhi v1.2.0
2026-05-26 13:22:34,850 [pyphi.conf] INFO Process-26: Loaded configuration from ['C:\\Users\\User\\Documents\\Universidad\\ADA\\proyecto\\analisis-project-20261\\GeoMIP\\src\\Method2_Dynamic_Programming_Reformulation\\pyphi_config.yml']
2026-05-26 13:22:34,850 [pyphi.conf] INFO Process-26: Current PyPhi configuration:
 { 'ASSUME_CUTS_CANNOT_CREATE_NEW_CONCEPTS': False,
  'CACHE_POTENTIAL_PURVIEWS': True,
  'CACHE_REPERTOIRES': True,
  'CACHE_SIAS': False,
  'CACHING_BACKEND': 'fs',
  'CLEAR_SUBSYSTEM_CACHES_AFTER_COMPUTING_SIA': False,
  'CUT_ONE_APPROXIMATION': False,
  'FS_CACHE_DIRECTORY': '__pyphi_cache__',
  'FS_CACHE_VERBOSITY': 0,
  'LOG_FILE': 'pyphi.log',
  'LOG_FILE_LEVEL': 'INFO',
  'LOG_STDOUT_LEVEL': 'WARNING',
  'MAXIMUM_CACHE_MEMORY_PERCENTAGE': 50,
  'MEASURE': 'EMD',
  'MONGODB_CONFIG': { 'collection_name': 'cache',
                      'database_name': 'pyphi',
                      'host': 'localhost',
                      'port': 27017},
  'NUMBER_OF_CORES': -1,
  'PARALLEL_COMPLEX_EVALUATION': False,
  'PARALLEL_CONCEPT_EVALUATION': False,
  'PARALLEL_CUT_EVALUATION': True,
  'PARTITION_TYPE': 'BI',
  'PICK_SMALLEST_PURVIEW': False,
  'PRECISION': 6,
  'PRINT_FRACTIONS': True,
  'PROGRESS_BARS': True,
  'REDIS_CACHE': False,
  'REDIS_CONFIG': {'db': 0, 'host': 'localhost', 'port': 6379, 'test_db': 1},
  'REPR_VERBOSITY': 2,
  'SINGLE_MICRO_NODES_WITH_SELFLOOPS_HAVE_PHI': False,
  'SYSTEM_CUTS': '3.0_STYLE',
  'USE_SMALL_PHI_DIFFERENCE_FOR_CES_DISTANCE': False,
  'VALIDATE_CONDITIONAL_INDEPENDENCE': True,
  'VALIDATE_SUBSYSTEM_STATES': True,
  'WELCOME_OFF': True}
2026-05-26 13:22:36,571 [pyphi.conf] INFO Process-27: PyPhi v1.2.0
2026-05-26 13:22:36,571 [pyphi.conf] INFO Process-27: Loaded configuration from ['C:\\Users\\User\\Documents\\Universidad\\ADA\\proyecto\\analisis-project-20261\\GeoMIP\\src\\Method2_Dynamic_Programming_Reformulation\\pyphi_config.yml']
2026-05-26 13:22:36,571 [pyphi.conf] INFO Process-27: Current PyPhi configuration:
 { 'ASSUME_CUTS_CANNOT_CREATE_NEW_CONCEPTS': False,
  'CACHE_POTENTIAL_PURVIEWS': True,
  'CACHE_REPERTOIRES': True,
  'CACHE_SIAS': False,
  'CACHING_BACKEND': 'fs',
  'CLEAR_SUBSYSTEM_CACHES_AFTER_COMPUTING_SIA': False,
  'CUT_ONE_APPROXIMATION': False,
  'FS_CACHE_DIRECTORY': '__pyphi_cache__',
  'FS_CACHE_VERBOSITY': 0,
  'LOG_FILE': 'pyphi.log',
  'LOG_FILE_LEVEL': 'INFO',
  'LOG_STDOUT_LEVEL': 'WARNING',
  'MAXIMUM_CACHE_MEMORY_PERCENTAGE': 50,
  'MEASURE': 'EMD',
  'MONGODB_CONFIG': { 'collection_name': 'cache',
                      'database_name': 'pyphi',
                      'host': 'localhost',
                      'port': 27017},
  'NUMBER_OF_CORES': -1,
  'PARALLEL_COMPLEX_EVALUATION': False,
  'PARALLEL_CONCEPT_EVALUATION': False,
  'PARALLEL_CUT_EVALUATION': True,
  'PARTITION_TYPE': 'BI',
  'PICK_SMALLEST_PURVIEW': False,
  'PRECISION': 6,
  'PRINT_FRACTIONS': True,
  'PROGRESS_BARS': True,
  'REDIS_CACHE': False,
  'REDIS_CONFIG': {'db': 0, 'host': 'localhost', 'port': 6379, 'test_db': 1},
  'REPR_VERBOSITY': 2,
  'SINGLE_MICRO_NODES_WITH_SELFLOOPS_HAVE_PHI': False,
  'SYSTEM_CUTS': '3.0_STYLE',
  'USE_SMALL_PHI_DIFFERENCE_FOR_CES_DISTANCE': False,
  'VALIDATE_CONDITIONAL_INDEPENDENCE': True,
  'VALIDATE_SUBSYSTEM_STATES': True,
  'WELCOME_OFF': True}
2026-05-26 13:22:38,366 [pyphi.conf] INFO Process-28: PyPhi v1.2.0
2026-05-26 13:22:38,366 [pyphi.conf] INFO Process-28: Loaded configuration from ['C:\\Users\\User\\Documents\\Universidad\\ADA\\proyecto\\analisis-project-20261\\GeoMIP\\src\\Method2_Dynamic_Programming_Reformulation\\pyphi_config.yml']
2026-05-26 13:22:38,367 [pyphi.conf] INFO Process-28: Current PyPhi configuration:
 { 'ASSUME_CUTS_CANNOT_CREATE_NEW_CONCEPTS': False,
  'CACHE_POTENTIAL_PURVIEWS': True,
  'CACHE_REPERTOIRES': True,
  'CACHE_SIAS': False,
  'CACHING_BACKEND': 'fs',
  'CLEAR_SUBSYSTEM_CACHES_AFTER_COMPUTING_SIA': False,
  'CUT_ONE_APPROXIMATION': False,
  'FS_CACHE_DIRECTORY': '__pyphi_cache__',
  'FS_CACHE_VERBOSITY': 0,
  'LOG_FILE': 'pyphi.log',
  'LOG_FILE_LEVEL': 'INFO',
  'LOG_STDOUT_LEVEL': 'WARNING',
  'MAXIMUM_CACHE_MEMORY_PERCENTAGE': 50,
  'MEASURE': 'EMD',
  'MONGODB_CONFIG': { 'collection_name': 'cache',
                      'database_name': 'pyphi',
                      'host': 'localhost',
                      'port': 27017},
  'NUMBER_OF_CORES': -1,
  'PARALLEL_COMPLEX_EVALUATION': False,
  'PARALLEL_CONCEPT_EVALUATION': False,
  'PARALLEL_CUT_EVALUATION': True,
  'PARTITION_TYPE': 'BI',
  'PICK_SMALLEST_PURVIEW': False,
  'PRECISION': 6,
  'PRINT_FRACTIONS': True,
  'PROGRESS_BARS': True,
  'REDIS_CACHE': False,
  'REDIS_CONFIG': {'db': 0, 'host': 'localhost', 'port': 6379, 'test_db': 1},
  'REPR_VERBOSITY': 2,
  'SINGLE_MICRO_NODES_WITH_SELFLOOPS_HAVE_PHI': False,
  'SYSTEM_CUTS': '3.0_STYLE',
  'USE_SMALL_PHI_DIFFERENCE_FOR_CES_DISTANCE': False,
  'VALIDATE_CONDITIONAL_INDEPENDENCE': True,
  'VALIDATE_SUBSYSTEM_STATES': True,
  'WELCOME_OFF': True}
2026-05-26 13:22:40,130 [pyphi.conf] INFO Process-29: PyPhi v1.2.0
2026-05-26 13:22:40,130 [pyphi.conf] INFO Process-29: Loaded configuration from ['C:\\Users\\User\\Documents\\Universidad\\ADA\\proyecto\\analisis-project-20261\\GeoMIP\\src\\Method2_Dynamic_Programming_Reformulation\\pyphi_config.yml']
2026-05-26 13:22:40,130 [pyphi.conf] INFO Process-29: Current PyPhi configuration:
 { 'ASSUME_CUTS_CANNOT_CREATE_NEW_CONCEPTS': False,
  'CACHE_POTENTIAL_PURVIEWS': True,
  'CACHE_REPERTOIRES': True,
  'CACHE_SIAS': False,
  'CACHING_BACKEND': 'fs',
  'CLEAR_SUBSYSTEM_CACHES_AFTER_COMPUTING_SIA': False,
  'CUT_ONE_APPROXIMATION': False,
  'FS_CACHE_DIRECTORY': '__pyphi_cache__',
  'FS_CACHE_VERBOSITY': 0,
  'LOG_FILE': 'pyphi.log',
  'LOG_FILE_LEVEL': 'INFO',
  'LOG_STDOUT_LEVEL': 'WARNING',
  'MAXIMUM_CACHE_MEMORY_PERCENTAGE': 50,
  'MEASURE': 'EMD',
  'MONGODB_CONFIG': { 'collection_name': 'cache',
                      'database_name': 'pyphi',
                      'host': 'localhost',
                      'port': 27017},
  'NUMBER_OF_CORES': -1,
  'PARALLEL_COMPLEX_EVALUATION': False,
  'PARALLEL_CONCEPT_EVALUATION': False,
  'PARALLEL_CUT_EVALUATION': True,
  'PARTITION_TYPE': 'BI',
  'PICK_SMALLEST_PURVIEW': False,
  'PRECISION': 6,
  'PRINT_FRACTIONS': True,
  'PROGRESS_BARS': True,
  'REDIS_CACHE': False,
  'REDIS_CONFIG': {'db': 0, 'host': 'localhost', 'port': 6379, 'test_db': 1},
  'REPR_VERBOSITY': 2,
  'SINGLE_MICRO_NODES_WITH_SELFLOOPS_HAVE_PHI': False,
  'SYSTEM_CUTS': '3.0_STYLE',
  'USE_SMALL_PHI_DIFFERENCE_FOR_CES_DISTANCE': False,
  'VALIDATE_CONDITIONAL_INDEPENDENCE': True,
  'VALIDATE_SUBSYSTEM_STATES': True,
  'WELCOME_OFF': True}
2026-05-26 13:22:41,863 [pyphi.conf] INFO Process-30: PyPhi v1.2.0
2026-05-26 13:22:41,863 [pyphi.conf] INFO Process-30: Loaded configuration from ['C:\\Users\\User\\Documents\\Universidad\\ADA\\proyecto\\analisis-project-20261\\GeoMIP\\src\\Method2_Dynamic_Programming_Reformulation\\pyphi_config.yml']
2026-05-26 13:22:41,865 [pyphi.conf] INFO Process-30: Current PyPhi configuration:
 { 'ASSUME_CUTS_CANNOT_CREATE_NEW_CONCEPTS': False,
  'CACHE_POTENTIAL_PURVIEWS': True,
  'CACHE_REPERTOIRES': True,
  'CACHE_SIAS': False,
  'CACHING_BACKEND': 'fs',
  'CLEAR_SUBSYSTEM_CACHES_AFTER_COMPUTING_SIA': False,
  'CUT_ONE_APPROXIMATION': False,
  'FS_CACHE_DIRECTORY': '__pyphi_cache__',
  'FS_CACHE_VERBOSITY': 0,
  'LOG_FILE': 'pyphi.log',
  'LOG_FILE_LEVEL': 'INFO',
  'LOG_STDOUT_LEVEL': 'WARNING',
  'MAXIMUM_CACHE_MEMORY_PERCENTAGE': 50,
  'MEASURE': 'EMD',
  'MONGODB_CONFIG': { 'collection_name': 'cache',
                      'database_name': 'pyphi',
                      'host': 'localhost',
                      'port': 27017},
  'NUMBER_OF_CORES': -1,
  'PARALLEL_COMPLEX_EVALUATION': False,
  'PARALLEL_CONCEPT_EVALUATION': False,
  'PARALLEL_CUT_EVALUATION': True,
  'PARTITION_TYPE': 'BI',
  'PICK_SMALLEST_PURVIEW': False,
  'PRECISION': 6,
  'PRINT_FRACTIONS': True,
  'PROGRESS_BARS': True,
  'REDIS_CACHE': False,
  'REDIS_CONFIG': {'db': 0, 'host': 'localhost', 'port': 6379, 'test_db': 1},
  'REPR_VERBOSITY': 2,
  'SINGLE_MICRO_NODES_WITH_SELFLOOPS_HAVE_PHI': False,
  'SYSTEM_CUTS': '3.0_STYLE',
  'USE_SMALL_PHI_DIFFERENCE_FOR_CES_DISTANCE': False,
  'VALIDATE_CONDITIONAL_INDEPENDENCE': True,
  'VALIDATE_SUBSYSTEM_STATES': True,
  'WELCOME_OFF': True}
2026-05-26 13:22:43,630 [pyphi.conf] INFO Process-31: PyPhi v1.2.0
2026-05-26 13:22:43,630 [pyphi.conf] INFO Process-31: Loaded configuration from ['C:\\Users\\User\\Documents\\Universidad\\ADA\\proyecto\\analisis-project-20261\\GeoMIP\\src\\Method2_Dynamic_Programming_Reformulation\\pyphi_config.yml']
2026-05-26 13:22:43,630 [pyphi.conf] INFO Process-31: Current PyPhi configuration:
 { 'ASSUME_CUTS_CANNOT_CREATE_NEW_CONCEPTS': False,
  'CACHE_POTENTIAL_PURVIEWS': True,
  'CACHE_REPERTOIRES': True,
  'CACHE_SIAS': False,
  'CACHING_BACKEND': 'fs',
  'CLEAR_SUBSYSTEM_CACHES_AFTER_COMPUTING_SIA': False,
  'CUT_ONE_APPROXIMATION': False,
  'FS_CACHE_DIRECTORY': '__pyphi_cache__',
  'FS_CACHE_VERBOSITY': 0,
  'LOG_FILE': 'pyphi.log',
  'LOG_FILE_LEVEL': 'INFO',
  'LOG_STDOUT_LEVEL': 'WARNING',
  'MAXIMUM_CACHE_MEMORY_PERCENTAGE': 50,
  'MEASURE': 'EMD',
  'MONGODB_CONFIG': { 'collection_name': 'cache',
                      'database_name': 'pyphi',
                      'host': 'localhost',
                      'port': 27017},
  'NUMBER_OF_CORES': -1,
  'PARALLEL_COMPLEX_EVALUATION': False,
  'PARALLEL_CONCEPT_EVALUATION': False,
  'PARALLEL_CUT_EVALUATION': True,
  'PARTITION_TYPE': 'BI',
  'PICK_SMALLEST_PURVIEW': False,
  'PRECISION': 6,
  'PRINT_FRACTIONS': True,
  'PROGRESS_BARS': True,
  'REDIS_CACHE': False,
  'REDIS_CONFIG': {'db': 0, 'host': 'localhost', 'port': 6379, 'test_db': 1},
  'REPR_VERBOSITY': 2,
  'SINGLE_MICRO_NODES_WITH_SELFLOOPS_HAVE_PHI': False,
  'SYSTEM_CUTS': '3.0_STYLE',
  'USE_SMALL_PHI_DIFFERENCE_FOR_CES_DISTANCE': False,
  'VALIDATE_CONDITIONAL_INDEPENDENCE': True,
  'VALIDATE_SUBSYSTEM_STATES': True,
  'WELCOME_OFF': True}
2026-05-26 13:22:45,350 [pyphi.conf] INFO Process-32: PyPhi v1.2.0
2026-05-26 13:22:45,350 [pyphi.conf] INFO Process-32: Loaded configuration from ['C:\\Users\\User\\Documents\\Universidad\\ADA\\proyecto\\analisis-project-20261\\GeoMIP\\src\\Method2_Dynamic_Programming_Reformulation\\pyphi_config.yml']
2026-05-26 13:22:45,350 [pyphi.conf] INFO Process-32: Current PyPhi configuration:
 { 'ASSUME_CUTS_CANNOT_CREATE_NEW_CONCEPTS': False,
  'CACHE_POTENTIAL_PURVIEWS': True,
  'CACHE_REPERTOIRES': True,
  'CACHE_SIAS': False,
  'CACHING_BACKEND': 'fs',
  'CLEAR_SUBSYSTEM_CACHES_AFTER_COMPUTING_SIA': False,
  'CUT_ONE_APPROXIMATION': False,
  'FS_CACHE_DIRECTORY': '__pyphi_cache__',
  'FS_CACHE_VERBOSITY': 0,
  'LOG_FILE': 'pyphi.log',
  'LOG_FILE_LEVEL': 'INFO',
  'LOG_STDOUT_LEVEL': 'WARNING',
  'MAXIMUM_CACHE_MEMORY_PERCENTAGE': 50,
  'MEASURE': 'EMD',
  'MONGODB_CONFIG': { 'collection_name': 'cache',
                      'database_name': 'pyphi',
                      'host': 'localhost',
                      'port': 27017},
  'NUMBER_OF_CORES': -1,
  'PARALLEL_COMPLEX_EVALUATION': False,
  'PARALLEL_CONCEPT_EVALUATION': False,
  'PARALLEL_CUT_EVALUATION': True,
  'PARTITION_TYPE': 'BI',
  'PICK_SMALLEST_PURVIEW': False,
  'PRECISION': 6,
  'PRINT_FRACTIONS': True,
  'PROGRESS_BARS': True,
  'REDIS_CACHE': False,
  'REDIS_CONFIG': {'db': 0, 'host': 'localhost', 'port': 6379, 'test_db': 1},
  'REPR_VERBOSITY': 2,
  'SINGLE_MICRO_NODES_WITH_SELFLOOPS_HAVE_PHI': False,
  'SYSTEM_CUTS': '3.0_STYLE',
  'USE_SMALL_PHI_DIFFERENCE_FOR_CES_DISTANCE': False,
  'VALIDATE_CONDITIONAL_INDEPENDENCE': True,
  'VALIDATE_SUBSYSTEM_STATES': True,
  'WELCOME_OFF': True}
2026-05-26 13:22:47,103 [pyphi.conf] INFO Process-33: PyPhi v1.2.0
2026-05-26 13:22:47,103 [pyphi.conf] INFO Process-33: Loaded configuration from ['C:\\Users\\User\\Documents\\Universidad\\ADA\\proyecto\\analisis-project-20261\\GeoMIP\\src\\Method2_Dynamic_Programming_Reformulation\\pyphi_config.yml']
2026-05-26 13:22:47,103 [pyphi.conf] INFO Process-33: Current PyPhi configuration:
 { 'ASSUME_CUTS_CANNOT_CREATE_NEW_CONCEPTS': False,
  'CACHE_POTENTIAL_PURVIEWS': True,
  'CACHE_REPERTOIRES': True,
  'CACHE_SIAS': False,
  'CACHING_BACKEND': 'fs',
  'CLEAR_SUBSYSTEM_CACHES_AFTER_COMPUTING_SIA': False,
  'CUT_ONE_APPROXIMATION': False,
  'FS_CACHE_DIRECTORY': '__pyphi_cache__',
  'FS_CACHE_VERBOSITY': 0,
  'LOG_FILE': 'pyphi.log',
  'LOG_FILE_LEVEL': 'INFO',
  'LOG_STDOUT_LEVEL': 'WARNING',
  'MAXIMUM_CACHE_MEMORY_PERCENTAGE': 50,
  'MEASURE': 'EMD',
  'MONGODB_CONFIG': { 'collection_name': 'cache',
                      'database_name': 'pyphi',
                      'host': 'localhost',
                      'port': 27017},
  'NUMBER_OF_CORES': -1,
  'PARALLEL_COMPLEX_EVALUATION': False,
  'PARALLEL_CONCEPT_EVALUATION': False,
  'PARALLEL_CUT_EVALUATION': True,
  'PARTITION_TYPE': 'BI',
  'PICK_SMALLEST_PURVIEW': False,
  'PRECISION': 6,
  'PRINT_FRACTIONS': True,
  'PROGRESS_BARS': True,
  'REDIS_CACHE': False,
  'REDIS_CONFIG': {'db': 0, 'host': 'localhost', 'port': 6379, 'test_db': 1},
  'REPR_VERBOSITY': 2,
  'SINGLE_MICRO_NODES_WITH_SELFLOOPS_HAVE_PHI': False,
  'SYSTEM_CUTS': '3.0_STYLE',
  'USE_SMALL_PHI_DIFFERENCE_FOR_CES_DISTANCE': False,
  'VALIDATE_CONDITIONAL_INDEPENDENCE': True,
  'VALIDATE_SUBSYSTEM_STATES': True,
  'WELCOME_OFF': True}
2026-05-26 13:22:48,956 [pyphi.conf] INFO Process-34: PyPhi v1.2.0
2026-05-26 13:22:48,956 [pyphi.conf] INFO Process-34: Loaded configuration from ['C:\\Users\\User\\Documents\\Universidad\\ADA\\proyecto\\analisis-project-20261\\GeoMIP\\src\\Method2_Dynamic_Programming_Reformulation\\pyphi_config.yml']
2026-05-26 13:22:48,956 [pyphi.conf] INFO Process-34: Current PyPhi configuration:
 { 'ASSUME_CUTS_CANNOT_CREATE_NEW_CONCEPTS': False,
  'CACHE_POTENTIAL_PURVIEWS': True,
  'CACHE_REPERTOIRES': True,
  'CACHE_SIAS': False,
  'CACHING_BACKEND': 'fs',
  'CLEAR_SUBSYSTEM_CACHES_AFTER_COMPUTING_SIA': False,
  'CUT_ONE_APPROXIMATION': False,
  'FS_CACHE_DIRECTORY': '__pyphi_cache__',
  'FS_CACHE_VERBOSITY': 0,
  'LOG_FILE': 'pyphi.log',
  'LOG_FILE_LEVEL': 'INFO',
  'LOG_STDOUT_LEVEL': 'WARNING',
  'MAXIMUM_CACHE_MEMORY_PERCENTAGE': 50,
  'MEASURE': 'EMD',
  'MONGODB_CONFIG': { 'collection_name': 'cache',
                      'database_name': 'pyphi',
                      'host': 'localhost',
                      'port': 27017},
  'NUMBER_OF_CORES': -1,
  'PARALLEL_COMPLEX_EVALUATION': False,
  'PARALLEL_CONCEPT_EVALUATION': False,
  'PARALLEL_CUT_EVALUATION': True,
  'PARTITION_TYPE': 'BI',
  'PICK_SMALLEST_PURVIEW': False,
  'PRECISION': 6,
  'PRINT_FRACTIONS': True,
  'PROGRESS_BARS': True,
  'REDIS_CACHE': False,
  'REDIS_CONFIG': {'db': 0, 'host': 'localhost', 'port': 6379, 'test_db': 1},
  'REPR_VERBOSITY': 2,
  'SINGLE_MICRO_NODES_WITH_SELFLOOPS_HAVE_PHI': False,
  'SYSTEM_CUTS': '3.0_STYLE',
  'USE_SMALL_PHI_DIFFERENCE_FOR_CES_DISTANCE': False,
  'VALIDATE_CONDITIONAL_INDEPENDENCE': True,
  'VALIDATE_SUBSYSTEM_STATES': True,
  'WELCOME_OFF': True}
2026-05-26 13:22:50,806 [pyphi.conf] INFO Process-35: PyPhi v1.2.0
2026-05-26 13:22:50,808 [pyphi.conf] INFO Process-35: Loaded configuration from ['C:\\Users\\User\\Documents\\Universidad\\ADA\\proyecto\\analisis-project-20261\\GeoMIP\\src\\Method2_Dynamic_Programming_Reformulation\\pyphi_config.yml']
2026-05-26 13:22:50,808 [pyphi.conf] INFO Process-35: Current PyPhi configuration:
 { 'ASSUME_CUTS_CANNOT_CREATE_NEW_CONCEPTS': False,
  'CACHE_POTENTIAL_PURVIEWS': True,
  'CACHE_REPERTOIRES': True,
  'CACHE_SIAS': False,
  'CACHING_BACKEND': 'fs',
  'CLEAR_SUBSYSTEM_CACHES_AFTER_COMPUTING_SIA': False,
  'CUT_ONE_APPROXIMATION': False,
  'FS_CACHE_DIRECTORY': '__pyphi_cache__',
  'FS_CACHE_VERBOSITY': 0,
  'LOG_FILE': 'pyphi.log',
  'LOG_FILE_LEVEL': 'INFO',
  'LOG_STDOUT_LEVEL': 'WARNING',
  'MAXIMUM_CACHE_MEMORY_PERCENTAGE': 50,
  'MEASURE': 'EMD',
  'MONGODB_CONFIG': { 'collection_name': 'cache',
                      'database_name': 'pyphi',
                      'host': 'localhost',
                      'port': 27017},
  'NUMBER_OF_CORES': -1,
  'PARALLEL_COMPLEX_EVALUATION': False,
  'PARALLEL_CONCEPT_EVALUATION': False,
  'PARALLEL_CUT_EVALUATION': True,
  'PARTITION_TYPE': 'BI',
  'PICK_SMALLEST_PURVIEW': False,
  'PRECISION': 6,
  'PRINT_FRACTIONS': True,
  'PROGRESS_BARS': True,
  'REDIS_CACHE': False,
  'REDIS_CONFIG': {'db': 0, 'host': 'localhost', 'port': 6379, 'test_db': 1},
  'REPR_VERBOSITY': 2,
  'SINGLE_MICRO_NODES_WITH_SELFLOOPS_HAVE_PHI': False,
  'SYSTEM_CUTS': '3.0_STYLE',
  'USE_SMALL_PHI_DIFFERENCE_FOR_CES_DISTANCE': False,
  'VALIDATE_CONDITIONAL_INDEPENDENCE': True,
  'VALIDATE_SUBSYSTEM_STATES': True,
  'WELCOME_OFF': True}
2026-05-26 13:22:52,599 [pyphi.conf] INFO Process-36: PyPhi v1.2.0
2026-05-26 13:22:52,599 [pyphi.conf] INFO Process-36: Loaded configuration from ['C:\\Users\\User\\Documents\\Universidad\\ADA\\proyecto\\analisis-project-20261\\GeoMIP\\src\\Method2_Dynamic_Programming_Reformulation\\pyphi_config.yml']
2026-05-26 13:22:52,599 [pyphi.conf] INFO Process-36: Current PyPhi configuration:
 { 'ASSUME_CUTS_CANNOT_CREATE_NEW_CONCEPTS': False,
  'CACHE_POTENTIAL_PURVIEWS': True,
  'CACHE_REPERTOIRES': True,
  'CACHE_SIAS': False,
  'CACHING_BACKEND': 'fs',
  'CLEAR_SUBSYSTEM_CACHES_AFTER_COMPUTING_SIA': False,
  'CUT_ONE_APPROXIMATION': False,
  'FS_CACHE_DIRECTORY': '__pyphi_cache__',
  'FS_CACHE_VERBOSITY': 0,
  'LOG_FILE': 'pyphi.log',
  'LOG_FILE_LEVEL': 'INFO',
  'LOG_STDOUT_LEVEL': 'WARNING',
  'MAXIMUM_CACHE_MEMORY_PERCENTAGE': 50,
  'MEASURE': 'EMD',
  'MONGODB_CONFIG': { 'collection_name': 'cache',
                      'database_name': 'pyphi',
                      'host': 'localhost',
                      'port': 27017},
  'NUMBER_OF_CORES': -1,
  'PARALLEL_COMPLEX_EVALUATION': False,
  'PARALLEL_CONCEPT_EVALUATION': False,
  'PARALLEL_CUT_EVALUATION': True,
  'PARTITION_TYPE': 'BI',
  'PICK_SMALLEST_PURVIEW': False,
  'PRECISION': 6,
  'PRINT_FRACTIONS': True,
  'PROGRESS_BARS': True,
  'REDIS_CACHE': False,
  'REDIS_CONFIG': {'db': 0, 'host': 'localhost', 'port': 6379, 'test_db': 1},
  'REPR_VERBOSITY': 2,
  'SINGLE_MICRO_NODES_WITH_SELFLOOPS_HAVE_PHI': False,
  'SYSTEM_CUTS': '3.0_STYLE',
  'USE_SMALL_PHI_DIFFERENCE_FOR_CES_DISTANCE': False,
  'VALIDATE_CONDITIONAL_INDEPENDENCE': True,
  'VALIDATE_SUBSYSTEM_STATES': True,
  'WELCOME_OFF': True}
2026-05-26 13:22:54,363 [pyphi.conf] INFO Process-37: PyPhi v1.2.0
2026-05-26 13:22:54,363 [pyphi.conf] INFO Process-37: Loaded configuration from ['C:\\Users\\User\\Documents\\Universidad\\ADA\\proyecto\\analisis-project-20261\\GeoMIP\\src\\Method2_Dynamic_Programming_Reformulation\\pyphi_config.yml']
2026-05-26 13:22:54,363 [pyphi.conf] INFO Process-37: Current PyPhi configuration:
 { 'ASSUME_CUTS_CANNOT_CREATE_NEW_CONCEPTS': False,
  'CACHE_POTENTIAL_PURVIEWS': True,
  'CACHE_REPERTOIRES': True,
  'CACHE_SIAS': False,
  'CACHING_BACKEND': 'fs',
  'CLEAR_SUBSYSTEM_CACHES_AFTER_COMPUTING_SIA': False,
  'CUT_ONE_APPROXIMATION': False,
  'FS_CACHE_DIRECTORY': '__pyphi_cache__',
  'FS_CACHE_VERBOSITY': 0,
  'LOG_FILE': 'pyphi.log',
  'LOG_FILE_LEVEL': 'INFO',
  'LOG_STDOUT_LEVEL': 'WARNING',
  'MAXIMUM_CACHE_MEMORY_PERCENTAGE': 50,
  'MEASURE': 'EMD',
  'MONGODB_CONFIG': { 'collection_name': 'cache',
                      'database_name': 'pyphi',
                      'host': 'localhost',
                      'port': 27017},
  'NUMBER_OF_CORES': -1,
  'PARALLEL_COMPLEX_EVALUATION': False,
  'PARALLEL_CONCEPT_EVALUATION': False,
  'PARALLEL_CUT_EVALUATION': True,
  'PARTITION_TYPE': 'BI',
  'PICK_SMALLEST_PURVIEW': False,
  'PRECISION': 6,
  'PRINT_FRACTIONS': True,
  'PROGRESS_BARS': True,
  'REDIS_CACHE': False,
  'REDIS_CONFIG': {'db': 0, 'host': 'localhost', 'port': 6379, 'test_db': 1},
  'REPR_VERBOSITY': 2,
  'SINGLE_MICRO_NODES_WITH_SELFLOOPS_HAVE_PHI': False,
  'SYSTEM_CUTS': '3.0_STYLE',
  'USE_SMALL_PHI_DIFFERENCE_FOR_CES_DISTANCE': False,
  'VALIDATE_CONDITIONAL_INDEPENDENCE': True,
  'VALIDATE_SUBSYSTEM_STATES': True,
  'WELCOME_OFF': True}
2026-05-26 13:22:56,181 [pyphi.conf] INFO Process-38: PyPhi v1.2.0
2026-05-26 13:22:56,181 [pyphi.conf] INFO Process-38: Loaded configuration from ['C:\\Users\\User\\Documents\\Universidad\\ADA\\proyecto\\analisis-project-20261\\GeoMIP\\src\\Method2_Dynamic_Programming_Reformulation\\pyphi_config.yml']
2026-05-26 13:22:56,182 [pyphi.conf] INFO Process-38: Current PyPhi configuration:
 { 'ASSUME_CUTS_CANNOT_CREATE_NEW_CONCEPTS': False,
  'CACHE_POTENTIAL_PURVIEWS': True,
  'CACHE_REPERTOIRES': True,
  'CACHE_SIAS': False,
  'CACHING_BACKEND': 'fs',
  'CLEAR_SUBSYSTEM_CACHES_AFTER_COMPUTING_SIA': False,
  'CUT_ONE_APPROXIMATION': False,
  'FS_CACHE_DIRECTORY': '__pyphi_cache__',
  'FS_CACHE_VERBOSITY': 0,
  'LOG_FILE': 'pyphi.log',
  'LOG_FILE_LEVEL': 'INFO',
  'LOG_STDOUT_LEVEL': 'WARNING',
  'MAXIMUM_CACHE_MEMORY_PERCENTAGE': 50,
  'MEASURE': 'EMD',
  'MONGODB_CONFIG': { 'collection_name': 'cache',
                      'database_name': 'pyphi',
                      'host': 'localhost',
                      'port': 27017},
  'NUMBER_OF_CORES': -1,
  'PARALLEL_COMPLEX_EVALUATION': False,
  'PARALLEL_CONCEPT_EVALUATION': False,
  'PARALLEL_CUT_EVALUATION': True,
  'PARTITION_TYPE': 'BI',
  'PICK_SMALLEST_PURVIEW': False,
  'PRECISION': 6,
  'PRINT_FRACTIONS': True,
  'PROGRESS_BARS': True,
  'REDIS_CACHE': False,
  'REDIS_CONFIG': {'db': 0, 'host': 'localhost', 'port': 6379, 'test_db': 1},
  'REPR_VERBOSITY': 2,
  'SINGLE_MICRO_NODES_WITH_SELFLOOPS_HAVE_PHI': False,
  'SYSTEM_CUTS': '3.0_STYLE',
  'USE_SMALL_PHI_DIFFERENCE_FOR_CES_DISTANCE': False,
  'VALIDATE_CONDITIONAL_INDEPENDENCE': True,
  'VALIDATE_SUBSYSTEM_STATES': True,
  'WELCOME_OFF': True}
2026-05-26 13:22:57,956 [pyphi.conf] INFO Process-39: PyPhi v1.2.0
2026-05-26 13:22:57,956 [pyphi.conf] INFO Process-39: Loaded configuration from ['C:\\Users\\User\\Documents\\Universidad\\ADA\\proyecto\\analisis-project-20261\\GeoMIP\\src\\Method2_Dynamic_Programming_Reformulation\\pyphi_config.yml']
2026-05-26 13:22:57,956 [pyphi.conf] INFO Process-39: Current PyPhi configuration:
 { 'ASSUME_CUTS_CANNOT_CREATE_NEW_CONCEPTS': False,
  'CACHE_POTENTIAL_PURVIEWS': True,
  'CACHE_REPERTOIRES': True,
  'CACHE_SIAS': False,
  'CACHING_BACKEND': 'fs',
  'CLEAR_SUBSYSTEM_CACHES_AFTER_COMPUTING_SIA': False,
  'CUT_ONE_APPROXIMATION': False,
  'FS_CACHE_DIRECTORY': '__pyphi_cache__',
  'FS_CACHE_VERBOSITY': 0,
  'LOG_FILE': 'pyphi.log',
  'LOG_FILE_LEVEL': 'INFO',
  'LOG_STDOUT_LEVEL': 'WARNING',
  'MAXIMUM_CACHE_MEMORY_PERCENTAGE': 50,
  'MEASURE': 'EMD',
  'MONGODB_CONFIG': { 'collection_name': 'cache',
                      'database_name': 'pyphi',
                      'host': 'localhost',
                      'port': 27017},
  'NUMBER_OF_CORES': -1,
  'PARALLEL_COMPLEX_EVALUATION': False,
  'PARALLEL_CONCEPT_EVALUATION': False,
  'PARALLEL_CUT_EVALUATION': True,
  'PARTITION_TYPE': 'BI',
  'PICK_SMALLEST_PURVIEW': False,
  'PRECISION': 6,
  'PRINT_FRACTIONS': True,
  'PROGRESS_BARS': True,
  'REDIS_CACHE': False,
  'REDIS_CONFIG': {'db': 0, 'host': 'localhost', 'port': 6379, 'test_db': 1},
  'REPR_VERBOSITY': 2,
  'SINGLE_MICRO_NODES_WITH_SELFLOOPS_HAVE_PHI': False,
  'SYSTEM_CUTS': '3.0_STYLE',
  'USE_SMALL_PHI_DIFFERENCE_FOR_CES_DISTANCE': False,
  'VALIDATE_CONDITIONAL_INDEPENDENCE': True,
  'VALIDATE_SUBSYSTEM_STATES': True,
  'WELCOME_OFF': True}
2026-05-26 13:22:59,684 [pyphi.conf] INFO Process-40: PyPhi v1.2.0
2026-05-26 13:22:59,684 [pyphi.conf] INFO Process-40: Loaded configuration from ['C:\\Users\\User\\Documents\\Universidad\\ADA\\proyecto\\analisis-project-20261\\GeoMIP\\src\\Method2_Dynamic_Programming_Reformulation\\pyphi_config.yml']
2026-05-26 13:22:59,684 [pyphi.conf] INFO Process-40: Current PyPhi configuration:
 { 'ASSUME_CUTS_CANNOT_CREATE_NEW_CONCEPTS': False,
  'CACHE_POTENTIAL_PURVIEWS': True,
  'CACHE_REPERTOIRES': True,
  'CACHE_SIAS': False,
  'CACHING_BACKEND': 'fs',
  'CLEAR_SUBSYSTEM_CACHES_AFTER_COMPUTING_SIA': False,
  'CUT_ONE_APPROXIMATION': False,
  'FS_CACHE_DIRECTORY': '__pyphi_cache__',
  'FS_CACHE_VERBOSITY': 0,
  'LOG_FILE': 'pyphi.log',
  'LOG_FILE_LEVEL': 'INFO',
  'LOG_STDOUT_LEVEL': 'WARNING',
  'MAXIMUM_CACHE_MEMORY_PERCENTAGE': 50,
  'MEASURE': 'EMD',
  'MONGODB_CONFIG': { 'collection_name': 'cache',
                      'database_name': 'pyphi',
                      'host': 'localhost',
                      'port': 27017},
  'NUMBER_OF_CORES': -1,
  'PARALLEL_COMPLEX_EVALUATION': False,
  'PARALLEL_CONCEPT_EVALUATION': False,
  'PARALLEL_CUT_EVALUATION': True,
  'PARTITION_TYPE': 'BI',
  'PICK_SMALLEST_PURVIEW': False,
  'PRECISION': 6,
  'PRINT_FRACTIONS': True,
  'PROGRESS_BARS': True,
  'REDIS_CACHE': False,
  'REDIS_CONFIG': {'db': 0, 'host': 'localhost', 'port': 6379, 'test_db': 1},
  'REPR_VERBOSITY': 2,
  'SINGLE_MICRO_NODES_WITH_SELFLOOPS_HAVE_PHI': False,
  'SYSTEM_CUTS': '3.0_STYLE',
  'USE_SMALL_PHI_DIFFERENCE_FOR_CES_DISTANCE': False,
  'VALIDATE_CONDITIONAL_INDEPENDENCE': True,
  'VALIDATE_SUBSYSTEM_STATES': True,
  'WELCOME_OFF': True}
2026-05-26 13:23:01,452 [pyphi.conf] INFO Process-41: PyPhi v1.2.0
2026-05-26 13:23:01,452 [pyphi.conf] INFO Process-41: Loaded configuration from ['C:\\Users\\User\\Documents\\Universidad\\ADA\\proyecto\\analisis-project-20261\\GeoMIP\\src\\Method2_Dynamic_Programming_Reformulation\\pyphi_config.yml']
2026-05-26 13:23:01,453 [pyphi.conf] INFO Process-41: Current PyPhi configuration:
 { 'ASSUME_CUTS_CANNOT_CREATE_NEW_CONCEPTS': False,
  'CACHE_POTENTIAL_PURVIEWS': True,
  'CACHE_REPERTOIRES': True,
  'CACHE_SIAS': False,
  'CACHING_BACKEND': 'fs',
  'CLEAR_SUBSYSTEM_CACHES_AFTER_COMPUTING_SIA': False,
  'CUT_ONE_APPROXIMATION': False,
  'FS_CACHE_DIRECTORY': '__pyphi_cache__',
  'FS_CACHE_VERBOSITY': 0,
  'LOG_FILE': 'pyphi.log',
  'LOG_FILE_LEVEL': 'INFO',
  'LOG_STDOUT_LEVEL': 'WARNING',
  'MAXIMUM_CACHE_MEMORY_PERCENTAGE': 50,
  'MEASURE': 'EMD',
  'MONGODB_CONFIG': { 'collection_name': 'cache',
                      'database_name': 'pyphi',
                      'host': 'localhost',
                      'port': 27017},
  'NUMBER_OF_CORES': -1,
  'PARALLEL_COMPLEX_EVALUATION': False,
  'PARALLEL_CONCEPT_EVALUATION': False,
  'PARALLEL_CUT_EVALUATION': True,
  'PARTITION_TYPE': 'BI',
  'PICK_SMALLEST_PURVIEW': False,
  'PRECISION': 6,
  'PRINT_FRACTIONS': True,
  'PROGRESS_BARS': True,
  'REDIS_CACHE': False,
  'REDIS_CONFIG': {'db': 0, 'host': 'localhost', 'port': 6379, 'test_db': 1},
  'REPR_VERBOSITY': 2,
  'SINGLE_MICRO_NODES_WITH_SELFLOOPS_HAVE_PHI': False,
  'SYSTEM_CUTS': '3.0_STYLE',
  'USE_SMALL_PHI_DIFFERENCE_FOR_CES_DISTANCE': False,
  'VALIDATE_CONDITIONAL_INDEPENDENCE': True,
  'VALIDATE_SUBSYSTEM_STATES': True,
  'WELCOME_OFF': True}
2026-05-26 13:23:03,246 [pyphi.conf] INFO Process-42: PyPhi v1.2.0
2026-05-26 13:23:03,246 [pyphi.conf] INFO Process-42: Loaded configuration from ['C:\\Users\\User\\Documents\\Universidad\\ADA\\proyecto\\analisis-project-20261\\GeoMIP\\src\\Method2_Dynamic_Programming_Reformulation\\pyphi_config.yml']
2026-05-26 13:23:03,246 [pyphi.conf] INFO Process-42: Current PyPhi configuration:
 { 'ASSUME_CUTS_CANNOT_CREATE_NEW_CONCEPTS': False,
  'CACHE_POTENTIAL_PURVIEWS': True,
  'CACHE_REPERTOIRES': True,
  'CACHE_SIAS': False,
  'CACHING_BACKEND': 'fs',
  'CLEAR_SUBSYSTEM_CACHES_AFTER_COMPUTING_SIA': False,
  'CUT_ONE_APPROXIMATION': False,
  'FS_CACHE_DIRECTORY': '__pyphi_cache__',
  'FS_CACHE_VERBOSITY': 0,
  'LOG_FILE': 'pyphi.log',
  'LOG_FILE_LEVEL': 'INFO',
  'LOG_STDOUT_LEVEL': 'WARNING',
  'MAXIMUM_CACHE_MEMORY_PERCENTAGE': 50,
  'MEASURE': 'EMD',
  'MONGODB_CONFIG': { 'collection_name': 'cache',
                      'database_name': 'pyphi',
                      'host': 'localhost',
                      'port': 27017},
  'NUMBER_OF_CORES': -1,
  'PARALLEL_COMPLEX_EVALUATION': False,
  'PARALLEL_CONCEPT_EVALUATION': False,
  'PARALLEL_CUT_EVALUATION': True,
  'PARTITION_TYPE': 'BI',
  'PICK_SMALLEST_PURVIEW': False,
  'PRECISION': 6,
  'PRINT_FRACTIONS': True,
  'PROGRESS_BARS': True,
  'REDIS_CACHE': False,
  'REDIS_CONFIG': {'db': 0, 'host': 'localhost', 'port': 6379, 'test_db': 1},
  'REPR_VERBOSITY': 2,
  'SINGLE_MICRO_NODES_WITH_SELFLOOPS_HAVE_PHI': False,
  'SYSTEM_CUTS': '3.0_STYLE',
  'USE_SMALL_PHI_DIFFERENCE_FOR_CES_DISTANCE': False,
  'VALIDATE_CONDITIONAL_INDEPENDENCE': True,
  'VALIDATE_SUBSYSTEM_STATES': True,
  'WELCOME_OFF': True}
2026-05-26 13:23:04,983 [pyphi.conf] INFO Process-43: PyPhi v1.2.0
2026-05-26 13:23:04,983 [pyphi.conf] INFO Process-43: Loaded configuration from ['C:\\Users\\User\\Documents\\Universidad\\ADA\\proyecto\\analisis-project-20261\\GeoMIP\\src\\Method2_Dynamic_Programming_Reformulation\\pyphi_config.yml']
2026-05-26 13:23:04,983 [pyphi.conf] INFO Process-43: Current PyPhi configuration:
 { 'ASSUME_CUTS_CANNOT_CREATE_NEW_CONCEPTS': False,
  'CACHE_POTENTIAL_PURVIEWS': True,
  'CACHE_REPERTOIRES': True,
  'CACHE_SIAS': False,
  'CACHING_BACKEND': 'fs',
  'CLEAR_SUBSYSTEM_CACHES_AFTER_COMPUTING_SIA': False,
  'CUT_ONE_APPROXIMATION': False,
  'FS_CACHE_DIRECTORY': '__pyphi_cache__',
  'FS_CACHE_VERBOSITY': 0,
  'LOG_FILE': 'pyphi.log',
  'LOG_FILE_LEVEL': 'INFO',
  'LOG_STDOUT_LEVEL': 'WARNING',
  'MAXIMUM_CACHE_MEMORY_PERCENTAGE': 50,
  'MEASURE': 'EMD',
  'MONGODB_CONFIG': { 'collection_name': 'cache',
                      'database_name': 'pyphi',
                      'host': 'localhost',
                      'port': 27017},
  'NUMBER_OF_CORES': -1,
  'PARALLEL_COMPLEX_EVALUATION': False,
  'PARALLEL_CONCEPT_EVALUATION': False,
  'PARALLEL_CUT_EVALUATION': True,
  'PARTITION_TYPE': 'BI',
  'PICK_SMALLEST_PURVIEW': False,
  'PRECISION': 6,
  'PRINT_FRACTIONS': True,
  'PROGRESS_BARS': True,
  'REDIS_CACHE': False,
  'REDIS_CONFIG': {'db': 0, 'host': 'localhost', 'port': 6379, 'test_db': 1},
  'REPR_VERBOSITY': 2,
  'SINGLE_MICRO_NODES_WITH_SELFLOOPS_HAVE_PHI': False,
  'SYSTEM_CUTS': '3.0_STYLE',
  'USE_SMALL_PHI_DIFFERENCE_FOR_CES_DISTANCE': False,
  'VALIDATE_CONDITIONAL_INDEPENDENCE': True,
  'VALIDATE_SUBSYSTEM_STATES': True,
  'WELCOME_OFF': True}
2026-05-26 13:23:06,769 [pyphi.conf] INFO Process-44: PyPhi v1.2.0
2026-05-26 13:23:06,769 [pyphi.conf] INFO Process-44: Loaded configuration from ['C:\\Users\\User\\Documents\\Universidad\\ADA\\proyecto\\analisis-project-20261\\GeoMIP\\src\\Method2_Dynamic_Programming_Reformulation\\pyphi_config.yml']
2026-05-26 13:23:06,769 [pyphi.conf] INFO Process-44: Current PyPhi configuration:
 { 'ASSUME_CUTS_CANNOT_CREATE_NEW_CONCEPTS': False,
  'CACHE_POTENTIAL_PURVIEWS': True,
  'CACHE_REPERTOIRES': True,
  'CACHE_SIAS': False,
  'CACHING_BACKEND': 'fs',
  'CLEAR_SUBSYSTEM_CACHES_AFTER_COMPUTING_SIA': False,
  'CUT_ONE_APPROXIMATION': False,
  'FS_CACHE_DIRECTORY': '__pyphi_cache__',
  'FS_CACHE_VERBOSITY': 0,
  'LOG_FILE': 'pyphi.log',
  'LOG_FILE_LEVEL': 'INFO',
  'LOG_STDOUT_LEVEL': 'WARNING',
  'MAXIMUM_CACHE_MEMORY_PERCENTAGE': 50,
  'MEASURE': 'EMD',
  'MONGODB_CONFIG': { 'collection_name': 'cache',
                      'database_name': 'pyphi',
                      'host': 'localhost',
                      'port': 27017},
  'NUMBER_OF_CORES': -1,
  'PARALLEL_COMPLEX_EVALUATION': False,
  'PARALLEL_CONCEPT_EVALUATION': False,
  'PARALLEL_CUT_EVALUATION': True,
  'PARTITION_TYPE': 'BI',
  'PICK_SMALLEST_PURVIEW': False,
  'PRECISION': 6,
  'PRINT_FRACTIONS': True,
  'PROGRESS_BARS': True,
  'REDIS_CACHE': False,
  'REDIS_CONFIG': {'db': 0, 'host': 'localhost', 'port': 6379, 'test_db': 1},
  'REPR_VERBOSITY': 2,
  'SINGLE_MICRO_NODES_WITH_SELFLOOPS_HAVE_PHI': False,
  'SYSTEM_CUTS': '3.0_STYLE',
  'USE_SMALL_PHI_DIFFERENCE_FOR_CES_DISTANCE': False,
  'VALIDATE_CONDITIONAL_INDEPENDENCE': True,
  'VALIDATE_SUBSYSTEM_STATES': True,
  'WELCOME_OFF': True}
2026-05-26 13:23:08,491 [pyphi.conf] INFO Process-45: PyPhi v1.2.0
2026-05-26 13:23:08,491 [pyphi.conf] INFO Process-45: Loaded configuration from ['C:\\Users\\User\\Documents\\Universidad\\ADA\\proyecto\\analisis-project-20261\\GeoMIP\\src\\Method2_Dynamic_Programming_Reformulation\\pyphi_config.yml']
2026-05-26 13:23:08,491 [pyphi.conf] INFO Process-45: Current PyPhi configuration:
 { 'ASSUME_CUTS_CANNOT_CREATE_NEW_CONCEPTS': False,
  'CACHE_POTENTIAL_PURVIEWS': True,
  'CACHE_REPERTOIRES': True,
  'CACHE_SIAS': False,
  'CACHING_BACKEND': 'fs',
  'CLEAR_SUBSYSTEM_CACHES_AFTER_COMPUTING_SIA': False,
  'CUT_ONE_APPROXIMATION': False,
  'FS_CACHE_DIRECTORY': '__pyphi_cache__',
  'FS_CACHE_VERBOSITY': 0,
  'LOG_FILE': 'pyphi.log',
  'LOG_FILE_LEVEL': 'INFO',
  'LOG_STDOUT_LEVEL': 'WARNING',
  'MAXIMUM_CACHE_MEMORY_PERCENTAGE': 50,
  'MEASURE': 'EMD',
  'MONGODB_CONFIG': { 'collection_name': 'cache',
                      'database_name': 'pyphi',
                      'host': 'localhost',
                      'port': 27017},
  'NUMBER_OF_CORES': -1,
  'PARALLEL_COMPLEX_EVALUATION': False,
  'PARALLEL_CONCEPT_EVALUATION': False,
  'PARALLEL_CUT_EVALUATION': True,
  'PARTITION_TYPE': 'BI',
  'PICK_SMALLEST_PURVIEW': False,
  'PRECISION': 6,
  'PRINT_FRACTIONS': True,
  'PROGRESS_BARS': True,
  'REDIS_CACHE': False,
  'REDIS_CONFIG': {'db': 0, 'host': 'localhost', 'port': 6379, 'test_db': 1},
  'REPR_VERBOSITY': 2,
  'SINGLE_MICRO_NODES_WITH_SELFLOOPS_HAVE_PHI': False,
  'SYSTEM_CUTS': '3.0_STYLE',
  'USE_SMALL_PHI_DIFFERENCE_FOR_CES_DISTANCE': False,
  'VALIDATE_CONDITIONAL_INDEPENDENCE': True,
  'VALIDATE_SUBSYSTEM_STATES': True,
  'WELCOME_OFF': True}
2026-05-26 13:23:10,224 [pyphi.conf] INFO Process-46: PyPhi v1.2.0
2026-05-26 13:23:10,224 [pyphi.conf] INFO Process-46: Loaded configuration from ['C:\\Users\\User\\Documents\\Universidad\\ADA\\proyecto\\analisis-project-20261\\GeoMIP\\src\\Method2_Dynamic_Programming_Reformulation\\pyphi_config.yml']
2026-05-26 13:23:10,224 [pyphi.conf] INFO Process-46: Current PyPhi configuration:
 { 'ASSUME_CUTS_CANNOT_CREATE_NEW_CONCEPTS': False,
  'CACHE_POTENTIAL_PURVIEWS': True,
  'CACHE_REPERTOIRES': True,
  'CACHE_SIAS': False,
  'CACHING_BACKEND': 'fs',
  'CLEAR_SUBSYSTEM_CACHES_AFTER_COMPUTING_SIA': False,
  'CUT_ONE_APPROXIMATION': False,
  'FS_CACHE_DIRECTORY': '__pyphi_cache__',
  'FS_CACHE_VERBOSITY': 0,
  'LOG_FILE': 'pyphi.log',
  'LOG_FILE_LEVEL': 'INFO',
  'LOG_STDOUT_LEVEL': 'WARNING',
  'MAXIMUM_CACHE_MEMORY_PERCENTAGE': 50,
  'MEASURE': 'EMD',
  'MONGODB_CONFIG': { 'collection_name': 'cache',
                      'database_name': 'pyphi',
                      'host': 'localhost',
                      'port': 27017},
  'NUMBER_OF_CORES': -1,
  'PARALLEL_COMPLEX_EVALUATION': False,
  'PARALLEL_CONCEPT_EVALUATION': False,
  'PARALLEL_CUT_EVALUATION': True,
  'PARTITION_TYPE': 'BI',
  'PICK_SMALLEST_PURVIEW': False,
  'PRECISION': 6,
  'PRINT_FRACTIONS': True,
  'PROGRESS_BARS': True,
  'REDIS_CACHE': False,
  'REDIS_CONFIG': {'db': 0, 'host': 'localhost', 'port': 6379, 'test_db': 1},
  'REPR_VERBOSITY': 2,
  'SINGLE_MICRO_NODES_WITH_SELFLOOPS_HAVE_PHI': False,
  'SYSTEM_CUTS': '3.0_STYLE',
  'USE_SMALL_PHI_DIFFERENCE_FOR_CES_DISTANCE': False,
  'VALIDATE_CONDITIONAL_INDEPENDENCE': True,
  'VALIDATE_SUBSYSTEM_STATES': True,
  'WELCOME_OFF': True}
2026-05-26 13:23:11,962 [pyphi.conf] INFO Process-47: PyPhi v1.2.0
2026-05-26 13:23:11,962 [pyphi.conf] INFO Process-47: Loaded configuration from ['C:\\Users\\User\\Documents\\Universidad\\ADA\\proyecto\\analisis-project-20261\\GeoMIP\\src\\Method2_Dynamic_Programming_Reformulation\\pyphi_config.yml']
2026-05-26 13:23:11,962 [pyphi.conf] INFO Process-47: Current PyPhi configuration:
 { 'ASSUME_CUTS_CANNOT_CREATE_NEW_CONCEPTS': False,
  'CACHE_POTENTIAL_PURVIEWS': True,
  'CACHE_REPERTOIRES': True,
  'CACHE_SIAS': False,
  'CACHING_BACKEND': 'fs',
  'CLEAR_SUBSYSTEM_CACHES_AFTER_COMPUTING_SIA': False,
  'CUT_ONE_APPROXIMATION': False,
  'FS_CACHE_DIRECTORY': '__pyphi_cache__',
  'FS_CACHE_VERBOSITY': 0,
  'LOG_FILE': 'pyphi.log',
  'LOG_FILE_LEVEL': 'INFO',
  'LOG_STDOUT_LEVEL': 'WARNING',
  'MAXIMUM_CACHE_MEMORY_PERCENTAGE': 50,
  'MEASURE': 'EMD',
  'MONGODB_CONFIG': { 'collection_name': 'cache',
                      'database_name': 'pyphi',
                      'host': 'localhost',
                      'port': 27017},
  'NUMBER_OF_CORES': -1,
  'PARALLEL_COMPLEX_EVALUATION': False,
  'PARALLEL_CONCEPT_EVALUATION': False,
  'PARALLEL_CUT_EVALUATION': True,
  'PARTITION_TYPE': 'BI',
  'PICK_SMALLEST_PURVIEW': False,
  'PRECISION': 6,
  'PRINT_FRACTIONS': True,
  'PROGRESS_BARS': True,
  'REDIS_CACHE': False,
  'REDIS_CONFIG': {'db': 0, 'host': 'localhost', 'port': 6379, 'test_db': 1},
  'REPR_VERBOSITY': 2,
  'SINGLE_MICRO_NODES_WITH_SELFLOOPS_HAVE_PHI': False,
  'SYSTEM_CUTS': '3.0_STYLE',
  'USE_SMALL_PHI_DIFFERENCE_FOR_CES_DISTANCE': False,
  'VALIDATE_CONDITIONAL_INDEPENDENCE': True,
  'VALIDATE_SUBSYSTEM_STATES': True,
  'WELCOME_OFF': True}
2026-05-26 13:23:13,726 [pyphi.conf] INFO Process-48: PyPhi v1.2.0
2026-05-26 13:23:13,726 [pyphi.conf] INFO Process-48: Loaded configuration from ['C:\\Users\\User\\Documents\\Universidad\\ADA\\proyecto\\analisis-project-20261\\GeoMIP\\src\\Method2_Dynamic_Programming_Reformulation\\pyphi_config.yml']
2026-05-26 13:23:13,728 [pyphi.conf] INFO Process-48: Current PyPhi configuration:
 { 'ASSUME_CUTS_CANNOT_CREATE_NEW_CONCEPTS': False,
  'CACHE_POTENTIAL_PURVIEWS': True,
  'CACHE_REPERTOIRES': True,
  'CACHE_SIAS': False,
  'CACHING_BACKEND': 'fs',
  'CLEAR_SUBSYSTEM_CACHES_AFTER_COMPUTING_SIA': False,
  'CUT_ONE_APPROXIMATION': False,
  'FS_CACHE_DIRECTORY': '__pyphi_cache__',
  'FS_CACHE_VERBOSITY': 0,
  'LOG_FILE': 'pyphi.log',
  'LOG_FILE_LEVEL': 'INFO',
  'LOG_STDOUT_LEVEL': 'WARNING',
  'MAXIMUM_CACHE_MEMORY_PERCENTAGE': 50,
  'MEASURE': 'EMD',
  'MONGODB_CONFIG': { 'collection_name': 'cache',
                      'database_name': 'pyphi',
                      'host': 'localhost',
                      'port': 27017},
  'NUMBER_OF_CORES': -1,
  'PARALLEL_COMPLEX_EVALUATION': False,
  'PARALLEL_CONCEPT_EVALUATION': False,
  'PARALLEL_CUT_EVALUATION': True,
  'PARTITION_TYPE': 'BI',
  'PICK_SMALLEST_PURVIEW': False,
  'PRECISION': 6,
  'PRINT_FRACTIONS': True,
  'PROGRESS_BARS': True,
  'REDIS_CACHE': False,
  'REDIS_CONFIG': {'db': 0, 'host': 'localhost', 'port': 6379, 'test_db': 1},
  'REPR_VERBOSITY': 2,
  'SINGLE_MICRO_NODES_WITH_SELFLOOPS_HAVE_PHI': False,
  'SYSTEM_CUTS': '3.0_STYLE',
  'USE_SMALL_PHI_DIFFERENCE_FOR_CES_DISTANCE': False,
  'VALIDATE_CONDITIONAL_INDEPENDENCE': True,
  'VALIDATE_SUBSYSTEM_STATES': True,
  'WELCOME_OFF': True}
2026-05-26 13:23:15,486 [pyphi.conf] INFO Process-49: PyPhi v1.2.0
2026-05-26 13:23:15,486 [pyphi.conf] INFO Process-49: Loaded configuration from ['C:\\Users\\User\\Documents\\Universidad\\ADA\\proyecto\\analisis-project-20261\\GeoMIP\\src\\Method2_Dynamic_Programming_Reformulation\\pyphi_config.yml']
2026-05-26 13:23:15,486 [pyphi.conf] INFO Process-49: Current PyPhi configuration:
 { 'ASSUME_CUTS_CANNOT_CREATE_NEW_CONCEPTS': False,
  'CACHE_POTENTIAL_PURVIEWS': True,
  'CACHE_REPERTOIRES': True,
  'CACHE_SIAS': False,
  'CACHING_BACKEND': 'fs',
  'CLEAR_SUBSYSTEM_CACHES_AFTER_COMPUTING_SIA': False,
  'CUT_ONE_APPROXIMATION': False,
  'FS_CACHE_DIRECTORY': '__pyphi_cache__',
  'FS_CACHE_VERBOSITY': 0,
  'LOG_FILE': 'pyphi.log',
  'LOG_FILE_LEVEL': 'INFO',
  'LOG_STDOUT_LEVEL': 'WARNING',
  'MAXIMUM_CACHE_MEMORY_PERCENTAGE': 50,
  'MEASURE': 'EMD',
  'MONGODB_CONFIG': { 'collection_name': 'cache',
                      'database_name': 'pyphi',
                      'host': 'localhost',
                      'port': 27017},
  'NUMBER_OF_CORES': -1,
  'PARALLEL_COMPLEX_EVALUATION': False,
  'PARALLEL_CONCEPT_EVALUATION': False,
  'PARALLEL_CUT_EVALUATION': True,
  'PARTITION_TYPE': 'BI',
  'PICK_SMALLEST_PURVIEW': False,
  'PRECISION': 6,
  'PRINT_FRACTIONS': True,
  'PROGRESS_BARS': True,
  'REDIS_CACHE': False,
  'REDIS_CONFIG': {'db': 0, 'host': 'localhost', 'port': 6379, 'test_db': 1},
  'REPR_VERBOSITY': 2,
  'SINGLE_MICRO_NODES_WITH_SELFLOOPS_HAVE_PHI': False,
  'SYSTEM_CUTS': '3.0_STYLE',
  'USE_SMALL_PHI_DIFFERENCE_FOR_CES_DISTANCE': False,
  'VALIDATE_CONDITIONAL_INDEPENDENCE': True,
  'VALIDATE_SUBSYSTEM_STATES': True,
  'WELCOME_OFF': True}
2026-06-04 10:09:14,579 [pyphi.conf] INFO MainProcess: PyPhi v1.2.0
2026-06-04 10:09:14,582 [pyphi.conf] INFO MainProcess: Loaded configuration from ['C:\\Users\\User\\Documents\\Universidad\\ADA\\proyecto\\analisis-project-20261\\GeoMIP\\src\\Method2_Dynamic_Programming_Reformulation\\pyphi_config.yml']
2026-06-04 10:09:14,582 [pyphi.conf] INFO MainProcess: Current PyPhi configuration:
 { 'ASSUME_CUTS_CANNOT_CREATE_NEW_CONCEPTS': False,
  'CACHE_POTENTIAL_PURVIEWS': True,
  'CACHE_REPERTOIRES': True,
  'CACHE_SIAS': False,
  'CACHING_BACKEND': 'fs',
  'CLEAR_SUBSYSTEM_CACHES_AFTER_COMPUTING_SIA': False,
  'CUT_ONE_APPROXIMATION': False,
  'FS_CACHE_DIRECTORY': '__pyphi_cache__',
  'FS_CACHE_VERBOSITY': 0,
  'LOG_FILE': 'pyphi.log',
  'LOG_FILE_LEVEL': 'INFO',
  'LOG_STDOUT_LEVEL': 'WARNING',
  'MAXIMUM_CACHE_MEMORY_PERCENTAGE': 50,
  'MEASURE': 'EMD',
  'MONGODB_CONFIG': { 'collection_name': 'cache',
                      'database_name': 'pyphi',
                      'host': 'localhost',
                      'port': 27017},
  'NUMBER_OF_CORES': -1,
  'PARALLEL_COMPLEX_EVALUATION': False,
  'PARALLEL_CONCEPT_EVALUATION': False,
  'PARALLEL_CUT_EVALUATION': True,
  'PARTITION_TYPE': 'BI',
  'PICK_SMALLEST_PURVIEW': False,
  'PRECISION': 6,
  'PRINT_FRACTIONS': True,
  'PROGRESS_BARS': True,
  'REDIS_CACHE': False,
  'REDIS_CONFIG': {'db': 0, 'host': 'localhost', 'port': 6379, 'test_db': 1},
  'REPR_VERBOSITY': 2,
  'SINGLE_MICRO_NODES_WITH_SELFLOOPS_HAVE_PHI': False,
  'SYSTEM_CUTS': '3.0_STYLE',
  'USE_SMALL_PHI_DIFFERENCE_FOR_CES_DISTANCE': False,
  'VALIDATE_CONDITIONAL_INDEPENDENCE': True,
  'VALIDATE_SUBSYSTEM_STATES': True,
  'WELCOME_OFF': True}
2026-06-04 10:11:57,844 [pyphi.conf] INFO MainProcess: PyPhi v1.2.0
2026-06-04 10:11:57,844 [pyphi.conf] INFO MainProcess: Loaded configuration from ['C:\\Users\\User\\Documents\\Universidad\\ADA\\proyecto\\analisis-project-20261\\GeoMIP\\src\\Method2_Dynamic_Programming_Reformulation\\pyphi_config.yml']
2026-06-04 10:11:57,844 [pyphi.conf] INFO MainProcess: Current PyPhi configuration:
 { 'ASSUME_CUTS_CANNOT_CREATE_NEW_CONCEPTS': False,
  'CACHE_POTENTIAL_PURVIEWS': True,
  'CACHE_REPERTOIRES': True,
  'CACHE_SIAS': False,
  'CACHING_BACKEND': 'fs',
  'CLEAR_SUBSYSTEM_CACHES_AFTER_COMPUTING_SIA': False,
  'CUT_ONE_APPROXIMATION': False,
  'FS_CACHE_DIRECTORY': '__pyphi_cache__',
  'FS_CACHE_VERBOSITY': 0,
  'LOG_FILE': 'pyphi.log',
  'LOG_FILE_LEVEL': 'INFO',
  'LOG_STDOUT_LEVEL': 'WARNING',
  'MAXIMUM_CACHE_MEMORY_PERCENTAGE': 50,
  'MEASURE': 'EMD',
  'MONGODB_CONFIG': { 'collection_name': 'cache',
                      'database_name': 'pyphi',
                      'host': 'localhost',
                      'port': 27017},
  'NUMBER_OF_CORES': -1,
  'PARALLEL_COMPLEX_EVALUATION': False,
  'PARALLEL_CONCEPT_EVALUATION': False,
  'PARALLEL_CUT_EVALUATION': True,
  'PARTITION_TYPE': 'BI',
  'PICK_SMALLEST_PURVIEW': False,
  'PRECISION': 6,
  'PRINT_FRACTIONS': True,
  'PROGRESS_BARS': True,
  'REDIS_CACHE': False,
  'REDIS_CONFIG': {'db': 0, 'host': 'localhost', 'port': 6379, 'test_db': 1},
  'REPR_VERBOSITY': 2,
  'SINGLE_MICRO_NODES_WITH_SELFLOOPS_HAVE_PHI': False,
  'SYSTEM_CUTS': '3.0_STYLE',
  'USE_SMALL_PHI_DIFFERENCE_FOR_CES_DISTANCE': False,
  'VALIDATE_CONDITIONAL_INDEPENDENCE': True,
  'VALIDATE_SUBSYSTEM_STATES': True,
  'WELCOME_OFF': True}
2026-06-04 10:12:32,574 [pyphi.conf] INFO MainProcess: PyPhi v1.2.0
2026-06-04 10:12:32,574 [pyphi.conf] INFO MainProcess: Loaded configuration from ['C:\\Users\\User\\Documents\\Universidad\\ADA\\proyecto\\analisis-project-20261\\GeoMIP\\src\\Method2_Dynamic_Programming_Reformulation\\pyphi_config.yml']
2026-06-04 10:12:32,574 [pyphi.conf] INFO MainProcess: Current PyPhi configuration:
 { 'ASSUME_CUTS_CANNOT_CREATE_NEW_CONCEPTS': False,
  'CACHE_POTENTIAL_PURVIEWS': True,
  'CACHE_REPERTOIRES': True,
  'CACHE_SIAS': False,
  'CACHING_BACKEND': 'fs',
  'CLEAR_SUBSYSTEM_CACHES_AFTER_COMPUTING_SIA': False,
  'CUT_ONE_APPROXIMATION': False,
  'FS_CACHE_DIRECTORY': '__pyphi_cache__',
  'FS_CACHE_VERBOSITY': 0,
  'LOG_FILE': 'pyphi.log',
  'LOG_FILE_LEVEL': 'INFO',
  'LOG_STDOUT_LEVEL': 'WARNING',
  'MAXIMUM_CACHE_MEMORY_PERCENTAGE': 50,
  'MEASURE': 'EMD',
  'MONGODB_CONFIG': { 'collection_name': 'cache',
                      'database_name': 'pyphi',
                      'host': 'localhost',
                      'port': 27017},
  'NUMBER_OF_CORES': -1,
  'PARALLEL_COMPLEX_EVALUATION': False,
  'PARALLEL_CONCEPT_EVALUATION': False,
  'PARALLEL_CUT_EVALUATION': True,
  'PARTITION_TYPE': 'BI',
  'PICK_SMALLEST_PURVIEW': False,
  'PRECISION': 6,
  'PRINT_FRACTIONS': True,
  'PROGRESS_BARS': True,
  'REDIS_CACHE': False,
  'REDIS_CONFIG': {'db': 0, 'host': 'localhost', 'port': 6379, 'test_db': 1},
  'REPR_VERBOSITY': 2,
  'SINGLE_MICRO_NODES_WITH_SELFLOOPS_HAVE_PHI': False,
  'SYSTEM_CUTS': '3.0_STYLE',
  'USE_SMALL_PHI_DIFFERENCE_FOR_CES_DISTANCE': False,
  'VALIDATE_CONDITIONAL_INDEPENDENCE': True,
  'VALIDATE_SUBSYSTEM_STATES': True,
  'WELCOME_OFF': True}
2026-06-09 13:14:27,778 [pyphi.conf] INFO MainProcess: PyPhi v1.2.0
2026-06-09 13:14:27,778 [pyphi.conf] INFO MainProcess: Loaded configuration from ['C:\\Users\\User\\Documents\\Universidad\\ADA\\proyecto\\analisis-project-20261\\GeoMIP\\src\\Method2_Dynamic_Programming_Reformulation\\pyphi_config.yml']
2026-06-09 13:14:27,778 [pyphi.conf] INFO MainProcess: Current PyPhi configuration:
 { 'ASSUME_CUTS_CANNOT_CREATE_NEW_CONCEPTS': False,
  'CACHE_POTENTIAL_PURVIEWS': True,
  'CACHE_REPERTOIRES': True,
  'CACHE_SIAS': False,
  'CACHING_BACKEND': 'fs',
  'CLEAR_SUBSYSTEM_CACHES_AFTER_COMPUTING_SIA': False,
  'CUT_ONE_APPROXIMATION': False,
  'FS_CACHE_DIRECTORY': '__pyphi_cache__',
  'FS_CACHE_VERBOSITY': 0,
  'LOG_FILE': 'pyphi.log',
  'LOG_FILE_LEVEL': 'INFO',
  'LOG_STDOUT_LEVEL': 'WARNING',
  'MAXIMUM_CACHE_MEMORY_PERCENTAGE': 50,
  'MEASURE': 'EMD',
  'MONGODB_CONFIG': { 'collection_name': 'cache',
                      'database_name': 'pyphi',
                      'host': 'localhost',
                      'port': 27017},
  'NUMBER_OF_CORES': -1,
  'PARALLEL_COMPLEX_EVALUATION': False,
  'PARALLEL_CONCEPT_EVALUATION': False,
  'PARALLEL_CUT_EVALUATION': True,
  'PARTITION_TYPE': 'BI',
  'PICK_SMALLEST_PURVIEW': False,
  'PRECISION': 6,
  'PRINT_FRACTIONS': True,
  'PROGRESS_BARS': True,
  'REDIS_CACHE': False,
  'REDIS_CONFIG': {'db': 0, 'host': 'localhost', 'port': 6379, 'test_db': 1},
  'REPR_VERBOSITY': 2,
  'SINGLE_MICRO_NODES_WITH_SELFLOOPS_HAVE_PHI': False,
  'SYSTEM_CUTS': '3.0_STYLE',
  'USE_SMALL_PHI_DIFFERENCE_FOR_CES_DISTANCE': False,
  'VALIDATE_CONDITIONAL_INDEPENDENCE': True,
  'VALIDATE_SUBSYSTEM_STATES': True,
  'WELCOME_OFF': True}
2026-06-09 13:17:09,462 [pyphi.conf] INFO MainProcess: PyPhi v1.2.0
2026-06-09 13:17:09,462 [pyphi.conf] INFO MainProcess: Loaded configuration from ['C:\\Users\\User\\Documents\\Universidad\\ADA\\proyecto\\analisis-project-20261\\GeoMIP\\src\\Method2_Dynamic_Programming_Reformulation\\pyphi_config.yml']
2026-06-09 13:17:09,462 [pyphi.conf] INFO MainProcess: Current PyPhi configuration:
 { 'ASSUME_CUTS_CANNOT_CREATE_NEW_CONCEPTS': False,
  'CACHE_POTENTIAL_PURVIEWS': True,
  'CACHE_REPERTOIRES': True,
  'CACHE_SIAS': False,
  'CACHING_BACKEND': 'fs',
  'CLEAR_SUBSYSTEM_CACHES_AFTER_COMPUTING_SIA': False,
  'CUT_ONE_APPROXIMATION': False,
  'FS_CACHE_DIRECTORY': '__pyphi_cache__',
  'FS_CACHE_VERBOSITY': 0,
  'LOG_FILE': 'pyphi.log',
  'LOG_FILE_LEVEL': 'INFO',
  'LOG_STDOUT_LEVEL': 'WARNING',
  'MAXIMUM_CACHE_MEMORY_PERCENTAGE': 50,
  'MEASURE': 'EMD',
  'MONGODB_CONFIG': { 'collection_name': 'cache',
                      'database_name': 'pyphi',
                      'host': 'localhost',
                      'port': 27017},
  'NUMBER_OF_CORES': -1,
  'PARALLEL_COMPLEX_EVALUATION': False,
  'PARALLEL_CONCEPT_EVALUATION': False,
  'PARALLEL_CUT_EVALUATION': True,
  'PARTITION_TYPE': 'BI',
  'PICK_SMALLEST_PURVIEW': False,
  'PRECISION': 6,
  'PRINT_FRACTIONS': True,
  'PROGRESS_BARS': True,
  'REDIS_CACHE': False,
  'REDIS_CONFIG': {'db': 0, 'host': 'localhost', 'port': 6379, 'test_db': 1},
  'REPR_VERBOSITY': 2,
  'SINGLE_MICRO_NODES_WITH_SELFLOOPS_HAVE_PHI': False,
  'SYSTEM_CUTS': '3.0_STYLE',
  'USE_SMALL_PHI_DIFFERENCE_FOR_CES_DISTANCE': False,
  'VALIDATE_CONDITIONAL_INDEPENDENCE': True,
  'VALIDATE_SUBSYSTEM_STATES': True,
  'WELCOME_OFF': True}
2026-06-09 13:17:36,708 [pyphi.conf] INFO MainProcess: PyPhi v1.2.0
2026-06-09 13:17:36,708 [pyphi.conf] INFO MainProcess: Loaded configuration from ['C:\\Users\\User\\Documents\\Universidad\\ADA\\proyecto\\analisis-project-20261\\GeoMIP\\src\\Method2_Dynamic_Programming_Reformulation\\pyphi_config.yml']
2026-06-09 13:17:36,708 [pyphi.conf] INFO MainProcess: Current PyPhi configuration:
 { 'ASSUME_CUTS_CANNOT_CREATE_NEW_CONCEPTS': False,
  'CACHE_POTENTIAL_PURVIEWS': True,
  'CACHE_REPERTOIRES': True,
  'CACHE_SIAS': False,
  'CACHING_BACKEND': 'fs',
  'CLEAR_SUBSYSTEM_CACHES_AFTER_COMPUTING_SIA': False,
  'CUT_ONE_APPROXIMATION': False,
  'FS_CACHE_DIRECTORY': '__pyphi_cache__',
  'FS_CACHE_VERBOSITY': 0,
  'LOG_FILE': 'pyphi.log',
  'LOG_FILE_LEVEL': 'INFO',
  'LOG_STDOUT_LEVEL': 'WARNING',
  'MAXIMUM_CACHE_MEMORY_PERCENTAGE': 50,
  'MEASURE': 'EMD',
  'MONGODB_CONFIG': { 'collection_name': 'cache',
                      'database_name': 'pyphi',
                      'host': 'localhost',
                      'port': 27017},
  'NUMBER_OF_CORES': -1,
  'PARALLEL_COMPLEX_EVALUATION': False,
  'PARALLEL_CONCEPT_EVALUATION': False,
  'PARALLEL_CUT_EVALUATION': True,
  'PARTITION_TYPE': 'BI',
  'PICK_SMALLEST_PURVIEW': False,
  'PRECISION': 6,
  'PRINT_FRACTIONS': True,
  'PROGRESS_BARS': True,
  'REDIS_CACHE': False,
  'REDIS_CONFIG': {'db': 0, 'host': 'localhost', 'port': 6379, 'test_db': 1},
  'REPR_VERBOSITY': 2,
  'SINGLE_MICRO_NODES_WITH_SELFLOOPS_HAVE_PHI': False,
  'SYSTEM_CUTS': '3.0_STYLE',
  'USE_SMALL_PHI_DIFFERENCE_FOR_CES_DISTANCE': False,
  'VALIDATE_CONDITIONAL_INDEPENDENCE': True,
  'VALIDATE_SUBSYSTEM_STATES': True,
  'WELCOME_OFF': True}
2026-06-13 10:27:37,041 [pyphi.conf] INFO MainProcess: PyPhi v1.2.0
2026-06-13 10:27:37,041 [pyphi.conf] INFO MainProcess: Loaded configuration from ['C:\\Users\\User\\Documents\\Universidad\\ADA\\proyecto\\analisis-project-20261\\GeoMIP\\src\\Method2_Dynamic_Programming_Reformulation\\pyphi_config.yml']
2026-06-13 10:27:37,041 [pyphi.conf] INFO MainProcess: Current PyPhi configuration:
 { 'ASSUME_CUTS_CANNOT_CREATE_NEW_CONCEPTS': False,
  'CACHE_POTENTIAL_PURVIEWS': True,
  'CACHE_REPERTOIRES': True,
  'CACHE_SIAS': False,
  'CACHING_BACKEND': 'fs',
  'CLEAR_SUBSYSTEM_CACHES_AFTER_COMPUTING_SIA': False,
  'CUT_ONE_APPROXIMATION': False,
  'FS_CACHE_DIRECTORY': '__pyphi_cache__',
  'FS_CACHE_VERBOSITY': 0,
  'LOG_FILE': 'pyphi.log',
  'LOG_FILE_LEVEL': 'INFO',
  'LOG_STDOUT_LEVEL': 'WARNING',
  'MAXIMUM_CACHE_MEMORY_PERCENTAGE': 50,
  'MEASURE': 'EMD',
  'MONGODB_CONFIG': { 'collection_name': 'cache',
                      'database_name': 'pyphi',
                      'host': 'localhost',
                      'port': 27017},
  'NUMBER_OF_CORES': -1,
  'PARALLEL_COMPLEX_EVALUATION': False,
  'PARALLEL_CONCEPT_EVALUATION': False,
  'PARALLEL_CUT_EVALUATION': True,
  'PARTITION_TYPE': 'BI',
  'PICK_SMALLEST_PURVIEW': False,
  'PRECISION': 6,
  'PRINT_FRACTIONS': True,
  'PROGRESS_BARS': True,
  'REDIS_CACHE': False,
  'REDIS_CONFIG': {'db': 0, 'host': 'localhost', 'port': 6379, 'test_db': 1},
  'REPR_VERBOSITY': 2,
  'SINGLE_MICRO_NODES_WITH_SELFLOOPS_HAVE_PHI': False,
  'SYSTEM_CUTS': '3.0_STYLE',
  'USE_SMALL_PHI_DIFFERENCE_FOR_CES_DISTANCE': False,
  'VALIDATE_CONDITIONAL_INDEPENDENCE': True,
  'VALIDATE_SUBSYSTEM_STATES': True,
  'WELCOME_OFF': True}
2026-06-13 11:18:25,817 [pyphi.conf] INFO MainProcess: PyPhi v1.2.0
2026-06-13 11:18:25,818 [pyphi.conf] INFO MainProcess: Loaded configuration from ['C:\\Users\\User\\Documents\\Universidad\\ADA\\proyecto\\analisis-project-20261\\GeoMIP\\src\\Method2_Dynamic_Programming_Reformulation\\pyphi_config.yml']
2026-06-13 11:18:25,818 [pyphi.conf] INFO MainProcess: Current PyPhi configuration:
 { 'ASSUME_CUTS_CANNOT_CREATE_NEW_CONCEPTS': False,
  'CACHE_POTENTIAL_PURVIEWS': True,
  'CACHE_REPERTOIRES': True,
  'CACHE_SIAS': False,
  'CACHING_BACKEND': 'fs',
  'CLEAR_SUBSYSTEM_CACHES_AFTER_COMPUTING_SIA': False,
  'CUT_ONE_APPROXIMATION': False,
  'FS_CACHE_DIRECTORY': '__pyphi_cache__',
  'FS_CACHE_VERBOSITY': 0,
  'LOG_FILE': 'pyphi.log',
  'LOG_FILE_LEVEL': 'INFO',
  'LOG_STDOUT_LEVEL': 'WARNING',
  'MAXIMUM_CACHE_MEMORY_PERCENTAGE': 50,
  'MEASURE': 'EMD',
  'MONGODB_CONFIG': { 'collection_name': 'cache',
                      'database_name': 'pyphi',
                      'host': 'localhost',
                      'port': 27017},
  'NUMBER_OF_CORES': -1,
  'PARALLEL_COMPLEX_EVALUATION': False,
  'PARALLEL_CONCEPT_EVALUATION': False,
  'PARALLEL_CUT_EVALUATION': True,
  'PARTITION_TYPE': 'BI',
  'PICK_SMALLEST_PURVIEW': False,
  'PRECISION': 6,
  'PRINT_FRACTIONS': True,
  'PROGRESS_BARS': True,
  'REDIS_CACHE': False,
  'REDIS_CONFIG': {'db': 0, 'host': 'localhost', 'port': 6379, 'test_db': 1},
  'REPR_VERBOSITY': 2,
  'SINGLE_MICRO_NODES_WITH_SELFLOOPS_HAVE_PHI': False,
  'SYSTEM_CUTS': '3.0_STYLE',
  'USE_SMALL_PHI_DIFFERENCE_FOR_CES_DISTANCE': False,
  'VALIDATE_CONDITIONAL_INDEPENDENCE': True,
  'VALIDATE_SUBSYSTEM_STATES': True,
  'WELCOME_OFF': True}
2026-06-13 11:20:37,435 [pyphi.conf] INFO MainProcess: PyPhi v1.2.0
2026-06-13 11:20:37,435 [pyphi.conf] INFO MainProcess: Loaded configuration from ['C:\\Users\\User\\Documents\\Universidad\\ADA\\proyecto\\analisis-project-20261\\GeoMIP\\src\\Method2_Dynamic_Programming_Reformulation\\pyphi_config.yml']
2026-06-13 11:20:37,435 [pyphi.conf] INFO MainProcess: Current PyPhi configuration:
 { 'ASSUME_CUTS_CANNOT_CREATE_NEW_CONCEPTS': False,
  'CACHE_POTENTIAL_PURVIEWS': True,
  'CACHE_REPERTOIRES': True,
  'CACHE_SIAS': False,
  'CACHING_BACKEND': 'fs',
  'CLEAR_SUBSYSTEM_CACHES_AFTER_COMPUTING_SIA': False,
  'CUT_ONE_APPROXIMATION': False,
  'FS_CACHE_DIRECTORY': '__pyphi_cache__',
  'FS_CACHE_VERBOSITY': 0,
  'LOG_FILE': 'pyphi.log',
  'LOG_FILE_LEVEL': 'INFO',
  'LOG_STDOUT_LEVEL': 'WARNING',
  'MAXIMUM_CACHE_MEMORY_PERCENTAGE': 50,
  'MEASURE': 'EMD',
  'MONGODB_CONFIG': { 'collection_name': 'cache',
                      'database_name': 'pyphi',
                      'host': 'localhost',
                      'port': 27017},
  'NUMBER_OF_CORES': -1,
  'PARALLEL_COMPLEX_EVALUATION': False,
  'PARALLEL_CONCEPT_EVALUATION': False,
  'PARALLEL_CUT_EVALUATION': True,
  'PARTITION_TYPE': 'BI',
  'PICK_SMALLEST_PURVIEW': False,
  'PRECISION': 6,
  'PRINT_FRACTIONS': True,
  'PROGRESS_BARS': True,
  'REDIS_CACHE': False,
  'REDIS_CONFIG': {'db': 0, 'host': 'localhost', 'port': 6379, 'test_db': 1},
  'REPR_VERBOSITY': 2,
  'SINGLE_MICRO_NODES_WITH_SELFLOOPS_HAVE_PHI': False,
  'SYSTEM_CUTS': '3.0_STYLE',
  'USE_SMALL_PHI_DIFFERENCE_FOR_CES_DISTANCE': False,
  'VALIDATE_CONDITIONAL_INDEPENDENCE': True,
  'VALIDATE_SUBSYSTEM_STATES': True,
  'WELCOME_OFF': True}
2026-06-13 11:20:39,108 [pyphi.conf] INFO Process-1: PyPhi v1.2.0
2026-06-13 11:20:39,108 [pyphi.conf] INFO Process-1: Loaded configuration from ['C:\\Users\\User\\Documents\\Universidad\\ADA\\proyecto\\analisis-project-20261\\GeoMIP\\src\\Method2_Dynamic_Programming_Reformulation\\pyphi_config.yml']
2026-06-13 11:20:39,108 [pyphi.conf] INFO Process-1: Current PyPhi configuration:
 { 'ASSUME_CUTS_CANNOT_CREATE_NEW_CONCEPTS': False,
  'CACHE_POTENTIAL_PURVIEWS': True,
  'CACHE_REPERTOIRES': True,
  'CACHE_SIAS': False,
  'CACHING_BACKEND': 'fs',
  'CLEAR_SUBSYSTEM_CACHES_AFTER_COMPUTING_SIA': False,
  'CUT_ONE_APPROXIMATION': False,
  'FS_CACHE_DIRECTORY': '__pyphi_cache__',
  'FS_CACHE_VERBOSITY': 0,
  'LOG_FILE': 'pyphi.log',
  'LOG_FILE_LEVEL': 'INFO',
  'LOG_STDOUT_LEVEL': 'WARNING',
  'MAXIMUM_CACHE_MEMORY_PERCENTAGE': 50,
  'MEASURE': 'EMD',
  'MONGODB_CONFIG': { 'collection_name': 'cache',
                      'database_name': 'pyphi',
                      'host': 'localhost',
                      'port': 27017},
  'NUMBER_OF_CORES': -1,
  'PARALLEL_COMPLEX_EVALUATION': False,
  'PARALLEL_CONCEPT_EVALUATION': False,
  'PARALLEL_CUT_EVALUATION': True,
  'PARTITION_TYPE': 'BI',
  'PICK_SMALLEST_PURVIEW': False,
  'PRECISION': 6,
  'PRINT_FRACTIONS': True,
  'PROGRESS_BARS': True,
  'REDIS_CACHE': False,
  'REDIS_CONFIG': {'db': 0, 'host': 'localhost', 'port': 6379, 'test_db': 1},
  'REPR_VERBOSITY': 2,
  'SINGLE_MICRO_NODES_WITH_SELFLOOPS_HAVE_PHI': False,
  'SYSTEM_CUTS': '3.0_STYLE',
  'USE_SMALL_PHI_DIFFERENCE_FOR_CES_DISTANCE': False,
  'VALIDATE_CONDITIONAL_INDEPENDENCE': True,
  'VALIDATE_SUBSYSTEM_STATES': True,
  'WELCOME_OFF': True}
2026-06-13 11:21:58,327 [pyphi.conf] INFO MainProcess: PyPhi v1.2.0
2026-06-13 11:21:58,327 [pyphi.conf] INFO MainProcess: Loaded configuration from ['C:\\Users\\User\\Documents\\Universidad\\ADA\\proyecto\\analisis-project-20261\\GeoMIP\\src\\Method2_Dynamic_Programming_Reformulation\\pyphi_config.yml']
2026-06-13 11:21:58,327 [pyphi.conf] INFO MainProcess: Current PyPhi configuration:
 { 'ASSUME_CUTS_CANNOT_CREATE_NEW_CONCEPTS': False,
  'CACHE_POTENTIAL_PURVIEWS': True,
  'CACHE_REPERTOIRES': True,
  'CACHE_SIAS': False,
  'CACHING_BACKEND': 'fs',
  'CLEAR_SUBSYSTEM_CACHES_AFTER_COMPUTING_SIA': False,
  'CUT_ONE_APPROXIMATION': False,
  'FS_CACHE_DIRECTORY': '__pyphi_cache__',
  'FS_CACHE_VERBOSITY': 0,
  'LOG_FILE': 'pyphi.log',
  'LOG_FILE_LEVEL': 'INFO',
  'LOG_STDOUT_LEVEL': 'WARNING',
  'MAXIMUM_CACHE_MEMORY_PERCENTAGE': 50,
  'MEASURE': 'EMD',
  'MONGODB_CONFIG': { 'collection_name': 'cache',
                      'database_name': 'pyphi',
                      'host': 'localhost',
                      'port': 27017},
  'NUMBER_OF_CORES': -1,
  'PARALLEL_COMPLEX_EVALUATION': False,
  'PARALLEL_CONCEPT_EVALUATION': False,
  'PARALLEL_CUT_EVALUATION': True,
  'PARTITION_TYPE': 'BI',
  'PICK_SMALLEST_PURVIEW': False,
  'PRECISION': 6,
  'PRINT_FRACTIONS': True,
  'PROGRESS_BARS': True,
  'REDIS_CACHE': False,
  'REDIS_CONFIG': {'db': 0, 'host': 'localhost', 'port': 6379, 'test_db': 1},
  'REPR_VERBOSITY': 2,
  'SINGLE_MICRO_NODES_WITH_SELFLOOPS_HAVE_PHI': False,
  'SYSTEM_CUTS': '3.0_STYLE',
  'USE_SMALL_PHI_DIFFERENCE_FOR_CES_DISTANCE': False,
  'VALIDATE_CONDITIONAL_INDEPENDENCE': True,
  'VALIDATE_SUBSYSTEM_STATES': True,
  'WELCOME_OFF': True}
2026-06-13 11:22:00,137 [pyphi.conf] INFO Process-1: PyPhi v1.2.0
2026-06-13 11:22:00,137 [pyphi.conf] INFO Process-1: Loaded configuration from ['C:\\Users\\User\\Documents\\Universidad\\ADA\\proyecto\\analisis-project-20261\\GeoMIP\\src\\Method2_Dynamic_Programming_Reformulation\\pyphi_config.yml']
2026-06-13 11:22:00,137 [pyphi.conf] INFO Process-1: Current PyPhi configuration:
 { 'ASSUME_CUTS_CANNOT_CREATE_NEW_CONCEPTS': False,
  'CACHE_POTENTIAL_PURVIEWS': True,
  'CACHE_REPERTOIRES': True,
  'CACHE_SIAS': False,
  'CACHING_BACKEND': 'fs',
  'CLEAR_SUBSYSTEM_CACHES_AFTER_COMPUTING_SIA': False,
  'CUT_ONE_APPROXIMATION': False,
  'FS_CACHE_DIRECTORY': '__pyphi_cache__',
  'FS_CACHE_VERBOSITY': 0,
  'LOG_FILE': 'pyphi.log',
  'LOG_FILE_LEVEL': 'INFO',
  'LOG_STDOUT_LEVEL': 'WARNING',
  'MAXIMUM_CACHE_MEMORY_PERCENTAGE': 50,
  'MEASURE': 'EMD',
  'MONGODB_CONFIG': { 'collection_name': 'cache',
                      'database_name': 'pyphi',
                      'host': 'localhost',
                      'port': 27017},
  'NUMBER_OF_CORES': -1,
  'PARALLEL_COMPLEX_EVALUATION': False,
  'PARALLEL_CONCEPT_EVALUATION': False,
  'PARALLEL_CUT_EVALUATION': True,
  'PARTITION_TYPE': 'BI',
  'PICK_SMALLEST_PURVIEW': False,
  'PRECISION': 6,
  'PRINT_FRACTIONS': True,
  'PROGRESS_BARS': True,
  'REDIS_CACHE': False,
  'REDIS_CONFIG': {'db': 0, 'host': 'localhost', 'port': 6379, 'test_db': 1},
  'REPR_VERBOSITY': 2,
  'SINGLE_MICRO_NODES_WITH_SELFLOOPS_HAVE_PHI': False,
  'SYSTEM_CUTS': '3.0_STYLE',
  'USE_SMALL_PHI_DIFFERENCE_FOR_CES_DISTANCE': False,
  'VALIDATE_CONDITIONAL_INDEPENDENCE': True,
  'VALIDATE_SUBSYSTEM_STATES': True,
  'WELCOME_OFF': True}
2026-06-13 11:24:23,472 [pyphi.conf] INFO MainProcess: PyPhi v1.2.0
2026-06-13 11:24:23,472 [pyphi.conf] INFO MainProcess: Loaded configuration from ['C:\\Users\\User\\Documents\\Universidad\\ADA\\proyecto\\analisis-project-20261\\GeoMIP\\src\\Method2_Dynamic_Programming_Reformulation\\pyphi_config.yml']
2026-06-13 11:24:23,473 [pyphi.conf] INFO MainProcess: Current PyPhi configuration:
 { 'ASSUME_CUTS_CANNOT_CREATE_NEW_CONCEPTS': False,
  'CACHE_POTENTIAL_PURVIEWS': True,
  'CACHE_REPERTOIRES': True,
  'CACHE_SIAS': False,
  'CACHING_BACKEND': 'fs',
  'CLEAR_SUBSYSTEM_CACHES_AFTER_COMPUTING_SIA': False,
  'CUT_ONE_APPROXIMATION': False,
  'FS_CACHE_DIRECTORY': '__pyphi_cache__',
  'FS_CACHE_VERBOSITY': 0,
  'LOG_FILE': 'pyphi.log',
  'LOG_FILE_LEVEL': 'INFO',
  'LOG_STDOUT_LEVEL': 'WARNING',
  'MAXIMUM_CACHE_MEMORY_PERCENTAGE': 50,
  'MEASURE': 'EMD',
  'MONGODB_CONFIG': { 'collection_name': 'cache',
                      'database_name': 'pyphi',
                      'host': 'localhost',
                      'port': 27017},
  'NUMBER_OF_CORES': -1,
  'PARALLEL_COMPLEX_EVALUATION': False,
  'PARALLEL_CONCEPT_EVALUATION': False,
  'PARALLEL_CUT_EVALUATION': True,
  'PARTITION_TYPE': 'BI',
  'PICK_SMALLEST_PURVIEW': False,
  'PRECISION': 6,
  'PRINT_FRACTIONS': True,
  'PROGRESS_BARS': True,
  'REDIS_CACHE': False,
  'REDIS_CONFIG': {'db': 0, 'host': 'localhost', 'port': 6379, 'test_db': 1},
  'REPR_VERBOSITY': 2,
  'SINGLE_MICRO_NODES_WITH_SELFLOOPS_HAVE_PHI': False,
  'SYSTEM_CUTS': '3.0_STYLE',
  'USE_SMALL_PHI_DIFFERENCE_FOR_CES_DISTANCE': False,
  'VALIDATE_CONDITIONAL_INDEPENDENCE': True,
  'VALIDATE_SUBSYSTEM_STATES': True,
  'WELCOME_OFF': True}
2026-06-13 11:24:25,315 [pyphi.conf] INFO Process-1: PyPhi v1.2.0
2026-06-13 11:24:25,315 [pyphi.conf] INFO Process-1: Loaded configuration from ['C:\\Users\\User\\Documents\\Universidad\\ADA\\proyecto\\analisis-project-20261\\GeoMIP\\src\\Method2_Dynamic_Programming_Reformulation\\pyphi_config.yml']
2026-06-13 11:24:25,315 [pyphi.conf] INFO Process-1: Current PyPhi configuration:
 { 'ASSUME_CUTS_CANNOT_CREATE_NEW_CONCEPTS': False,
  'CACHE_POTENTIAL_PURVIEWS': True,
  'CACHE_REPERTOIRES': True,
  'CACHE_SIAS': False,
  'CACHING_BACKEND': 'fs',
  'CLEAR_SUBSYSTEM_CACHES_AFTER_COMPUTING_SIA': False,
  'CUT_ONE_APPROXIMATION': False,
  'FS_CACHE_DIRECTORY': '__pyphi_cache__',
  'FS_CACHE_VERBOSITY': 0,
  'LOG_FILE': 'pyphi.log',
  'LOG_FILE_LEVEL': 'INFO',
  'LOG_STDOUT_LEVEL': 'WARNING',
  'MAXIMUM_CACHE_MEMORY_PERCENTAGE': 50,
  'MEASURE': 'EMD',
  'MONGODB_CONFIG': { 'collection_name': 'cache',
                      'database_name': 'pyphi',
                      'host': 'localhost',
                      'port': 27017},
  'NUMBER_OF_CORES': -1,
  'PARALLEL_COMPLEX_EVALUATION': False,
  'PARALLEL_CONCEPT_EVALUATION': False,
  'PARALLEL_CUT_EVALUATION': True,
  'PARTITION_TYPE': 'BI',
  'PICK_SMALLEST_PURVIEW': False,
  'PRECISION': 6,
  'PRINT_FRACTIONS': True,
  'PROGRESS_BARS': True,
  'REDIS_CACHE': False,
  'REDIS_CONFIG': {'db': 0, 'host': 'localhost', 'port': 6379, 'test_db': 1},
  'REPR_VERBOSITY': 2,
  'SINGLE_MICRO_NODES_WITH_SELFLOOPS_HAVE_PHI': False,
  'SYSTEM_CUTS': '3.0_STYLE',
  'USE_SMALL_PHI_DIFFERENCE_FOR_CES_DISTANCE': False,
  'VALIDATE_CONDITIONAL_INDEPENDENCE': True,
  'VALIDATE_SUBSYSTEM_STATES': True,
  'WELCOME_OFF': True}
2026-06-13 11:24:27,421 [pyphi.conf] INFO Process-2: PyPhi v1.2.0
2026-06-13 11:24:27,421 [pyphi.conf] INFO Process-2: Loaded configuration from ['C:\\Users\\User\\Documents\\Universidad\\ADA\\proyecto\\analisis-project-20261\\GeoMIP\\src\\Method2_Dynamic_Programming_Reformulation\\pyphi_config.yml']
2026-06-13 11:24:27,421 [pyphi.conf] INFO Process-2: Current PyPhi configuration:
 { 'ASSUME_CUTS_CANNOT_CREATE_NEW_CONCEPTS': False,
  'CACHE_POTENTIAL_PURVIEWS': True,
  'CACHE_REPERTOIRES': True,
  'CACHE_SIAS': False,
  'CACHING_BACKEND': 'fs',
  'CLEAR_SUBSYSTEM_CACHES_AFTER_COMPUTING_SIA': False,
  'CUT_ONE_APPROXIMATION': False,
  'FS_CACHE_DIRECTORY': '__pyphi_cache__',
  'FS_CACHE_VERBOSITY': 0,
  'LOG_FILE': 'pyphi.log',
  'LOG_FILE_LEVEL': 'INFO',
  'LOG_STDOUT_LEVEL': 'WARNING',
  'MAXIMUM_CACHE_MEMORY_PERCENTAGE': 50,
  'MEASURE': 'EMD',
  'MONGODB_CONFIG': { 'collection_name': 'cache',
                      'database_name': 'pyphi',
                      'host': 'localhost',
                      'port': 27017},
  'NUMBER_OF_CORES': -1,
  'PARALLEL_COMPLEX_EVALUATION': False,
  'PARALLEL_CONCEPT_EVALUATION': False,
  'PARALLEL_CUT_EVALUATION': True,
  'PARTITION_TYPE': 'BI',
  'PICK_SMALLEST_PURVIEW': False,
  'PRECISION': 6,
  'PRINT_FRACTIONS': True,
  'PROGRESS_BARS': True,
  'REDIS_CACHE': False,
  'REDIS_CONFIG': {'db': 0, 'host': 'localhost', 'port': 6379, 'test_db': 1},
  'REPR_VERBOSITY': 2,
  'SINGLE_MICRO_NODES_WITH_SELFLOOPS_HAVE_PHI': False,
  'SYSTEM_CUTS': '3.0_STYLE',
  'USE_SMALL_PHI_DIFFERENCE_FOR_CES_DISTANCE': False,
  'VALIDATE_CONDITIONAL_INDEPENDENCE': True,
  'VALIDATE_SUBSYSTEM_STATES': True,
  'WELCOME_OFF': True}
2026-06-13 11:24:29,448 [pyphi.conf] INFO Process-3: PyPhi v1.2.0
2026-06-13 11:24:29,448 [pyphi.conf] INFO Process-3: Loaded configuration from ['C:\\Users\\User\\Documents\\Universidad\\ADA\\proyecto\\analisis-project-20261\\GeoMIP\\src\\Method2_Dynamic_Programming_Reformulation\\pyphi_config.yml']
2026-06-13 11:24:29,448 [pyphi.conf] INFO Process-3: Current PyPhi configuration:
 { 'ASSUME_CUTS_CANNOT_CREATE_NEW_CONCEPTS': False,
  'CACHE_POTENTIAL_PURVIEWS': True,
  'CACHE_REPERTOIRES': True,
  'CACHE_SIAS': False,
  'CACHING_BACKEND': 'fs',
  'CLEAR_SUBSYSTEM_CACHES_AFTER_COMPUTING_SIA': False,
  'CUT_ONE_APPROXIMATION': False,
  'FS_CACHE_DIRECTORY': '__pyphi_cache__',
  'FS_CACHE_VERBOSITY': 0,
  'LOG_FILE': 'pyphi.log',
  'LOG_FILE_LEVEL': 'INFO',
  'LOG_STDOUT_LEVEL': 'WARNING',
  'MAXIMUM_CACHE_MEMORY_PERCENTAGE': 50,
  'MEASURE': 'EMD',
  'MONGODB_CONFIG': { 'collection_name': 'cache',
                      'database_name': 'pyphi',
                      'host': 'localhost',
                      'port': 27017},
  'NUMBER_OF_CORES': -1,
  'PARALLEL_COMPLEX_EVALUATION': False,
  'PARALLEL_CONCEPT_EVALUATION': False,
  'PARALLEL_CUT_EVALUATION': True,
  'PARTITION_TYPE': 'BI',
  'PICK_SMALLEST_PURVIEW': False,
  'PRECISION': 6,
  'PRINT_FRACTIONS': True,
  'PROGRESS_BARS': True,
  'REDIS_CACHE': False,
  'REDIS_CONFIG': {'db': 0, 'host': 'localhost', 'port': 6379, 'test_db': 1},
  'REPR_VERBOSITY': 2,
  'SINGLE_MICRO_NODES_WITH_SELFLOOPS_HAVE_PHI': False,
  'SYSTEM_CUTS': '3.0_STYLE',
  'USE_SMALL_PHI_DIFFERENCE_FOR_CES_DISTANCE': False,
  'VALIDATE_CONDITIONAL_INDEPENDENCE': True,
  'VALIDATE_SUBSYSTEM_STATES': True,
  'WELCOME_OFF': True}
2026-06-13 11:24:31,400 [pyphi.conf] INFO Process-4: PyPhi v1.2.0
2026-06-13 11:24:31,400 [pyphi.conf] INFO Process-4: Loaded configuration from ['C:\\Users\\User\\Documents\\Universidad\\ADA\\proyecto\\analisis-project-20261\\GeoMIP\\src\\Method2_Dynamic_Programming_Reformulation\\pyphi_config.yml']
2026-06-13 11:24:31,403 [pyphi.conf] INFO Process-4: Current PyPhi configuration:
 { 'ASSUME_CUTS_CANNOT_CREATE_NEW_CONCEPTS': False,
  'CACHE_POTENTIAL_PURVIEWS': True,
  'CACHE_REPERTOIRES': True,
  'CACHE_SIAS': False,
  'CACHING_BACKEND': 'fs',
  'CLEAR_SUBSYSTEM_CACHES_AFTER_COMPUTING_SIA': False,
  'CUT_ONE_APPROXIMATION': False,
  'FS_CACHE_DIRECTORY': '__pyphi_cache__',
  'FS_CACHE_VERBOSITY': 0,
  'LOG_FILE': 'pyphi.log',
  'LOG_FILE_LEVEL': 'INFO',
  'LOG_STDOUT_LEVEL': 'WARNING',
  'MAXIMUM_CACHE_MEMORY_PERCENTAGE': 50,
  'MEASURE': 'EMD',
  'MONGODB_CONFIG': { 'collection_name': 'cache',
                      'database_name': 'pyphi',
                      'host': 'localhost',
                      'port': 27017},
  'NUMBER_OF_CORES': -1,
  'PARALLEL_COMPLEX_EVALUATION': False,
  'PARALLEL_CONCEPT_EVALUATION': False,
  'PARALLEL_CUT_EVALUATION': True,
  'PARTITION_TYPE': 'BI',
  'PICK_SMALLEST_PURVIEW': False,
  'PRECISION': 6,
  'PRINT_FRACTIONS': True,
  'PROGRESS_BARS': True,
  'REDIS_CACHE': False,
  'REDIS_CONFIG': {'db': 0, 'host': 'localhost', 'port': 6379, 'test_db': 1},
  'REPR_VERBOSITY': 2,
  'SINGLE_MICRO_NODES_WITH_SELFLOOPS_HAVE_PHI': False,
  'SYSTEM_CUTS': '3.0_STYLE',
  'USE_SMALL_PHI_DIFFERENCE_FOR_CES_DISTANCE': False,
  'VALIDATE_CONDITIONAL_INDEPENDENCE': True,
  'VALIDATE_SUBSYSTEM_STATES': True,
  'WELCOME_OFF': True}
2026-06-13 11:24:33,352 [pyphi.conf] INFO Process-5: PyPhi v1.2.0
2026-06-13 11:24:33,352 [pyphi.conf] INFO Process-5: Loaded configuration from ['C:\\Users\\User\\Documents\\Universidad\\ADA\\proyecto\\analisis-project-20261\\GeoMIP\\src\\Method2_Dynamic_Programming_Reformulation\\pyphi_config.yml']
2026-06-13 11:24:33,352 [pyphi.conf] INFO Process-5: Current PyPhi configuration:
 { 'ASSUME_CUTS_CANNOT_CREATE_NEW_CONCEPTS': False,
  'CACHE_POTENTIAL_PURVIEWS': True,
  'CACHE_REPERTOIRES': True,
  'CACHE_SIAS': False,
  'CACHING_BACKEND': 'fs',
  'CLEAR_SUBSYSTEM_CACHES_AFTER_COMPUTING_SIA': False,
  'CUT_ONE_APPROXIMATION': False,
  'FS_CACHE_DIRECTORY': '__pyphi_cache__',
  'FS_CACHE_VERBOSITY': 0,
  'LOG_FILE': 'pyphi.log',
  'LOG_FILE_LEVEL': 'INFO',
  'LOG_STDOUT_LEVEL': 'WARNING',
  'MAXIMUM_CACHE_MEMORY_PERCENTAGE': 50,
  'MEASURE': 'EMD',
  'MONGODB_CONFIG': { 'collection_name': 'cache',
                      'database_name': 'pyphi',
                      'host': 'localhost',
                      'port': 27017},
  'NUMBER_OF_CORES': -1,
  'PARALLEL_COMPLEX_EVALUATION': False,
  'PARALLEL_CONCEPT_EVALUATION': False,
  'PARALLEL_CUT_EVALUATION': True,
  'PARTITION_TYPE': 'BI',
  'PICK_SMALLEST_PURVIEW': False,
  'PRECISION': 6,
  'PRINT_FRACTIONS': True,
  'PROGRESS_BARS': True,
  'REDIS_CACHE': False,
  'REDIS_CONFIG': {'db': 0, 'host': 'localhost', 'port': 6379, 'test_db': 1},
  'REPR_VERBOSITY': 2,
  'SINGLE_MICRO_NODES_WITH_SELFLOOPS_HAVE_PHI': False,
  'SYSTEM_CUTS': '3.0_STYLE',
  'USE_SMALL_PHI_DIFFERENCE_FOR_CES_DISTANCE': False,
  'VALIDATE_CONDITIONAL_INDEPENDENCE': True,
  'VALIDATE_SUBSYSTEM_STATES': True,
  'WELCOME_OFF': True}
2026-06-13 11:24:35,267 [pyphi.conf] INFO Process-6: PyPhi v1.2.0
2026-06-13 11:24:35,267 [pyphi.conf] INFO Process-6: Loaded configuration from ['C:\\Users\\User\\Documents\\Universidad\\ADA\\proyecto\\analisis-project-20261\\GeoMIP\\src\\Method2_Dynamic_Programming_Reformulation\\pyphi_config.yml']
2026-06-13 11:24:35,273 [pyphi.conf] INFO Process-6: Current PyPhi configuration:
 { 'ASSUME_CUTS_CANNOT_CREATE_NEW_CONCEPTS': False,
  'CACHE_POTENTIAL_PURVIEWS': True,
  'CACHE_REPERTOIRES': True,
  'CACHE_SIAS': False,
  'CACHING_BACKEND': 'fs',
  'CLEAR_SUBSYSTEM_CACHES_AFTER_COMPUTING_SIA': False,
  'CUT_ONE_APPROXIMATION': False,
  'FS_CACHE_DIRECTORY': '__pyphi_cache__',
  'FS_CACHE_VERBOSITY': 0,
  'LOG_FILE': 'pyphi.log',
  'LOG_FILE_LEVEL': 'INFO',
  'LOG_STDOUT_LEVEL': 'WARNING',
  'MAXIMUM_CACHE_MEMORY_PERCENTAGE': 50,
  'MEASURE': 'EMD',
  'MONGODB_CONFIG': { 'collection_name': 'cache',
                      'database_name': 'pyphi',
                      'host': 'localhost',
                      'port': 27017},
  'NUMBER_OF_CORES': -1,
  'PARALLEL_COMPLEX_EVALUATION': False,
  'PARALLEL_CONCEPT_EVALUATION': False,
  'PARALLEL_CUT_EVALUATION': True,
  'PARTITION_TYPE': 'BI',
  'PICK_SMALLEST_PURVIEW': False,
  'PRECISION': 6,
  'PRINT_FRACTIONS': True,
  'PROGRESS_BARS': True,
  'REDIS_CACHE': False,
  'REDIS_CONFIG': {'db': 0, 'host': 'localhost', 'port': 6379, 'test_db': 1},
  'REPR_VERBOSITY': 2,
  'SINGLE_MICRO_NODES_WITH_SELFLOOPS_HAVE_PHI': False,
  'SYSTEM_CUTS': '3.0_STYLE',
  'USE_SMALL_PHI_DIFFERENCE_FOR_CES_DISTANCE': False,
  'VALIDATE_CONDITIONAL_INDEPENDENCE': True,
  'VALIDATE_SUBSYSTEM_STATES': True,
  'WELCOME_OFF': True}
2026-06-13 11:24:37,291 [pyphi.conf] INFO Process-7: PyPhi v1.2.0
2026-06-13 11:24:37,291 [pyphi.conf] INFO Process-7: Loaded configuration from ['C:\\Users\\User\\Documents\\Universidad\\ADA\\proyecto\\analisis-project-20261\\GeoMIP\\src\\Method2_Dynamic_Programming_Reformulation\\pyphi_config.yml']
2026-06-13 11:24:37,291 [pyphi.conf] INFO Process-7: Current PyPhi configuration:
 { 'ASSUME_CUTS_CANNOT_CREATE_NEW_CONCEPTS': False,
  'CACHE_POTENTIAL_PURVIEWS': True,
  'CACHE_REPERTOIRES': True,
  'CACHE_SIAS': False,
  'CACHING_BACKEND': 'fs',
  'CLEAR_SUBSYSTEM_CACHES_AFTER_COMPUTING_SIA': False,
  'CUT_ONE_APPROXIMATION': False,
  'FS_CACHE_DIRECTORY': '__pyphi_cache__',
  'FS_CACHE_VERBOSITY': 0,
  'LOG_FILE': 'pyphi.log',
  'LOG_FILE_LEVEL': 'INFO',
  'LOG_STDOUT_LEVEL': 'WARNING',
  'MAXIMUM_CACHE_MEMORY_PERCENTAGE': 50,
  'MEASURE': 'EMD',
  'MONGODB_CONFIG': { 'collection_name': 'cache',
                      'database_name': 'pyphi',
                      'host': 'localhost',
                      'port': 27017},
  'NUMBER_OF_CORES': -1,
  'PARALLEL_COMPLEX_EVALUATION': False,
  'PARALLEL_CONCEPT_EVALUATION': False,
  'PARALLEL_CUT_EVALUATION': True,
  'PARTITION_TYPE': 'BI',
  'PICK_SMALLEST_PURVIEW': False,
  'PRECISION': 6,
  'PRINT_FRACTIONS': True,
  'PROGRESS_BARS': True,
  'REDIS_CACHE': False,
  'REDIS_CONFIG': {'db': 0, 'host': 'localhost', 'port': 6379, 'test_db': 1},
  'REPR_VERBOSITY': 2,
  'SINGLE_MICRO_NODES_WITH_SELFLOOPS_HAVE_PHI': False,
  'SYSTEM_CUTS': '3.0_STYLE',
  'USE_SMALL_PHI_DIFFERENCE_FOR_CES_DISTANCE': False,
  'VALIDATE_CONDITIONAL_INDEPENDENCE': True,
  'VALIDATE_SUBSYSTEM_STATES': True,
  'WELCOME_OFF': True}
2026-06-13 11:24:39,304 [pyphi.conf] INFO Process-8: PyPhi v1.2.0
2026-06-13 11:24:39,304 [pyphi.conf] INFO Process-8: Loaded configuration from ['C:\\Users\\User\\Documents\\Universidad\\ADA\\proyecto\\analisis-project-20261\\GeoMIP\\src\\Method2_Dynamic_Programming_Reformulation\\pyphi_config.yml']
2026-06-13 11:24:39,304 [pyphi.conf] INFO Process-8: Current PyPhi configuration:
 { 'ASSUME_CUTS_CANNOT_CREATE_NEW_CONCEPTS': False,
  'CACHE_POTENTIAL_PURVIEWS': True,
  'CACHE_REPERTOIRES': True,
  'CACHE_SIAS': False,
  'CACHING_BACKEND': 'fs',
  'CLEAR_SUBSYSTEM_CACHES_AFTER_COMPUTING_SIA': False,
  'CUT_ONE_APPROXIMATION': False,
  'FS_CACHE_DIRECTORY': '__pyphi_cache__',
  'FS_CACHE_VERBOSITY': 0,
  'LOG_FILE': 'pyphi.log',
  'LOG_FILE_LEVEL': 'INFO',
  'LOG_STDOUT_LEVEL': 'WARNING',
  'MAXIMUM_CACHE_MEMORY_PERCENTAGE': 50,
  'MEASURE': 'EMD',
  'MONGODB_CONFIG': { 'collection_name': 'cache',
                      'database_name': 'pyphi',
                      'host': 'localhost',
                      'port': 27017},
  'NUMBER_OF_CORES': -1,
  'PARALLEL_COMPLEX_EVALUATION': False,
  'PARALLEL_CONCEPT_EVALUATION': False,
  'PARALLEL_CUT_EVALUATION': True,
  'PARTITION_TYPE': 'BI',
  'PICK_SMALLEST_PURVIEW': False,
  'PRECISION': 6,
  'PRINT_FRACTIONS': True,
  'PROGRESS_BARS': True,
  'REDIS_CACHE': False,
  'REDIS_CONFIG': {'db': 0, 'host': 'localhost', 'port': 6379, 'test_db': 1},
  'REPR_VERBOSITY': 2,
  'SINGLE_MICRO_NODES_WITH_SELFLOOPS_HAVE_PHI': False,
  'SYSTEM_CUTS': '3.0_STYLE',
  'USE_SMALL_PHI_DIFFERENCE_FOR_CES_DISTANCE': False,
  'VALIDATE_CONDITIONAL_INDEPENDENCE': True,
  'VALIDATE_SUBSYSTEM_STATES': True,
  'WELCOME_OFF': True}
2026-06-13 11:24:41,233 [pyphi.conf] INFO Process-9: PyPhi v1.2.0
2026-06-13 11:24:41,233 [pyphi.conf] INFO Process-9: Loaded configuration from ['C:\\Users\\User\\Documents\\Universidad\\ADA\\proyecto\\analisis-project-20261\\GeoMIP\\src\\Method2_Dynamic_Programming_Reformulation\\pyphi_config.yml']
2026-06-13 11:24:41,233 [pyphi.conf] INFO Process-9: Current PyPhi configuration:
 { 'ASSUME_CUTS_CANNOT_CREATE_NEW_CONCEPTS': False,
  'CACHE_POTENTIAL_PURVIEWS': True,
  'CACHE_REPERTOIRES': True,
  'CACHE_SIAS': False,
  'CACHING_BACKEND': 'fs',
  'CLEAR_SUBSYSTEM_CACHES_AFTER_COMPUTING_SIA': False,
  'CUT_ONE_APPROXIMATION': False,
  'FS_CACHE_DIRECTORY': '__pyphi_cache__',
  'FS_CACHE_VERBOSITY': 0,
  'LOG_FILE': 'pyphi.log',
  'LOG_FILE_LEVEL': 'INFO',
  'LOG_STDOUT_LEVEL': 'WARNING',
  'MAXIMUM_CACHE_MEMORY_PERCENTAGE': 50,
  'MEASURE': 'EMD',
  'MONGODB_CONFIG': { 'collection_name': 'cache',
                      'database_name': 'pyphi',
                      'host': 'localhost',
                      'port': 27017},
  'NUMBER_OF_CORES': -1,
  'PARALLEL_COMPLEX_EVALUATION': False,
  'PARALLEL_CONCEPT_EVALUATION': False,
  'PARALLEL_CUT_EVALUATION': True,
  'PARTITION_TYPE': 'BI',
  'PICK_SMALLEST_PURVIEW': False,
  'PRECISION': 6,
  'PRINT_FRACTIONS': True,
  'PROGRESS_BARS': True,
  'REDIS_CACHE': False,
  'REDIS_CONFIG': {'db': 0, 'host': 'localhost', 'port': 6379, 'test_db': 1},
  'REPR_VERBOSITY': 2,
  'SINGLE_MICRO_NODES_WITH_SELFLOOPS_HAVE_PHI': False,
  'SYSTEM_CUTS': '3.0_STYLE',
  'USE_SMALL_PHI_DIFFERENCE_FOR_CES_DISTANCE': False,
  'VALIDATE_CONDITIONAL_INDEPENDENCE': True,
  'VALIDATE_SUBSYSTEM_STATES': True,
  'WELCOME_OFF': True}
2026-06-13 11:24:43,311 [pyphi.conf] INFO Process-10: PyPhi v1.2.0
2026-06-13 11:24:43,311 [pyphi.conf] INFO Process-10: Loaded configuration from ['C:\\Users\\User\\Documents\\Universidad\\ADA\\proyecto\\analisis-project-20261\\GeoMIP\\src\\Method2_Dynamic_Programming_Reformulation\\pyphi_config.yml']
2026-06-13 11:24:43,311 [pyphi.conf] INFO Process-10: Current PyPhi configuration:
 { 'ASSUME_CUTS_CANNOT_CREATE_NEW_CONCEPTS': False,
  'CACHE_POTENTIAL_PURVIEWS': True,
  'CACHE_REPERTOIRES': True,
  'CACHE_SIAS': False,
  'CACHING_BACKEND': 'fs',
  'CLEAR_SUBSYSTEM_CACHES_AFTER_COMPUTING_SIA': False,
  'CUT_ONE_APPROXIMATION': False,
  'FS_CACHE_DIRECTORY': '__pyphi_cache__',
  'FS_CACHE_VERBOSITY': 0,
  'LOG_FILE': 'pyphi.log',
  'LOG_FILE_LEVEL': 'INFO',
  'LOG_STDOUT_LEVEL': 'WARNING',
  'MAXIMUM_CACHE_MEMORY_PERCENTAGE': 50,
  'MEASURE': 'EMD',
  'MONGODB_CONFIG': { 'collection_name': 'cache',
                      'database_name': 'pyphi',
                      'host': 'localhost',
                      'port': 27017},
  'NUMBER_OF_CORES': -1,
  'PARALLEL_COMPLEX_EVALUATION': False,
  'PARALLEL_CONCEPT_EVALUATION': False,
  'PARALLEL_CUT_EVALUATION': True,
  'PARTITION_TYPE': 'BI',
  'PICK_SMALLEST_PURVIEW': False,
  'PRECISION': 6,
  'PRINT_FRACTIONS': True,
  'PROGRESS_BARS': True,
  'REDIS_CACHE': False,
  'REDIS_CONFIG': {'db': 0, 'host': 'localhost', 'port': 6379, 'test_db': 1},
  'REPR_VERBOSITY': 2,
  'SINGLE_MICRO_NODES_WITH_SELFLOOPS_HAVE_PHI': False,
  'SYSTEM_CUTS': '3.0_STYLE',
  'USE_SMALL_PHI_DIFFERENCE_FOR_CES_DISTANCE': False,
  'VALIDATE_CONDITIONAL_INDEPENDENCE': True,
  'VALIDATE_SUBSYSTEM_STATES': True,
  'WELCOME_OFF': True}
2026-06-13 11:24:45,348 [pyphi.conf] INFO Process-11: PyPhi v1.2.0
2026-06-13 11:24:45,348 [pyphi.conf] INFO Process-11: Loaded configuration from ['C:\\Users\\User\\Documents\\Universidad\\ADA\\proyecto\\analisis-project-20261\\GeoMIP\\src\\Method2_Dynamic_Programming_Reformulation\\pyphi_config.yml']
2026-06-13 11:24:45,348 [pyphi.conf] INFO Process-11: Current PyPhi configuration:
 { 'ASSUME_CUTS_CANNOT_CREATE_NEW_CONCEPTS': False,
  'CACHE_POTENTIAL_PURVIEWS': True,
  'CACHE_REPERTOIRES': True,
  'CACHE_SIAS': False,
  'CACHING_BACKEND': 'fs',
  'CLEAR_SUBSYSTEM_CACHES_AFTER_COMPUTING_SIA': False,
  'CUT_ONE_APPROXIMATION': False,
  'FS_CACHE_DIRECTORY': '__pyphi_cache__',
  'FS_CACHE_VERBOSITY': 0,
  'LOG_FILE': 'pyphi.log',
  'LOG_FILE_LEVEL': 'INFO',
  'LOG_STDOUT_LEVEL': 'WARNING',
  'MAXIMUM_CACHE_MEMORY_PERCENTAGE': 50,
  'MEASURE': 'EMD',
  'MONGODB_CONFIG': { 'collection_name': 'cache',
                      'database_name': 'pyphi',
                      'host': 'localhost',
                      'port': 27017},
  'NUMBER_OF_CORES': -1,
  'PARALLEL_COMPLEX_EVALUATION': False,
  'PARALLEL_CONCEPT_EVALUATION': False,
  'PARALLEL_CUT_EVALUATION': True,
  'PARTITION_TYPE': 'BI',
  'PICK_SMALLEST_PURVIEW': False,
  'PRECISION': 6,
  'PRINT_FRACTIONS': True,
  'PROGRESS_BARS': True,
  'REDIS_CACHE': False,
  'REDIS_CONFIG': {'db': 0, 'host': 'localhost', 'port': 6379, 'test_db': 1},
  'REPR_VERBOSITY': 2,
  'SINGLE_MICRO_NODES_WITH_SELFLOOPS_HAVE_PHI': False,
  'SYSTEM_CUTS': '3.0_STYLE',
  'USE_SMALL_PHI_DIFFERENCE_FOR_CES_DISTANCE': False,
  'VALIDATE_CONDITIONAL_INDEPENDENCE': True,
  'VALIDATE_SUBSYSTEM_STATES': True,
  'WELCOME_OFF': True}
2026-06-13 11:24:47,267 [pyphi.conf] INFO Process-12: PyPhi v1.2.0
2026-06-13 11:24:47,267 [pyphi.conf] INFO Process-12: Loaded configuration from ['C:\\Users\\User\\Documents\\Universidad\\ADA\\proyecto\\analisis-project-20261\\GeoMIP\\src\\Method2_Dynamic_Programming_Reformulation\\pyphi_config.yml']
2026-06-13 11:24:47,267 [pyphi.conf] INFO Process-12: Current PyPhi configuration:
 { 'ASSUME_CUTS_CANNOT_CREATE_NEW_CONCEPTS': False,
  'CACHE_POTENTIAL_PURVIEWS': True,
  'CACHE_REPERTOIRES': True,
  'CACHE_SIAS': False,
  'CACHING_BACKEND': 'fs',
  'CLEAR_SUBSYSTEM_CACHES_AFTER_COMPUTING_SIA': False,
  'CUT_ONE_APPROXIMATION': False,
  'FS_CACHE_DIRECTORY': '__pyphi_cache__',
  'FS_CACHE_VERBOSITY': 0,
  'LOG_FILE': 'pyphi.log',
  'LOG_FILE_LEVEL': 'INFO',
  'LOG_STDOUT_LEVEL': 'WARNING',
  'MAXIMUM_CACHE_MEMORY_PERCENTAGE': 50,
  'MEASURE': 'EMD',
  'MONGODB_CONFIG': { 'collection_name': 'cache',
                      'database_name': 'pyphi',
                      'host': 'localhost',
                      'port': 27017},
  'NUMBER_OF_CORES': -1,
  'PARALLEL_COMPLEX_EVALUATION': False,
  'PARALLEL_CONCEPT_EVALUATION': False,
  'PARALLEL_CUT_EVALUATION': True,
  'PARTITION_TYPE': 'BI',
  'PICK_SMALLEST_PURVIEW': False,
  'PRECISION': 6,
  'PRINT_FRACTIONS': True,
  'PROGRESS_BARS': True,
  'REDIS_CACHE': False,
  'REDIS_CONFIG': {'db': 0, 'host': 'localhost', 'port': 6379, 'test_db': 1},
  'REPR_VERBOSITY': 2,
  'SINGLE_MICRO_NODES_WITH_SELFLOOPS_HAVE_PHI': False,
  'SYSTEM_CUTS': '3.0_STYLE',
  'USE_SMALL_PHI_DIFFERENCE_FOR_CES_DISTANCE': False,
  'VALIDATE_CONDITIONAL_INDEPENDENCE': True,
  'VALIDATE_SUBSYSTEM_STATES': True,
  'WELCOME_OFF': True}
2026-06-13 11:24:49,107 [pyphi.conf] INFO Process-13: PyPhi v1.2.0
2026-06-13 11:24:49,107 [pyphi.conf] INFO Process-13: Loaded configuration from ['C:\\Users\\User\\Documents\\Universidad\\ADA\\proyecto\\analisis-project-20261\\GeoMIP\\src\\Method2_Dynamic_Programming_Reformulation\\pyphi_config.yml']
2026-06-13 11:24:49,107 [pyphi.conf] INFO Process-13: Current PyPhi configuration:
 { 'ASSUME_CUTS_CANNOT_CREATE_NEW_CONCEPTS': False,
  'CACHE_POTENTIAL_PURVIEWS': True,
  'CACHE_REPERTOIRES': True,
  'CACHE_SIAS': False,
  'CACHING_BACKEND': 'fs',
  'CLEAR_SUBSYSTEM_CACHES_AFTER_COMPUTING_SIA': False,
  'CUT_ONE_APPROXIMATION': False,
  'FS_CACHE_DIRECTORY': '__pyphi_cache__',
  'FS_CACHE_VERBOSITY': 0,
  'LOG_FILE': 'pyphi.log',
  'LOG_FILE_LEVEL': 'INFO',
  'LOG_STDOUT_LEVEL': 'WARNING',
  'MAXIMUM_CACHE_MEMORY_PERCENTAGE': 50,
  'MEASURE': 'EMD',
  'MONGODB_CONFIG': { 'collection_name': 'cache',
                      'database_name': 'pyphi',
                      'host': 'localhost',
                      'port': 27017},
  'NUMBER_OF_CORES': -1,
  'PARALLEL_COMPLEX_EVALUATION': False,
  'PARALLEL_CONCEPT_EVALUATION': False,
  'PARALLEL_CUT_EVALUATION': True,
  'PARTITION_TYPE': 'BI',
  'PICK_SMALLEST_PURVIEW': False,
  'PRECISION': 6,
  'PRINT_FRACTIONS': True,
  'PROGRESS_BARS': True,
  'REDIS_CACHE': False,
  'REDIS_CONFIG': {'db': 0, 'host': 'localhost', 'port': 6379, 'test_db': 1},
  'REPR_VERBOSITY': 2,
  'SINGLE_MICRO_NODES_WITH_SELFLOOPS_HAVE_PHI': False,
  'SYSTEM_CUTS': '3.0_STYLE',
  'USE_SMALL_PHI_DIFFERENCE_FOR_CES_DISTANCE': False,
  'VALIDATE_CONDITIONAL_INDEPENDENCE': True,
  'VALIDATE_SUBSYSTEM_STATES': True,
  'WELCOME_OFF': True}
2026-06-13 11:24:50,977 [pyphi.conf] INFO Process-14: PyPhi v1.2.0
2026-06-13 11:24:50,978 [pyphi.conf] INFO Process-14: Loaded configuration from ['C:\\Users\\User\\Documents\\Universidad\\ADA\\proyecto\\analisis-project-20261\\GeoMIP\\src\\Method2_Dynamic_Programming_Reformulation\\pyphi_config.yml']
2026-06-13 11:24:50,978 [pyphi.conf] INFO Process-14: Current PyPhi configuration:
 { 'ASSUME_CUTS_CANNOT_CREATE_NEW_CONCEPTS': False,
  'CACHE_POTENTIAL_PURVIEWS': True,
  'CACHE_REPERTOIRES': True,
  'CACHE_SIAS': False,
  'CACHING_BACKEND': 'fs',
  'CLEAR_SUBSYSTEM_CACHES_AFTER_COMPUTING_SIA': False,
  'CUT_ONE_APPROXIMATION': False,
  'FS_CACHE_DIRECTORY': '__pyphi_cache__',
  'FS_CACHE_VERBOSITY': 0,
  'LOG_FILE': 'pyphi.log',
  'LOG_FILE_LEVEL': 'INFO',
  'LOG_STDOUT_LEVEL': 'WARNING',
  'MAXIMUM_CACHE_MEMORY_PERCENTAGE': 50,
  'MEASURE': 'EMD',
  'MONGODB_CONFIG': { 'collection_name': 'cache',
                      'database_name': 'pyphi',
                      'host': 'localhost',
                      'port': 27017},
  'NUMBER_OF_CORES': -1,
  'PARALLEL_COMPLEX_EVALUATION': False,
  'PARALLEL_CONCEPT_EVALUATION': False,
  'PARALLEL_CUT_EVALUATION': True,
  'PARTITION_TYPE': 'BI',
  'PICK_SMALLEST_PURVIEW': False,
  'PRECISION': 6,
  'PRINT_FRACTIONS': True,
  'PROGRESS_BARS': True,
  'REDIS_CACHE': False,
  'REDIS_CONFIG': {'db': 0, 'host': 'localhost', 'port': 6379, 'test_db': 1},
  'REPR_VERBOSITY': 2,
  'SINGLE_MICRO_NODES_WITH_SELFLOOPS_HAVE_PHI': False,
  'SYSTEM_CUTS': '3.0_STYLE',
  'USE_SMALL_PHI_DIFFERENCE_FOR_CES_DISTANCE': False,
  'VALIDATE_CONDITIONAL_INDEPENDENCE': True,
  'VALIDATE_SUBSYSTEM_STATES': True,
  'WELCOME_OFF': True}
2026-06-13 11:24:52,862 [pyphi.conf] INFO Process-15: PyPhi v1.2.0
2026-06-13 11:24:52,862 [pyphi.conf] INFO Process-15: Loaded configuration from ['C:\\Users\\User\\Documents\\Universidad\\ADA\\proyecto\\analisis-project-20261\\GeoMIP\\src\\Method2_Dynamic_Programming_Reformulation\\pyphi_config.yml']
2026-06-13 11:24:52,862 [pyphi.conf] INFO Process-15: Current PyPhi configuration:
 { 'ASSUME_CUTS_CANNOT_CREATE_NEW_CONCEPTS': False,
  'CACHE_POTENTIAL_PURVIEWS': True,
  'CACHE_REPERTOIRES': True,
  'CACHE_SIAS': False,
  'CACHING_BACKEND': 'fs',
  'CLEAR_SUBSYSTEM_CACHES_AFTER_COMPUTING_SIA': False,
  'CUT_ONE_APPROXIMATION': False,
  'FS_CACHE_DIRECTORY': '__pyphi_cache__',
  'FS_CACHE_VERBOSITY': 0,
  'LOG_FILE': 'pyphi.log',
  'LOG_FILE_LEVEL': 'INFO',
  'LOG_STDOUT_LEVEL': 'WARNING',
  'MAXIMUM_CACHE_MEMORY_PERCENTAGE': 50,
  'MEASURE': 'EMD',
  'MONGODB_CONFIG': { 'collection_name': 'cache',
                      'database_name': 'pyphi',
                      'host': 'localhost',
                      'port': 27017},
  'NUMBER_OF_CORES': -1,
  'PARALLEL_COMPLEX_EVALUATION': False,
  'PARALLEL_CONCEPT_EVALUATION': False,
  'PARALLEL_CUT_EVALUATION': True,
  'PARTITION_TYPE': 'BI',
  'PICK_SMALLEST_PURVIEW': False,
  'PRECISION': 6,
  'PRINT_FRACTIONS': True,
  'PROGRESS_BARS': True,
  'REDIS_CACHE': False,
  'REDIS_CONFIG': {'db': 0, 'host': 'localhost', 'port': 6379, 'test_db': 1},
  'REPR_VERBOSITY': 2,
  'SINGLE_MICRO_NODES_WITH_SELFLOOPS_HAVE_PHI': False,
  'SYSTEM_CUTS': '3.0_STYLE',
  'USE_SMALL_PHI_DIFFERENCE_FOR_CES_DISTANCE': False,
  'VALIDATE_CONDITIONAL_INDEPENDENCE': True,
  'VALIDATE_SUBSYSTEM_STATES': True,
  'WELCOME_OFF': True}
2026-06-13 11:24:54,772 [pyphi.conf] INFO Process-16: PyPhi v1.2.0
2026-06-13 11:24:54,772 [pyphi.conf] INFO Process-16: Loaded configuration from ['C:\\Users\\User\\Documents\\Universidad\\ADA\\proyecto\\analisis-project-20261\\GeoMIP\\src\\Method2_Dynamic_Programming_Reformulation\\pyphi_config.yml']
2026-06-13 11:24:54,772 [pyphi.conf] INFO Process-16: Current PyPhi configuration:
 { 'ASSUME_CUTS_CANNOT_CREATE_NEW_CONCEPTS': False,
  'CACHE_POTENTIAL_PURVIEWS': True,
  'CACHE_REPERTOIRES': True,
  'CACHE_SIAS': False,
  'CACHING_BACKEND': 'fs',
  'CLEAR_SUBSYSTEM_CACHES_AFTER_COMPUTING_SIA': False,
  'CUT_ONE_APPROXIMATION': False,
  'FS_CACHE_DIRECTORY': '__pyphi_cache__',
  'FS_CACHE_VERBOSITY': 0,
  'LOG_FILE': 'pyphi.log',
  'LOG_FILE_LEVEL': 'INFO',
  'LOG_STDOUT_LEVEL': 'WARNING',
  'MAXIMUM_CACHE_MEMORY_PERCENTAGE': 50,
  'MEASURE': 'EMD',
  'MONGODB_CONFIG': { 'collection_name': 'cache',
                      'database_name': 'pyphi',
                      'host': 'localhost',
                      'port': 27017},
  'NUMBER_OF_CORES': -1,
  'PARALLEL_COMPLEX_EVALUATION': False,
  'PARALLEL_CONCEPT_EVALUATION': False,
  'PARALLEL_CUT_EVALUATION': True,
  'PARTITION_TYPE': 'BI',
  'PICK_SMALLEST_PURVIEW': False,
  'PRECISION': 6,
  'PRINT_FRACTIONS': True,
  'PROGRESS_BARS': True,
  'REDIS_CACHE': False,
  'REDIS_CONFIG': {'db': 0, 'host': 'localhost', 'port': 6379, 'test_db': 1},
  'REPR_VERBOSITY': 2,
  'SINGLE_MICRO_NODES_WITH_SELFLOOPS_HAVE_PHI': False,
  'SYSTEM_CUTS': '3.0_STYLE',
  'USE_SMALL_PHI_DIFFERENCE_FOR_CES_DISTANCE': False,
  'VALIDATE_CONDITIONAL_INDEPENDENCE': True,
  'VALIDATE_SUBSYSTEM_STATES': True,
  'WELCOME_OFF': True}
2026-06-13 11:24:56,767 [pyphi.conf] INFO Process-17: PyPhi v1.2.0
2026-06-13 11:24:56,767 [pyphi.conf] INFO Process-17: Loaded configuration from ['C:\\Users\\User\\Documents\\Universidad\\ADA\\proyecto\\analisis-project-20261\\GeoMIP\\src\\Method2_Dynamic_Programming_Reformulation\\pyphi_config.yml']
2026-06-13 11:24:56,767 [pyphi.conf] INFO Process-17: Current PyPhi configuration:
 { 'ASSUME_CUTS_CANNOT_CREATE_NEW_CONCEPTS': False,
  'CACHE_POTENTIAL_PURVIEWS': True,
  'CACHE_REPERTOIRES': True,
  'CACHE_SIAS': False,
  'CACHING_BACKEND': 'fs',
  'CLEAR_SUBSYSTEM_CACHES_AFTER_COMPUTING_SIA': False,
  'CUT_ONE_APPROXIMATION': False,
  'FS_CACHE_DIRECTORY': '__pyphi_cache__',
  'FS_CACHE_VERBOSITY': 0,
  'LOG_FILE': 'pyphi.log',
  'LOG_FILE_LEVEL': 'INFO',
  'LOG_STDOUT_LEVEL': 'WARNING',
  'MAXIMUM_CACHE_MEMORY_PERCENTAGE': 50,
  'MEASURE': 'EMD',
  'MONGODB_CONFIG': { 'collection_name': 'cache',
                      'database_name': 'pyphi',
                      'host': 'localhost',
                      'port': 27017},
  'NUMBER_OF_CORES': -1,
  'PARALLEL_COMPLEX_EVALUATION': False,
  'PARALLEL_CONCEPT_EVALUATION': False,
  'PARALLEL_CUT_EVALUATION': True,
  'PARTITION_TYPE': 'BI',
  'PICK_SMALLEST_PURVIEW': False,
  'PRECISION': 6,
  'PRINT_FRACTIONS': True,
  'PROGRESS_BARS': True,
  'REDIS_CACHE': False,
  'REDIS_CONFIG': {'db': 0, 'host': 'localhost', 'port': 6379, 'test_db': 1},
  'REPR_VERBOSITY': 2,
  'SINGLE_MICRO_NODES_WITH_SELFLOOPS_HAVE_PHI': False,
  'SYSTEM_CUTS': '3.0_STYLE',
  'USE_SMALL_PHI_DIFFERENCE_FOR_CES_DISTANCE': False,
  'VALIDATE_CONDITIONAL_INDEPENDENCE': True,
  'VALIDATE_SUBSYSTEM_STATES': True,
  'WELCOME_OFF': True}
2026-06-13 11:24:58,787 [pyphi.conf] INFO Process-18: PyPhi v1.2.0
2026-06-13 11:24:58,787 [pyphi.conf] INFO Process-18: Loaded configuration from ['C:\\Users\\User\\Documents\\Universidad\\ADA\\proyecto\\analisis-project-20261\\GeoMIP\\src\\Method2_Dynamic_Programming_Reformulation\\pyphi_config.yml']
2026-06-13 11:24:58,787 [pyphi.conf] INFO Process-18: Current PyPhi configuration:
 { 'ASSUME_CUTS_CANNOT_CREATE_NEW_CONCEPTS': False,
  'CACHE_POTENTIAL_PURVIEWS': True,
  'CACHE_REPERTOIRES': True,
  'CACHE_SIAS': False,
  'CACHING_BACKEND': 'fs',
  'CLEAR_SUBSYSTEM_CACHES_AFTER_COMPUTING_SIA': False,
  'CUT_ONE_APPROXIMATION': False,
  'FS_CACHE_DIRECTORY': '__pyphi_cache__',
  'FS_CACHE_VERBOSITY': 0,
  'LOG_FILE': 'pyphi.log',
  'LOG_FILE_LEVEL': 'INFO',
  'LOG_STDOUT_LEVEL': 'WARNING',
  'MAXIMUM_CACHE_MEMORY_PERCENTAGE': 50,
  'MEASURE': 'EMD',
  'MONGODB_CONFIG': { 'collection_name': 'cache',
                      'database_name': 'pyphi',
                      'host': 'localhost',
                      'port': 27017},
  'NUMBER_OF_CORES': -1,
  'PARALLEL_COMPLEX_EVALUATION': False,
  'PARALLEL_CONCEPT_EVALUATION': False,
  'PARALLEL_CUT_EVALUATION': True,
  'PARTITION_TYPE': 'BI',
  'PICK_SMALLEST_PURVIEW': False,
  'PRECISION': 6,
  'PRINT_FRACTIONS': True,
  'PROGRESS_BARS': True,
  'REDIS_CACHE': False,
  'REDIS_CONFIG': {'db': 0, 'host': 'localhost', 'port': 6379, 'test_db': 1},
  'REPR_VERBOSITY': 2,
  'SINGLE_MICRO_NODES_WITH_SELFLOOPS_HAVE_PHI': False,
  'SYSTEM_CUTS': '3.0_STYLE',
  'USE_SMALL_PHI_DIFFERENCE_FOR_CES_DISTANCE': False,
  'VALIDATE_CONDITIONAL_INDEPENDENCE': True,
  'VALIDATE_SUBSYSTEM_STATES': True,
  'WELCOME_OFF': True}
2026-06-13 11:25:00,683 [pyphi.conf] INFO Process-19: PyPhi v1.2.0
2026-06-13 11:25:00,683 [pyphi.conf] INFO Process-19: Loaded configuration from ['C:\\Users\\User\\Documents\\Universidad\\ADA\\proyecto\\analisis-project-20261\\GeoMIP\\src\\Method2_Dynamic_Programming_Reformulation\\pyphi_config.yml']
2026-06-13 11:25:00,683 [pyphi.conf] INFO Process-19: Current PyPhi configuration:
 { 'ASSUME_CUTS_CANNOT_CREATE_NEW_CONCEPTS': False,
  'CACHE_POTENTIAL_PURVIEWS': True,
  'CACHE_REPERTOIRES': True,
  'CACHE_SIAS': False,
  'CACHING_BACKEND': 'fs',
  'CLEAR_SUBSYSTEM_CACHES_AFTER_COMPUTING_SIA': False,
  'CUT_ONE_APPROXIMATION': False,
  'FS_CACHE_DIRECTORY': '__pyphi_cache__',
  'FS_CACHE_VERBOSITY': 0,
  'LOG_FILE': 'pyphi.log',
  'LOG_FILE_LEVEL': 'INFO',
  'LOG_STDOUT_LEVEL': 'WARNING',
  'MAXIMUM_CACHE_MEMORY_PERCENTAGE': 50,
  'MEASURE': 'EMD',
  'MONGODB_CONFIG': { 'collection_name': 'cache',
                      'database_name': 'pyphi',
                      'host': 'localhost',
                      'port': 27017},
  'NUMBER_OF_CORES': -1,
  'PARALLEL_COMPLEX_EVALUATION': False,
  'PARALLEL_CONCEPT_EVALUATION': False,
  'PARALLEL_CUT_EVALUATION': True,
  'PARTITION_TYPE': 'BI',
  'PICK_SMALLEST_PURVIEW': False,
  'PRECISION': 6,
  'PRINT_FRACTIONS': True,
  'PROGRESS_BARS': True,
  'REDIS_CACHE': False,
  'REDIS_CONFIG': {'db': 0, 'host': 'localhost', 'port': 6379, 'test_db': 1},
  'REPR_VERBOSITY': 2,
  'SINGLE_MICRO_NODES_WITH_SELFLOOPS_HAVE_PHI': False,
  'SYSTEM_CUTS': '3.0_STYLE',
  'USE_SMALL_PHI_DIFFERENCE_FOR_CES_DISTANCE': False,
  'VALIDATE_CONDITIONAL_INDEPENDENCE': True,
  'VALIDATE_SUBSYSTEM_STATES': True,
  'WELCOME_OFF': True}
2026-06-13 11:25:02,561 [pyphi.conf] INFO Process-20: PyPhi v1.2.0
2026-06-13 11:25:02,561 [pyphi.conf] INFO Process-20: Loaded configuration from ['C:\\Users\\User\\Documents\\Universidad\\ADA\\proyecto\\analisis-project-20261\\GeoMIP\\src\\Method2_Dynamic_Programming_Reformulation\\pyphi_config.yml']
2026-06-13 11:25:02,561 [pyphi.conf] INFO Process-20: Current PyPhi configuration:
 { 'ASSUME_CUTS_CANNOT_CREATE_NEW_CONCEPTS': False,
  'CACHE_POTENTIAL_PURVIEWS': True,
  'CACHE_REPERTOIRES': True,
  'CACHE_SIAS': False,
  'CACHING_BACKEND': 'fs',
  'CLEAR_SUBSYSTEM_CACHES_AFTER_COMPUTING_SIA': False,
  'CUT_ONE_APPROXIMATION': False,
  'FS_CACHE_DIRECTORY': '__pyphi_cache__',
  'FS_CACHE_VERBOSITY': 0,
  'LOG_FILE': 'pyphi.log',
  'LOG_FILE_LEVEL': 'INFO',
  'LOG_STDOUT_LEVEL': 'WARNING',
  'MAXIMUM_CACHE_MEMORY_PERCENTAGE': 50,
  'MEASURE': 'EMD',
  'MONGODB_CONFIG': { 'collection_name': 'cache',
                      'database_name': 'pyphi',
                      'host': 'localhost',
                      'port': 27017},
  'NUMBER_OF_CORES': -1,
  'PARALLEL_COMPLEX_EVALUATION': False,
  'PARALLEL_CONCEPT_EVALUATION': False,
  'PARALLEL_CUT_EVALUATION': True,
  'PARTITION_TYPE': 'BI',
  'PICK_SMALLEST_PURVIEW': False,
  'PRECISION': 6,
  'PRINT_FRACTIONS': True,
  'PROGRESS_BARS': True,
  'REDIS_CACHE': False,
  'REDIS_CONFIG': {'db': 0, 'host': 'localhost', 'port': 6379, 'test_db': 1},
  'REPR_VERBOSITY': 2,
  'SINGLE_MICRO_NODES_WITH_SELFLOOPS_HAVE_PHI': False,
  'SYSTEM_CUTS': '3.0_STYLE',
  'USE_SMALL_PHI_DIFFERENCE_FOR_CES_DISTANCE': False,
  'VALIDATE_CONDITIONAL_INDEPENDENCE': True,
  'VALIDATE_SUBSYSTEM_STATES': True,
  'WELCOME_OFF': True}
2026-06-13 11:25:04,357 [pyphi.conf] INFO Process-21: PyPhi v1.2.0
2026-06-13 11:25:04,357 [pyphi.conf] INFO Process-21: Loaded configuration from ['C:\\Users\\User\\Documents\\Universidad\\ADA\\proyecto\\analisis-project-20261\\GeoMIP\\src\\Method2_Dynamic_Programming_Reformulation\\pyphi_config.yml']
2026-06-13 11:25:04,357 [pyphi.conf] INFO Process-21: Current PyPhi configuration:
 { 'ASSUME_CUTS_CANNOT_CREATE_NEW_CONCEPTS': False,
  'CACHE_POTENTIAL_PURVIEWS': True,
  'CACHE_REPERTOIRES': True,
  'CACHE_SIAS': False,
  'CACHING_BACKEND': 'fs',
  'CLEAR_SUBSYSTEM_CACHES_AFTER_COMPUTING_SIA': False,
  'CUT_ONE_APPROXIMATION': False,
  'FS_CACHE_DIRECTORY': '__pyphi_cache__',
  'FS_CACHE_VERBOSITY': 0,
  'LOG_FILE': 'pyphi.log',
  'LOG_FILE_LEVEL': 'INFO',
  'LOG_STDOUT_LEVEL': 'WARNING',
  'MAXIMUM_CACHE_MEMORY_PERCENTAGE': 50,
  'MEASURE': 'EMD',
  'MONGODB_CONFIG': { 'collection_name': 'cache',
                      'database_name': 'pyphi',
                      'host': 'localhost',
                      'port': 27017},
  'NUMBER_OF_CORES': -1,
  'PARALLEL_COMPLEX_EVALUATION': False,
  'PARALLEL_CONCEPT_EVALUATION': False,
  'PARALLEL_CUT_EVALUATION': True,
  'PARTITION_TYPE': 'BI',
  'PICK_SMALLEST_PURVIEW': False,
  'PRECISION': 6,
  'PRINT_FRACTIONS': True,
  'PROGRESS_BARS': True,
  'REDIS_CACHE': False,
  'REDIS_CONFIG': {'db': 0, 'host': 'localhost', 'port': 6379, 'test_db': 1},
  'REPR_VERBOSITY': 2,
  'SINGLE_MICRO_NODES_WITH_SELFLOOPS_HAVE_PHI': False,
  'SYSTEM_CUTS': '3.0_STYLE',
  'USE_SMALL_PHI_DIFFERENCE_FOR_CES_DISTANCE': False,
  'VALIDATE_CONDITIONAL_INDEPENDENCE': True,
  'VALIDATE_SUBSYSTEM_STATES': True,
  'WELCOME_OFF': True}
2026-06-13 11:25:06,192 [pyphi.conf] INFO Process-22: PyPhi v1.2.0
2026-06-13 11:25:06,192 [pyphi.conf] INFO Process-22: Loaded configuration from ['C:\\Users\\User\\Documents\\Universidad\\ADA\\proyecto\\analisis-project-20261\\GeoMIP\\src\\Method2_Dynamic_Programming_Reformulation\\pyphi_config.yml']
2026-06-13 11:25:06,192 [pyphi.conf] INFO Process-22: Current PyPhi configuration:
 { 'ASSUME_CUTS_CANNOT_CREATE_NEW_CONCEPTS': False,
  'CACHE_POTENTIAL_PURVIEWS': True,
  'CACHE_REPERTOIRES': True,
  'CACHE_SIAS': False,
  'CACHING_BACKEND': 'fs',
  'CLEAR_SUBSYSTEM_CACHES_AFTER_COMPUTING_SIA': False,
  'CUT_ONE_APPROXIMATION': False,
  'FS_CACHE_DIRECTORY': '__pyphi_cache__',
  'FS_CACHE_VERBOSITY': 0,
  'LOG_FILE': 'pyphi.log',
  'LOG_FILE_LEVEL': 'INFO',
  'LOG_STDOUT_LEVEL': 'WARNING',
  'MAXIMUM_CACHE_MEMORY_PERCENTAGE': 50,
  'MEASURE': 'EMD',
  'MONGODB_CONFIG': { 'collection_name': 'cache',
                      'database_name': 'pyphi',
                      'host': 'localhost',
                      'port': 27017},
  'NUMBER_OF_CORES': -1,
  'PARALLEL_COMPLEX_EVALUATION': False,
  'PARALLEL_CONCEPT_EVALUATION': False,
  'PARALLEL_CUT_EVALUATION': True,
  'PARTITION_TYPE': 'BI',
  'PICK_SMALLEST_PURVIEW': False,
  'PRECISION': 6,
  'PRINT_FRACTIONS': True,
  'PROGRESS_BARS': True,
  'REDIS_CACHE': False,
  'REDIS_CONFIG': {'db': 0, 'host': 'localhost', 'port': 6379, 'test_db': 1},
  'REPR_VERBOSITY': 2,
  'SINGLE_MICRO_NODES_WITH_SELFLOOPS_HAVE_PHI': False,
  'SYSTEM_CUTS': '3.0_STYLE',
  'USE_SMALL_PHI_DIFFERENCE_FOR_CES_DISTANCE': False,
  'VALIDATE_CONDITIONAL_INDEPENDENCE': True,
  'VALIDATE_SUBSYSTEM_STATES': True,
  'WELCOME_OFF': True}
2026-06-13 11:25:08,115 [pyphi.conf] INFO Process-23: PyPhi v1.2.0
2026-06-13 11:25:08,115 [pyphi.conf] INFO Process-23: Loaded configuration from ['C:\\Users\\User\\Documents\\Universidad\\ADA\\proyecto\\analisis-project-20261\\GeoMIP\\src\\Method2_Dynamic_Programming_Reformulation\\pyphi_config.yml']
2026-06-13 11:25:08,115 [pyphi.conf] INFO Process-23: Current PyPhi configuration:
 { 'ASSUME_CUTS_CANNOT_CREATE_NEW_CONCEPTS': False,
  'CACHE_POTENTIAL_PURVIEWS': True,
  'CACHE_REPERTOIRES': True,
  'CACHE_SIAS': False,
  'CACHING_BACKEND': 'fs',
  'CLEAR_SUBSYSTEM_CACHES_AFTER_COMPUTING_SIA': False,
  'CUT_ONE_APPROXIMATION': False,
  'FS_CACHE_DIRECTORY': '__pyphi_cache__',
  'FS_CACHE_VERBOSITY': 0,
  'LOG_FILE': 'pyphi.log',
  'LOG_FILE_LEVEL': 'INFO',
  'LOG_STDOUT_LEVEL': 'WARNING',
  'MAXIMUM_CACHE_MEMORY_PERCENTAGE': 50,
  'MEASURE': 'EMD',
  'MONGODB_CONFIG': { 'collection_name': 'cache',
                      'database_name': 'pyphi',
                      'host': 'localhost',
                      'port': 27017},
  'NUMBER_OF_CORES': -1,
  'PARALLEL_COMPLEX_EVALUATION': False,
  'PARALLEL_CONCEPT_EVALUATION': False,
  'PARALLEL_CUT_EVALUATION': True,
  'PARTITION_TYPE': 'BI',
  'PICK_SMALLEST_PURVIEW': False,
  'PRECISION': 6,
  'PRINT_FRACTIONS': True,
  'PROGRESS_BARS': True,
  'REDIS_CACHE': False,
  'REDIS_CONFIG': {'db': 0, 'host': 'localhost', 'port': 6379, 'test_db': 1},
  'REPR_VERBOSITY': 2,
  'SINGLE_MICRO_NODES_WITH_SELFLOOPS_HAVE_PHI': False,
  'SYSTEM_CUTS': '3.0_STYLE',
  'USE_SMALL_PHI_DIFFERENCE_FOR_CES_DISTANCE': False,
  'VALIDATE_CONDITIONAL_INDEPENDENCE': True,
  'VALIDATE_SUBSYSTEM_STATES': True,
  'WELCOME_OFF': True}
2026-06-13 11:25:10,004 [pyphi.conf] INFO Process-24: PyPhi v1.2.0
2026-06-13 11:25:10,004 [pyphi.conf] INFO Process-24: Loaded configuration from ['C:\\Users\\User\\Documents\\Universidad\\ADA\\proyecto\\analisis-project-20261\\GeoMIP\\src\\Method2_Dynamic_Programming_Reformulation\\pyphi_config.yml']
2026-06-13 11:25:10,004 [pyphi.conf] INFO Process-24: Current PyPhi configuration:
 { 'ASSUME_CUTS_CANNOT_CREATE_NEW_CONCEPTS': False,
  'CACHE_POTENTIAL_PURVIEWS': True,
  'CACHE_REPERTOIRES': True,
  'CACHE_SIAS': False,
  'CACHING_BACKEND': 'fs',
  'CLEAR_SUBSYSTEM_CACHES_AFTER_COMPUTING_SIA': False,
  'CUT_ONE_APPROXIMATION': False,
  'FS_CACHE_DIRECTORY': '__pyphi_cache__',
  'FS_CACHE_VERBOSITY': 0,
  'LOG_FILE': 'pyphi.log',
  'LOG_FILE_LEVEL': 'INFO',
  'LOG_STDOUT_LEVEL': 'WARNING',
  'MAXIMUM_CACHE_MEMORY_PERCENTAGE': 50,
  'MEASURE': 'EMD',
  'MONGODB_CONFIG': { 'collection_name': 'cache',
                      'database_name': 'pyphi',
                      'host': 'localhost',
                      'port': 27017},
  'NUMBER_OF_CORES': -1,
  'PARALLEL_COMPLEX_EVALUATION': False,
  'PARALLEL_CONCEPT_EVALUATION': False,
  'PARALLEL_CUT_EVALUATION': True,
  'PARTITION_TYPE': 'BI',
  'PICK_SMALLEST_PURVIEW': False,
  'PRECISION': 6,
  'PRINT_FRACTIONS': True,
  'PROGRESS_BARS': True,
  'REDIS_CACHE': False,
  'REDIS_CONFIG': {'db': 0, 'host': 'localhost', 'port': 6379, 'test_db': 1},
  'REPR_VERBOSITY': 2,
  'SINGLE_MICRO_NODES_WITH_SELFLOOPS_HAVE_PHI': False,
  'SYSTEM_CUTS': '3.0_STYLE',
  'USE_SMALL_PHI_DIFFERENCE_FOR_CES_DISTANCE': False,
  'VALIDATE_CONDITIONAL_INDEPENDENCE': True,
  'VALIDATE_SUBSYSTEM_STATES': True,
  'WELCOME_OFF': True}
2026-06-13 11:25:11,887 [pyphi.conf] INFO Process-25: PyPhi v1.2.0
2026-06-13 11:25:11,887 [pyphi.conf] INFO Process-25: Loaded configuration from ['C:\\Users\\User\\Documents\\Universidad\\ADA\\proyecto\\analisis-project-20261\\GeoMIP\\src\\Method2_Dynamic_Programming_Reformulation\\pyphi_config.yml']
2026-06-13 11:25:11,887 [pyphi.conf] INFO Process-25: Current PyPhi configuration:
 { 'ASSUME_CUTS_CANNOT_CREATE_NEW_CONCEPTS': False,
  'CACHE_POTENTIAL_PURVIEWS': True,
  'CACHE_REPERTOIRES': True,
  'CACHE_SIAS': False,
  'CACHING_BACKEND': 'fs',
  'CLEAR_SUBSYSTEM_CACHES_AFTER_COMPUTING_SIA': False,
  'CUT_ONE_APPROXIMATION': False,
  'FS_CACHE_DIRECTORY': '__pyphi_cache__',
  'FS_CACHE_VERBOSITY': 0,
  'LOG_FILE': 'pyphi.log',
  'LOG_FILE_LEVEL': 'INFO',
  'LOG_STDOUT_LEVEL': 'WARNING',
  'MAXIMUM_CACHE_MEMORY_PERCENTAGE': 50,
  'MEASURE': 'EMD',
  'MONGODB_CONFIG': { 'collection_name': 'cache',
                      'database_name': 'pyphi',
                      'host': 'localhost',
                      'port': 27017},
  'NUMBER_OF_CORES': -1,
  'PARALLEL_COMPLEX_EVALUATION': False,
  'PARALLEL_CONCEPT_EVALUATION': False,
  'PARALLEL_CUT_EVALUATION': True,
  'PARTITION_TYPE': 'BI',
  'PICK_SMALLEST_PURVIEW': False,
  'PRECISION': 6,
  'PRINT_FRACTIONS': True,
  'PROGRESS_BARS': True,
  'REDIS_CACHE': False,
  'REDIS_CONFIG': {'db': 0, 'host': 'localhost', 'port': 6379, 'test_db': 1},
  'REPR_VERBOSITY': 2,
  'SINGLE_MICRO_NODES_WITH_SELFLOOPS_HAVE_PHI': False,
  'SYSTEM_CUTS': '3.0_STYLE',
  'USE_SMALL_PHI_DIFFERENCE_FOR_CES_DISTANCE': False,
  'VALIDATE_CONDITIONAL_INDEPENDENCE': True,
  'VALIDATE_SUBSYSTEM_STATES': True,
  'WELCOME_OFF': True}
2026-06-13 11:25:13,887 [pyphi.conf] INFO Process-26: PyPhi v1.2.0
2026-06-13 11:25:13,887 [pyphi.conf] INFO Process-26: Loaded configuration from ['C:\\Users\\User\\Documents\\Universidad\\ADA\\proyecto\\analisis-project-20261\\GeoMIP\\src\\Method2_Dynamic_Programming_Reformulation\\pyphi_config.yml']
2026-06-13 11:25:13,887 [pyphi.conf] INFO Process-26: Current PyPhi configuration:
 { 'ASSUME_CUTS_CANNOT_CREATE_NEW_CONCEPTS': False,
  'CACHE_POTENTIAL_PURVIEWS': True,
  'CACHE_REPERTOIRES': True,
  'CACHE_SIAS': False,
  'CACHING_BACKEND': 'fs',
  'CLEAR_SUBSYSTEM_CACHES_AFTER_COMPUTING_SIA': False,
  'CUT_ONE_APPROXIMATION': False,
  'FS_CACHE_DIRECTORY': '__pyphi_cache__',
  'FS_CACHE_VERBOSITY': 0,
  'LOG_FILE': 'pyphi.log',
  'LOG_FILE_LEVEL': 'INFO',
  'LOG_STDOUT_LEVEL': 'WARNING',
  'MAXIMUM_CACHE_MEMORY_PERCENTAGE': 50,
  'MEASURE': 'EMD',
  'MONGODB_CONFIG': { 'collection_name': 'cache',
                      'database_name': 'pyphi',
                      'host': 'localhost',
                      'port': 27017},
  'NUMBER_OF_CORES': -1,
  'PARALLEL_COMPLEX_EVALUATION': False,
  'PARALLEL_CONCEPT_EVALUATION': False,
  'PARALLEL_CUT_EVALUATION': True,
  'PARTITION_TYPE': 'BI',
  'PICK_SMALLEST_PURVIEW': False,
  'PRECISION': 6,
  'PRINT_FRACTIONS': True,
  'PROGRESS_BARS': True,
  'REDIS_CACHE': False,
  'REDIS_CONFIG': {'db': 0, 'host': 'localhost', 'port': 6379, 'test_db': 1},
  'REPR_VERBOSITY': 2,
  'SINGLE_MICRO_NODES_WITH_SELFLOOPS_HAVE_PHI': False,
  'SYSTEM_CUTS': '3.0_STYLE',
  'USE_SMALL_PHI_DIFFERENCE_FOR_CES_DISTANCE': False,
  'VALIDATE_CONDITIONAL_INDEPENDENCE': True,
  'VALIDATE_SUBSYSTEM_STATES': True,
  'WELCOME_OFF': True}
2026-06-13 11:25:15,788 [pyphi.conf] INFO Process-27: PyPhi v1.2.0
2026-06-13 11:25:15,788 [pyphi.conf] INFO Process-27: Loaded configuration from ['C:\\Users\\User\\Documents\\Universidad\\ADA\\proyecto\\analisis-project-20261\\GeoMIP\\src\\Method2_Dynamic_Programming_Reformulation\\pyphi_config.yml']
2026-06-13 11:25:15,788 [pyphi.conf] INFO Process-27: Current PyPhi configuration:
 { 'ASSUME_CUTS_CANNOT_CREATE_NEW_CONCEPTS': False,
  'CACHE_POTENTIAL_PURVIEWS': True,
  'CACHE_REPERTOIRES': True,
  'CACHE_SIAS': False,
  'CACHING_BACKEND': 'fs',
  'CLEAR_SUBSYSTEM_CACHES_AFTER_COMPUTING_SIA': False,
  'CUT_ONE_APPROXIMATION': False,
  'FS_CACHE_DIRECTORY': '__pyphi_cache__',
  'FS_CACHE_VERBOSITY': 0,
  'LOG_FILE': 'pyphi.log',
  'LOG_FILE_LEVEL': 'INFO',
  'LOG_STDOUT_LEVEL': 'WARNING',
  'MAXIMUM_CACHE_MEMORY_PERCENTAGE': 50,
  'MEASURE': 'EMD',
  'MONGODB_CONFIG': { 'collection_name': 'cache',
                      'database_name': 'pyphi',
                      'host': 'localhost',
                      'port': 27017},
  'NUMBER_OF_CORES': -1,
  'PARALLEL_COMPLEX_EVALUATION': False,
  'PARALLEL_CONCEPT_EVALUATION': False,
  'PARALLEL_CUT_EVALUATION': True,
  'PARTITION_TYPE': 'BI',
  'PICK_SMALLEST_PURVIEW': False,
  'PRECISION': 6,
  'PRINT_FRACTIONS': True,
  'PROGRESS_BARS': True,
  'REDIS_CACHE': False,
  'REDIS_CONFIG': {'db': 0, 'host': 'localhost', 'port': 6379, 'test_db': 1},
  'REPR_VERBOSITY': 2,
  'SINGLE_MICRO_NODES_WITH_SELFLOOPS_HAVE_PHI': False,
  'SYSTEM_CUTS': '3.0_STYLE',
  'USE_SMALL_PHI_DIFFERENCE_FOR_CES_DISTANCE': False,
  'VALIDATE_CONDITIONAL_INDEPENDENCE': True,
  'VALIDATE_SUBSYSTEM_STATES': True,
  'WELCOME_OFF': True}
2026-06-13 11:25:17,568 [pyphi.conf] INFO Process-28: PyPhi v1.2.0
2026-06-13 11:25:17,568 [pyphi.conf] INFO Process-28: Loaded configuration from ['C:\\Users\\User\\Documents\\Universidad\\ADA\\proyecto\\analisis-project-20261\\GeoMIP\\src\\Method2_Dynamic_Programming_Reformulation\\pyphi_config.yml']
2026-06-13 11:25:17,568 [pyphi.conf] INFO Process-28: Current PyPhi configuration:
 { 'ASSUME_CUTS_CANNOT_CREATE_NEW_CONCEPTS': False,
  'CACHE_POTENTIAL_PURVIEWS': True,
  'CACHE_REPERTOIRES': True,
  'CACHE_SIAS': False,
  'CACHING_BACKEND': 'fs',
  'CLEAR_SUBSYSTEM_CACHES_AFTER_COMPUTING_SIA': False,
  'CUT_ONE_APPROXIMATION': False,
  'FS_CACHE_DIRECTORY': '__pyphi_cache__',
  'FS_CACHE_VERBOSITY': 0,
  'LOG_FILE': 'pyphi.log',
  'LOG_FILE_LEVEL': 'INFO',
  'LOG_STDOUT_LEVEL': 'WARNING',
  'MAXIMUM_CACHE_MEMORY_PERCENTAGE': 50,
  'MEASURE': 'EMD',
  'MONGODB_CONFIG': { 'collection_name': 'cache',
                      'database_name': 'pyphi',
                      'host': 'localhost',
                      'port': 27017},
  'NUMBER_OF_CORES': -1,
  'PARALLEL_COMPLEX_EVALUATION': False,
  'PARALLEL_CONCEPT_EVALUATION': False,
  'PARALLEL_CUT_EVALUATION': True,
  'PARTITION_TYPE': 'BI',
  'PICK_SMALLEST_PURVIEW': False,
  'PRECISION': 6,
  'PRINT_FRACTIONS': True,
  'PROGRESS_BARS': True,
  'REDIS_CACHE': False,
  'REDIS_CONFIG': {'db': 0, 'host': 'localhost', 'port': 6379, 'test_db': 1},
  'REPR_VERBOSITY': 2,
  'SINGLE_MICRO_NODES_WITH_SELFLOOPS_HAVE_PHI': False,
  'SYSTEM_CUTS': '3.0_STYLE',
  'USE_SMALL_PHI_DIFFERENCE_FOR_CES_DISTANCE': False,
  'VALIDATE_CONDITIONAL_INDEPENDENCE': True,
  'VALIDATE_SUBSYSTEM_STATES': True,
  'WELCOME_OFF': True}
2026-06-13 11:25:19,308 [pyphi.conf] INFO Process-29: PyPhi v1.2.0
2026-06-13 11:25:19,308 [pyphi.conf] INFO Process-29: Loaded configuration from ['C:\\Users\\User\\Documents\\Universidad\\ADA\\proyecto\\analisis-project-20261\\GeoMIP\\src\\Method2_Dynamic_Programming_Reformulation\\pyphi_config.yml']
2026-06-13 11:25:19,308 [pyphi.conf] INFO Process-29: Current PyPhi configuration:
 { 'ASSUME_CUTS_CANNOT_CREATE_NEW_CONCEPTS': False,
  'CACHE_POTENTIAL_PURVIEWS': True,
  'CACHE_REPERTOIRES': True,
  'CACHE_SIAS': False,
  'CACHING_BACKEND': 'fs',
  'CLEAR_SUBSYSTEM_CACHES_AFTER_COMPUTING_SIA': False,
  'CUT_ONE_APPROXIMATION': False,
  'FS_CACHE_DIRECTORY': '__pyphi_cache__',
  'FS_CACHE_VERBOSITY': 0,
  'LOG_FILE': 'pyphi.log',
  'LOG_FILE_LEVEL': 'INFO',
  'LOG_STDOUT_LEVEL': 'WARNING',
  'MAXIMUM_CACHE_MEMORY_PERCENTAGE': 50,
  'MEASURE': 'EMD',
  'MONGODB_CONFIG': { 'collection_name': 'cache',
                      'database_name': 'pyphi',
                      'host': 'localhost',
                      'port': 27017},
  'NUMBER_OF_CORES': -1,
  'PARALLEL_COMPLEX_EVALUATION': False,
  'PARALLEL_CONCEPT_EVALUATION': False,
  'PARALLEL_CUT_EVALUATION': True,
  'PARTITION_TYPE': 'BI',
  'PICK_SMALLEST_PURVIEW': False,
  'PRECISION': 6,
  'PRINT_FRACTIONS': True,
  'PROGRESS_BARS': True,
  'REDIS_CACHE': False,
  'REDIS_CONFIG': {'db': 0, 'host': 'localhost', 'port': 6379, 'test_db': 1},
  'REPR_VERBOSITY': 2,
  'SINGLE_MICRO_NODES_WITH_SELFLOOPS_HAVE_PHI': False,
  'SYSTEM_CUTS': '3.0_STYLE',
  'USE_SMALL_PHI_DIFFERENCE_FOR_CES_DISTANCE': False,
  'VALIDATE_CONDITIONAL_INDEPENDENCE': True,
  'VALIDATE_SUBSYSTEM_STATES': True,
  'WELCOME_OFF': True}
2026-06-13 11:25:21,221 [pyphi.conf] INFO Process-30: PyPhi v1.2.0
2026-06-13 11:25:21,222 [pyphi.conf] INFO Process-30: Loaded configuration from ['C:\\Users\\User\\Documents\\Universidad\\ADA\\proyecto\\analisis-project-20261\\GeoMIP\\src\\Method2_Dynamic_Programming_Reformulation\\pyphi_config.yml']
2026-06-13 11:25:21,222 [pyphi.conf] INFO Process-30: Current PyPhi configuration:
 { 'ASSUME_CUTS_CANNOT_CREATE_NEW_CONCEPTS': False,
  'CACHE_POTENTIAL_PURVIEWS': True,
  'CACHE_REPERTOIRES': True,
  'CACHE_SIAS': False,
  'CACHING_BACKEND': 'fs',
  'CLEAR_SUBSYSTEM_CACHES_AFTER_COMPUTING_SIA': False,
  'CUT_ONE_APPROXIMATION': False,
  'FS_CACHE_DIRECTORY': '__pyphi_cache__',
  'FS_CACHE_VERBOSITY': 0,
  'LOG_FILE': 'pyphi.log',
  'LOG_FILE_LEVEL': 'INFO',
  'LOG_STDOUT_LEVEL': 'WARNING',
  'MAXIMUM_CACHE_MEMORY_PERCENTAGE': 50,
  'MEASURE': 'EMD',
  'MONGODB_CONFIG': { 'collection_name': 'cache',
                      'database_name': 'pyphi',
                      'host': 'localhost',
                      'port': 27017},
  'NUMBER_OF_CORES': -1,
  'PARALLEL_COMPLEX_EVALUATION': False,
  'PARALLEL_CONCEPT_EVALUATION': False,
  'PARALLEL_CUT_EVALUATION': True,
  'PARTITION_TYPE': 'BI',
  'PICK_SMALLEST_PURVIEW': False,
  'PRECISION': 6,
  'PRINT_FRACTIONS': True,
  'PROGRESS_BARS': True,
  'REDIS_CACHE': False,
  'REDIS_CONFIG': {'db': 0, 'host': 'localhost', 'port': 6379, 'test_db': 1},
  'REPR_VERBOSITY': 2,
  'SINGLE_MICRO_NODES_WITH_SELFLOOPS_HAVE_PHI': False,
  'SYSTEM_CUTS': '3.0_STYLE',
  'USE_SMALL_PHI_DIFFERENCE_FOR_CES_DISTANCE': False,
  'VALIDATE_CONDITIONAL_INDEPENDENCE': True,
  'VALIDATE_SUBSYSTEM_STATES': True,
  'WELCOME_OFF': True}
2026-06-13 11:25:22,957 [pyphi.conf] INFO Process-31: PyPhi v1.2.0
2026-06-13 11:25:22,957 [pyphi.conf] INFO Process-31: Loaded configuration from ['C:\\Users\\User\\Documents\\Universidad\\ADA\\proyecto\\analisis-project-20261\\GeoMIP\\src\\Method2_Dynamic_Programming_Reformulation\\pyphi_config.yml']
2026-06-13 11:25:22,957 [pyphi.conf] INFO Process-31: Current PyPhi configuration:
 { 'ASSUME_CUTS_CANNOT_CREATE_NEW_CONCEPTS': False,
  'CACHE_POTENTIAL_PURVIEWS': True,
  'CACHE_REPERTOIRES': True,
  'CACHE_SIAS': False,
  'CACHING_BACKEND': 'fs',
  'CLEAR_SUBSYSTEM_CACHES_AFTER_COMPUTING_SIA': False,
  'CUT_ONE_APPROXIMATION': False,
  'FS_CACHE_DIRECTORY': '__pyphi_cache__',
  'FS_CACHE_VERBOSITY': 0,
  'LOG_FILE': 'pyphi.log',
  'LOG_FILE_LEVEL': 'INFO',
  'LOG_STDOUT_LEVEL': 'WARNING',
  'MAXIMUM_CACHE_MEMORY_PERCENTAGE': 50,
  'MEASURE': 'EMD',
  'MONGODB_CONFIG': { 'collection_name': 'cache',
                      'database_name': 'pyphi',
                      'host': 'localhost',
                      'port': 27017},
  'NUMBER_OF_CORES': -1,
  'PARALLEL_COMPLEX_EVALUATION': False,
  'PARALLEL_CONCEPT_EVALUATION': False,
  'PARALLEL_CUT_EVALUATION': True,
  'PARTITION_TYPE': 'BI',
  'PICK_SMALLEST_PURVIEW': False,
  'PRECISION': 6,
  'PRINT_FRACTIONS': True,
  'PROGRESS_BARS': True,
  'REDIS_CACHE': False,
  'REDIS_CONFIG': {'db': 0, 'host': 'localhost', 'port': 6379, 'test_db': 1},
  'REPR_VERBOSITY': 2,
  'SINGLE_MICRO_NODES_WITH_SELFLOOPS_HAVE_PHI': False,
  'SYSTEM_CUTS': '3.0_STYLE',
  'USE_SMALL_PHI_DIFFERENCE_FOR_CES_DISTANCE': False,
  'VALIDATE_CONDITIONAL_INDEPENDENCE': True,
  'VALIDATE_SUBSYSTEM_STATES': True,
  'WELCOME_OFF': True}
2026-06-13 11:25:24,792 [pyphi.conf] INFO Process-32: PyPhi v1.2.0
2026-06-13 11:25:24,792 [pyphi.conf] INFO Process-32: Loaded configuration from ['C:\\Users\\User\\Documents\\Universidad\\ADA\\proyecto\\analisis-project-20261\\GeoMIP\\src\\Method2_Dynamic_Programming_Reformulation\\pyphi_config.yml']
2026-06-13 11:25:24,792 [pyphi.conf] INFO Process-32: Current PyPhi configuration:
 { 'ASSUME_CUTS_CANNOT_CREATE_NEW_CONCEPTS': False,
  'CACHE_POTENTIAL_PURVIEWS': True,
  'CACHE_REPERTOIRES': True,
  'CACHE_SIAS': False,
  'CACHING_BACKEND': 'fs',
  'CLEAR_SUBSYSTEM_CACHES_AFTER_COMPUTING_SIA': False,
  'CUT_ONE_APPROXIMATION': False,
  'FS_CACHE_DIRECTORY': '__pyphi_cache__',
  'FS_CACHE_VERBOSITY': 0,
  'LOG_FILE': 'pyphi.log',
  'LOG_FILE_LEVEL': 'INFO',
  'LOG_STDOUT_LEVEL': 'WARNING',
  'MAXIMUM_CACHE_MEMORY_PERCENTAGE': 50,
  'MEASURE': 'EMD',
  'MONGODB_CONFIG': { 'collection_name': 'cache',
                      'database_name': 'pyphi',
                      'host': 'localhost',
                      'port': 27017},
  'NUMBER_OF_CORES': -1,
  'PARALLEL_COMPLEX_EVALUATION': False,
  'PARALLEL_CONCEPT_EVALUATION': False,
  'PARALLEL_CUT_EVALUATION': True,
  'PARTITION_TYPE': 'BI',
  'PICK_SMALLEST_PURVIEW': False,
  'PRECISION': 6,
  'PRINT_FRACTIONS': True,
  'PROGRESS_BARS': True,
  'REDIS_CACHE': False,
  'REDIS_CONFIG': {'db': 0, 'host': 'localhost', 'port': 6379, 'test_db': 1},
  'REPR_VERBOSITY': 2,
  'SINGLE_MICRO_NODES_WITH_SELFLOOPS_HAVE_PHI': False,
  'SYSTEM_CUTS': '3.0_STYLE',
  'USE_SMALL_PHI_DIFFERENCE_FOR_CES_DISTANCE': False,
  'VALIDATE_CONDITIONAL_INDEPENDENCE': True,
  'VALIDATE_SUBSYSTEM_STATES': True,
  'WELCOME_OFF': True}
2026-06-13 11:25:26,723 [pyphi.conf] INFO Process-33: PyPhi v1.2.0
2026-06-13 11:25:26,723 [pyphi.conf] INFO Process-33: Loaded configuration from ['C:\\Users\\User\\Documents\\Universidad\\ADA\\proyecto\\analisis-project-20261\\GeoMIP\\src\\Method2_Dynamic_Programming_Reformulation\\pyphi_config.yml']
2026-06-13 11:25:26,723 [pyphi.conf] INFO Process-33: Current PyPhi configuration:
 { 'ASSUME_CUTS_CANNOT_CREATE_NEW_CONCEPTS': False,
  'CACHE_POTENTIAL_PURVIEWS': True,
  'CACHE_REPERTOIRES': True,
  'CACHE_SIAS': False,
  'CACHING_BACKEND': 'fs',
  'CLEAR_SUBSYSTEM_CACHES_AFTER_COMPUTING_SIA': False,
  'CUT_ONE_APPROXIMATION': False,
  'FS_CACHE_DIRECTORY': '__pyphi_cache__',
  'FS_CACHE_VERBOSITY': 0,
  'LOG_FILE': 'pyphi.log',
  'LOG_FILE_LEVEL': 'INFO',
  'LOG_STDOUT_LEVEL': 'WARNING',
  'MAXIMUM_CACHE_MEMORY_PERCENTAGE': 50,
  'MEASURE': 'EMD',
  'MONGODB_CONFIG': { 'collection_name': 'cache',
                      'database_name': 'pyphi',
                      'host': 'localhost',
                      'port': 27017},
  'NUMBER_OF_CORES': -1,
  'PARALLEL_COMPLEX_EVALUATION': False,
  'PARALLEL_CONCEPT_EVALUATION': False,
  'PARALLEL_CUT_EVALUATION': True,
  'PARTITION_TYPE': 'BI',
  'PICK_SMALLEST_PURVIEW': False,
  'PRECISION': 6,
  'PRINT_FRACTIONS': True,
  'PROGRESS_BARS': True,
  'REDIS_CACHE': False,
  'REDIS_CONFIG': {'db': 0, 'host': 'localhost', 'port': 6379, 'test_db': 1},
  'REPR_VERBOSITY': 2,
  'SINGLE_MICRO_NODES_WITH_SELFLOOPS_HAVE_PHI': False,
  'SYSTEM_CUTS': '3.0_STYLE',
  'USE_SMALL_PHI_DIFFERENCE_FOR_CES_DISTANCE': False,
  'VALIDATE_CONDITIONAL_INDEPENDENCE': True,
  'VALIDATE_SUBSYSTEM_STATES': True,
  'WELCOME_OFF': True}
2026-06-13 11:25:28,587 [pyphi.conf] INFO Process-34: PyPhi v1.2.0
2026-06-13 11:25:28,587 [pyphi.conf] INFO Process-34: Loaded configuration from ['C:\\Users\\User\\Documents\\Universidad\\ADA\\proyecto\\analisis-project-20261\\GeoMIP\\src\\Method2_Dynamic_Programming_Reformulation\\pyphi_config.yml']
2026-06-13 11:25:28,587 [pyphi.conf] INFO Process-34: Current PyPhi configuration:
 { 'ASSUME_CUTS_CANNOT_CREATE_NEW_CONCEPTS': False,
  'CACHE_POTENTIAL_PURVIEWS': True,
  'CACHE_REPERTOIRES': True,
  'CACHE_SIAS': False,
  'CACHING_BACKEND': 'fs',
  'CLEAR_SUBSYSTEM_CACHES_AFTER_COMPUTING_SIA': False,
  'CUT_ONE_APPROXIMATION': False,
  'FS_CACHE_DIRECTORY': '__pyphi_cache__',
  'FS_CACHE_VERBOSITY': 0,
  'LOG_FILE': 'pyphi.log',
  'LOG_FILE_LEVEL': 'INFO',
  'LOG_STDOUT_LEVEL': 'WARNING',
  'MAXIMUM_CACHE_MEMORY_PERCENTAGE': 50,
  'MEASURE': 'EMD',
  'MONGODB_CONFIG': { 'collection_name': 'cache',
                      'database_name': 'pyphi',
                      'host': 'localhost',
                      'port': 27017},
  'NUMBER_OF_CORES': -1,
  'PARALLEL_COMPLEX_EVALUATION': False,
  'PARALLEL_CONCEPT_EVALUATION': False,
  'PARALLEL_CUT_EVALUATION': True,
  'PARTITION_TYPE': 'BI',
  'PICK_SMALLEST_PURVIEW': False,
  'PRECISION': 6,
  'PRINT_FRACTIONS': True,
  'PROGRESS_BARS': True,
  'REDIS_CACHE': False,
  'REDIS_CONFIG': {'db': 0, 'host': 'localhost', 'port': 6379, 'test_db': 1},
  'REPR_VERBOSITY': 2,
  'SINGLE_MICRO_NODES_WITH_SELFLOOPS_HAVE_PHI': False,
  'SYSTEM_CUTS': '3.0_STYLE',
  'USE_SMALL_PHI_DIFFERENCE_FOR_CES_DISTANCE': False,
  'VALIDATE_CONDITIONAL_INDEPENDENCE': True,
  'VALIDATE_SUBSYSTEM_STATES': True,
  'WELCOME_OFF': True}
2026-06-13 11:25:30,410 [pyphi.conf] INFO Process-35: PyPhi v1.2.0
2026-06-13 11:25:30,410 [pyphi.conf] INFO Process-35: Loaded configuration from ['C:\\Users\\User\\Documents\\Universidad\\ADA\\proyecto\\analisis-project-20261\\GeoMIP\\src\\Method2_Dynamic_Programming_Reformulation\\pyphi_config.yml']
2026-06-13 11:25:30,410 [pyphi.conf] INFO Process-35: Current PyPhi configuration:
 { 'ASSUME_CUTS_CANNOT_CREATE_NEW_CONCEPTS': False,
  'CACHE_POTENTIAL_PURVIEWS': True,
  'CACHE_REPERTOIRES': True,
  'CACHE_SIAS': False,
  'CACHING_BACKEND': 'fs',
  'CLEAR_SUBSYSTEM_CACHES_AFTER_COMPUTING_SIA': False,
  'CUT_ONE_APPROXIMATION': False,
  'FS_CACHE_DIRECTORY': '__pyphi_cache__',
  'FS_CACHE_VERBOSITY': 0,
  'LOG_FILE': 'pyphi.log',
  'LOG_FILE_LEVEL': 'INFO',
  'LOG_STDOUT_LEVEL': 'WARNING',
  'MAXIMUM_CACHE_MEMORY_PERCENTAGE': 50,
  'MEASURE': 'EMD',
  'MONGODB_CONFIG': { 'collection_name': 'cache',
                      'database_name': 'pyphi',
                      'host': 'localhost',
                      'port': 27017},
  'NUMBER_OF_CORES': -1,
  'PARALLEL_COMPLEX_EVALUATION': False,
  'PARALLEL_CONCEPT_EVALUATION': False,
  'PARALLEL_CUT_EVALUATION': True,
  'PARTITION_TYPE': 'BI',
  'PICK_SMALLEST_PURVIEW': False,
  'PRECISION': 6,
  'PRINT_FRACTIONS': True,
  'PROGRESS_BARS': True,
  'REDIS_CACHE': False,
  'REDIS_CONFIG': {'db': 0, 'host': 'localhost', 'port': 6379, 'test_db': 1},
  'REPR_VERBOSITY': 2,
  'SINGLE_MICRO_NODES_WITH_SELFLOOPS_HAVE_PHI': False,
  'SYSTEM_CUTS': '3.0_STYLE',
  'USE_SMALL_PHI_DIFFERENCE_FOR_CES_DISTANCE': False,
  'VALIDATE_CONDITIONAL_INDEPENDENCE': True,
  'VALIDATE_SUBSYSTEM_STATES': True,
  'WELCOME_OFF': True}
2026-06-13 11:25:32,202 [pyphi.conf] INFO Process-36: PyPhi v1.2.0
2026-06-13 11:25:32,202 [pyphi.conf] INFO Process-36: Loaded configuration from ['C:\\Users\\User\\Documents\\Universidad\\ADA\\proyecto\\analisis-project-20261\\GeoMIP\\src\\Method2_Dynamic_Programming_Reformulation\\pyphi_config.yml']
2026-06-13 11:25:32,202 [pyphi.conf] INFO Process-36: Current PyPhi configuration:
 { 'ASSUME_CUTS_CANNOT_CREATE_NEW_CONCEPTS': False,
  'CACHE_POTENTIAL_PURVIEWS': True,
  'CACHE_REPERTOIRES': True,
  'CACHE_SIAS': False,
  'CACHING_BACKEND': 'fs',
  'CLEAR_SUBSYSTEM_CACHES_AFTER_COMPUTING_SIA': False,
  'CUT_ONE_APPROXIMATION': False,
  'FS_CACHE_DIRECTORY': '__pyphi_cache__',
  'FS_CACHE_VERBOSITY': 0,
  'LOG_FILE': 'pyphi.log',
  'LOG_FILE_LEVEL': 'INFO',
  'LOG_STDOUT_LEVEL': 'WARNING',
  'MAXIMUM_CACHE_MEMORY_PERCENTAGE': 50,
  'MEASURE': 'EMD',
  'MONGODB_CONFIG': { 'collection_name': 'cache',
                      'database_name': 'pyphi',
                      'host': 'localhost',
                      'port': 27017},
  'NUMBER_OF_CORES': -1,
  'PARALLEL_COMPLEX_EVALUATION': False,
  'PARALLEL_CONCEPT_EVALUATION': False,
  'PARALLEL_CUT_EVALUATION': True,
  'PARTITION_TYPE': 'BI',
  'PICK_SMALLEST_PURVIEW': False,
  'PRECISION': 6,
  'PRINT_FRACTIONS': True,
  'PROGRESS_BARS': True,
  'REDIS_CACHE': False,
  'REDIS_CONFIG': {'db': 0, 'host': 'localhost', 'port': 6379, 'test_db': 1},
  'REPR_VERBOSITY': 2,
  'SINGLE_MICRO_NODES_WITH_SELFLOOPS_HAVE_PHI': False,
  'SYSTEM_CUTS': '3.0_STYLE',
  'USE_SMALL_PHI_DIFFERENCE_FOR_CES_DISTANCE': False,
  'VALIDATE_CONDITIONAL_INDEPENDENCE': True,
  'VALIDATE_SUBSYSTEM_STATES': True,
  'WELCOME_OFF': True}
2026-06-13 11:25:34,049 [pyphi.conf] INFO Process-37: PyPhi v1.2.0
2026-06-13 11:25:34,050 [pyphi.conf] INFO Process-37: Loaded configuration from ['C:\\Users\\User\\Documents\\Universidad\\ADA\\proyecto\\analisis-project-20261\\GeoMIP\\src\\Method2_Dynamic_Programming_Reformulation\\pyphi_config.yml']
2026-06-13 11:25:34,050 [pyphi.conf] INFO Process-37: Current PyPhi configuration:
 { 'ASSUME_CUTS_CANNOT_CREATE_NEW_CONCEPTS': False,
  'CACHE_POTENTIAL_PURVIEWS': True,
  'CACHE_REPERTOIRES': True,
  'CACHE_SIAS': False,
  'CACHING_BACKEND': 'fs',
  'CLEAR_SUBSYSTEM_CACHES_AFTER_COMPUTING_SIA': False,
  'CUT_ONE_APPROXIMATION': False,
  'FS_CACHE_DIRECTORY': '__pyphi_cache__',
  'FS_CACHE_VERBOSITY': 0,
  'LOG_FILE': 'pyphi.log',
  'LOG_FILE_LEVEL': 'INFO',
  'LOG_STDOUT_LEVEL': 'WARNING',
  'MAXIMUM_CACHE_MEMORY_PERCENTAGE': 50,
  'MEASURE': 'EMD',
  'MONGODB_CONFIG': { 'collection_name': 'cache',
                      'database_name': 'pyphi',
                      'host': 'localhost',
                      'port': 27017},
  'NUMBER_OF_CORES': -1,
  'PARALLEL_COMPLEX_EVALUATION': False,
  'PARALLEL_CONCEPT_EVALUATION': False,
  'PARALLEL_CUT_EVALUATION': True,
  'PARTITION_TYPE': 'BI',
  'PICK_SMALLEST_PURVIEW': False,
  'PRECISION': 6,
  'PRINT_FRACTIONS': True,
  'PROGRESS_BARS': True,
  'REDIS_CACHE': False,
  'REDIS_CONFIG': {'db': 0, 'host': 'localhost', 'port': 6379, 'test_db': 1},
  'REPR_VERBOSITY': 2,
  'SINGLE_MICRO_NODES_WITH_SELFLOOPS_HAVE_PHI': False,
  'SYSTEM_CUTS': '3.0_STYLE',
  'USE_SMALL_PHI_DIFFERENCE_FOR_CES_DISTANCE': False,
  'VALIDATE_CONDITIONAL_INDEPENDENCE': True,
  'VALIDATE_SUBSYSTEM_STATES': True,
  'WELCOME_OFF': True}
2026-06-13 11:25:35,883 [pyphi.conf] INFO Process-38: PyPhi v1.2.0
2026-06-13 11:25:35,883 [pyphi.conf] INFO Process-38: Loaded configuration from ['C:\\Users\\User\\Documents\\Universidad\\ADA\\proyecto\\analisis-project-20261\\GeoMIP\\src\\Method2_Dynamic_Programming_Reformulation\\pyphi_config.yml']
2026-06-13 11:25:35,883 [pyphi.conf] INFO Process-38: Current PyPhi configuration:
 { 'ASSUME_CUTS_CANNOT_CREATE_NEW_CONCEPTS': False,
  'CACHE_POTENTIAL_PURVIEWS': True,
  'CACHE_REPERTOIRES': True,
  'CACHE_SIAS': False,
  'CACHING_BACKEND': 'fs',
  'CLEAR_SUBSYSTEM_CACHES_AFTER_COMPUTING_SIA': False,
  'CUT_ONE_APPROXIMATION': False,
  'FS_CACHE_DIRECTORY': '__pyphi_cache__',
  'FS_CACHE_VERBOSITY': 0,
  'LOG_FILE': 'pyphi.log',
  'LOG_FILE_LEVEL': 'INFO',
  'LOG_STDOUT_LEVEL': 'WARNING',
  'MAXIMUM_CACHE_MEMORY_PERCENTAGE': 50,
  'MEASURE': 'EMD',
  'MONGODB_CONFIG': { 'collection_name': 'cache',
                      'database_name': 'pyphi',
                      'host': 'localhost',
                      'port': 27017},
  'NUMBER_OF_CORES': -1,
  'PARALLEL_COMPLEX_EVALUATION': False,
  'PARALLEL_CONCEPT_EVALUATION': False,
  'PARALLEL_CUT_EVALUATION': True,
  'PARTITION_TYPE': 'BI',
  'PICK_SMALLEST_PURVIEW': False,
  'PRECISION': 6,
  'PRINT_FRACTIONS': True,
  'PROGRESS_BARS': True,
  'REDIS_CACHE': False,
  'REDIS_CONFIG': {'db': 0, 'host': 'localhost', 'port': 6379, 'test_db': 1},
  'REPR_VERBOSITY': 2,
  'SINGLE_MICRO_NODES_WITH_SELFLOOPS_HAVE_PHI': False,
  'SYSTEM_CUTS': '3.0_STYLE',
  'USE_SMALL_PHI_DIFFERENCE_FOR_CES_DISTANCE': False,
  'VALIDATE_CONDITIONAL_INDEPENDENCE': True,
  'VALIDATE_SUBSYSTEM_STATES': True,
  'WELCOME_OFF': True}
2026-06-13 11:25:37,713 [pyphi.conf] INFO Process-39: PyPhi v1.2.0
2026-06-13 11:25:37,717 [pyphi.conf] INFO Process-39: Loaded configuration from ['C:\\Users\\User\\Documents\\Universidad\\ADA\\proyecto\\analisis-project-20261\\GeoMIP\\src\\Method2_Dynamic_Programming_Reformulation\\pyphi_config.yml']
2026-06-13 11:25:37,717 [pyphi.conf] INFO Process-39: Current PyPhi configuration:
 { 'ASSUME_CUTS_CANNOT_CREATE_NEW_CONCEPTS': False,
  'CACHE_POTENTIAL_PURVIEWS': True,
  'CACHE_REPERTOIRES': True,
  'CACHE_SIAS': False,
  'CACHING_BACKEND': 'fs',
  'CLEAR_SUBSYSTEM_CACHES_AFTER_COMPUTING_SIA': False,
  'CUT_ONE_APPROXIMATION': False,
  'FS_CACHE_DIRECTORY': '__pyphi_cache__',
  'FS_CACHE_VERBOSITY': 0,
  'LOG_FILE': 'pyphi.log',
  'LOG_FILE_LEVEL': 'INFO',
  'LOG_STDOUT_LEVEL': 'WARNING',
  'MAXIMUM_CACHE_MEMORY_PERCENTAGE': 50,
  'MEASURE': 'EMD',
  'MONGODB_CONFIG': { 'collection_name': 'cache',
                      'database_name': 'pyphi',
                      'host': 'localhost',
                      'port': 27017},
  'NUMBER_OF_CORES': -1,
  'PARALLEL_COMPLEX_EVALUATION': False,
  'PARALLEL_CONCEPT_EVALUATION': False,
  'PARALLEL_CUT_EVALUATION': True,
  'PARTITION_TYPE': 'BI',
  'PICK_SMALLEST_PURVIEW': False,
  'PRECISION': 6,
  'PRINT_FRACTIONS': True,
  'PROGRESS_BARS': True,
  'REDIS_CACHE': False,
  'REDIS_CONFIG': {'db': 0, 'host': 'localhost', 'port': 6379, 'test_db': 1},
  'REPR_VERBOSITY': 2,
  'SINGLE_MICRO_NODES_WITH_SELFLOOPS_HAVE_PHI': False,
  'SYSTEM_CUTS': '3.0_STYLE',
  'USE_SMALL_PHI_DIFFERENCE_FOR_CES_DISTANCE': False,
  'VALIDATE_CONDITIONAL_INDEPENDENCE': True,
  'VALIDATE_SUBSYSTEM_STATES': True,
  'WELCOME_OFF': True}
2026-06-13 11:25:39,588 [pyphi.conf] INFO Process-40: PyPhi v1.2.0
2026-06-13 11:25:39,588 [pyphi.conf] INFO Process-40: Loaded configuration from ['C:\\Users\\User\\Documents\\Universidad\\ADA\\proyecto\\analisis-project-20261\\GeoMIP\\src\\Method2_Dynamic_Programming_Reformulation\\pyphi_config.yml']
2026-06-13 11:25:39,588 [pyphi.conf] INFO Process-40: Current PyPhi configuration:
 { 'ASSUME_CUTS_CANNOT_CREATE_NEW_CONCEPTS': False,
  'CACHE_POTENTIAL_PURVIEWS': True,
  'CACHE_REPERTOIRES': True,
  'CACHE_SIAS': False,
  'CACHING_BACKEND': 'fs',
  'CLEAR_SUBSYSTEM_CACHES_AFTER_COMPUTING_SIA': False,
  'CUT_ONE_APPROXIMATION': False,
  'FS_CACHE_DIRECTORY': '__pyphi_cache__',
  'FS_CACHE_VERBOSITY': 0,
  'LOG_FILE': 'pyphi.log',
  'LOG_FILE_LEVEL': 'INFO',
  'LOG_STDOUT_LEVEL': 'WARNING',
  'MAXIMUM_CACHE_MEMORY_PERCENTAGE': 50,
  'MEASURE': 'EMD',
  'MONGODB_CONFIG': { 'collection_name': 'cache',
                      'database_name': 'pyphi',
                      'host': 'localhost',
                      'port': 27017},
  'NUMBER_OF_CORES': -1,
  'PARALLEL_COMPLEX_EVALUATION': False,
  'PARALLEL_CONCEPT_EVALUATION': False,
  'PARALLEL_CUT_EVALUATION': True,
  'PARTITION_TYPE': 'BI',
  'PICK_SMALLEST_PURVIEW': False,
  'PRECISION': 6,
  'PRINT_FRACTIONS': True,
  'PROGRESS_BARS': True,
  'REDIS_CACHE': False,
  'REDIS_CONFIG': {'db': 0, 'host': 'localhost', 'port': 6379, 'test_db': 1},
  'REPR_VERBOSITY': 2,
  'SINGLE_MICRO_NODES_WITH_SELFLOOPS_HAVE_PHI': False,
  'SYSTEM_CUTS': '3.0_STYLE',
  'USE_SMALL_PHI_DIFFERENCE_FOR_CES_DISTANCE': False,
  'VALIDATE_CONDITIONAL_INDEPENDENCE': True,
  'VALIDATE_SUBSYSTEM_STATES': True,
  'WELCOME_OFF': True}
2026-06-13 11:25:41,477 [pyphi.conf] INFO Process-41: PyPhi v1.2.0
2026-06-13 11:25:41,477 [pyphi.conf] INFO Process-41: Loaded configuration from ['C:\\Users\\User\\Documents\\Universidad\\ADA\\proyecto\\analisis-project-20261\\GeoMIP\\src\\Method2_Dynamic_Programming_Reformulation\\pyphi_config.yml']
2026-06-13 11:25:41,477 [pyphi.conf] INFO Process-41: Current PyPhi configuration:
 { 'ASSUME_CUTS_CANNOT_CREATE_NEW_CONCEPTS': False,
  'CACHE_POTENTIAL_PURVIEWS': True,
  'CACHE_REPERTOIRES': True,
  'CACHE_SIAS': False,
  'CACHING_BACKEND': 'fs',
  'CLEAR_SUBSYSTEM_CACHES_AFTER_COMPUTING_SIA': False,
  'CUT_ONE_APPROXIMATION': False,
  'FS_CACHE_DIRECTORY': '__pyphi_cache__',
  'FS_CACHE_VERBOSITY': 0,
  'LOG_FILE': 'pyphi.log',
  'LOG_FILE_LEVEL': 'INFO',
  'LOG_STDOUT_LEVEL': 'WARNING',
  'MAXIMUM_CACHE_MEMORY_PERCENTAGE': 50,
  'MEASURE': 'EMD',
  'MONGODB_CONFIG': { 'collection_name': 'cache',
                      'database_name': 'pyphi',
                      'host': 'localhost',
                      'port': 27017},
  'NUMBER_OF_CORES': -1,
  'PARALLEL_COMPLEX_EVALUATION': False,
  'PARALLEL_CONCEPT_EVALUATION': False,
  'PARALLEL_CUT_EVALUATION': True,
  'PARTITION_TYPE': 'BI',
  'PICK_SMALLEST_PURVIEW': False,
  'PRECISION': 6,
  'PRINT_FRACTIONS': True,
  'PROGRESS_BARS': True,
  'REDIS_CACHE': False,
  'REDIS_CONFIG': {'db': 0, 'host': 'localhost', 'port': 6379, 'test_db': 1},
  'REPR_VERBOSITY': 2,
  'SINGLE_MICRO_NODES_WITH_SELFLOOPS_HAVE_PHI': False,
  'SYSTEM_CUTS': '3.0_STYLE',
  'USE_SMALL_PHI_DIFFERENCE_FOR_CES_DISTANCE': False,
  'VALIDATE_CONDITIONAL_INDEPENDENCE': True,
  'VALIDATE_SUBSYSTEM_STATES': True,
  'WELCOME_OFF': True}
2026-06-13 11:25:43,271 [pyphi.conf] INFO Process-42: PyPhi v1.2.0
2026-06-13 11:25:43,272 [pyphi.conf] INFO Process-42: Loaded configuration from ['C:\\Users\\User\\Documents\\Universidad\\ADA\\proyecto\\analisis-project-20261\\GeoMIP\\src\\Method2_Dynamic_Programming_Reformulation\\pyphi_config.yml']
2026-06-13 11:25:43,272 [pyphi.conf] INFO Process-42: Current PyPhi configuration:
 { 'ASSUME_CUTS_CANNOT_CREATE_NEW_CONCEPTS': False,
  'CACHE_POTENTIAL_PURVIEWS': True,
  'CACHE_REPERTOIRES': True,
  'CACHE_SIAS': False,
  'CACHING_BACKEND': 'fs',
  'CLEAR_SUBSYSTEM_CACHES_AFTER_COMPUTING_SIA': False,
  'CUT_ONE_APPROXIMATION': False,
  'FS_CACHE_DIRECTORY': '__pyphi_cache__',
  'FS_CACHE_VERBOSITY': 0,
  'LOG_FILE': 'pyphi.log',
  'LOG_FILE_LEVEL': 'INFO',
  'LOG_STDOUT_LEVEL': 'WARNING',
  'MAXIMUM_CACHE_MEMORY_PERCENTAGE': 50,
  'MEASURE': 'EMD',
  'MONGODB_CONFIG': { 'collection_name': 'cache',
                      'database_name': 'pyphi',
                      'host': 'localhost',
                      'port': 27017},
  'NUMBER_OF_CORES': -1,
  'PARALLEL_COMPLEX_EVALUATION': False,
  'PARALLEL_CONCEPT_EVALUATION': False,
  'PARALLEL_CUT_EVALUATION': True,
  'PARTITION_TYPE': 'BI',
  'PICK_SMALLEST_PURVIEW': False,
  'PRECISION': 6,
  'PRINT_FRACTIONS': True,
  'PROGRESS_BARS': True,
  'REDIS_CACHE': False,
  'REDIS_CONFIG': {'db': 0, 'host': 'localhost', 'port': 6379, 'test_db': 1},
  'REPR_VERBOSITY': 2,
  'SINGLE_MICRO_NODES_WITH_SELFLOOPS_HAVE_PHI': False,
  'SYSTEM_CUTS': '3.0_STYLE',
  'USE_SMALL_PHI_DIFFERENCE_FOR_CES_DISTANCE': False,
  'VALIDATE_CONDITIONAL_INDEPENDENCE': True,
  'VALIDATE_SUBSYSTEM_STATES': True,
  'WELCOME_OFF': True}
2026-06-13 11:25:45,089 [pyphi.conf] INFO Process-43: PyPhi v1.2.0
2026-06-13 11:25:45,089 [pyphi.conf] INFO Process-43: Loaded configuration from ['C:\\Users\\User\\Documents\\Universidad\\ADA\\proyecto\\analisis-project-20261\\GeoMIP\\src\\Method2_Dynamic_Programming_Reformulation\\pyphi_config.yml']
2026-06-13 11:25:45,089 [pyphi.conf] INFO Process-43: Current PyPhi configuration:
 { 'ASSUME_CUTS_CANNOT_CREATE_NEW_CONCEPTS': False,
  'CACHE_POTENTIAL_PURVIEWS': True,
  'CACHE_REPERTOIRES': True,
  'CACHE_SIAS': False,
  'CACHING_BACKEND': 'fs',
  'CLEAR_SUBSYSTEM_CACHES_AFTER_COMPUTING_SIA': False,
  'CUT_ONE_APPROXIMATION': False,
  'FS_CACHE_DIRECTORY': '__pyphi_cache__',
  'FS_CACHE_VERBOSITY': 0,
  'LOG_FILE': 'pyphi.log',
  'LOG_FILE_LEVEL': 'INFO',
  'LOG_STDOUT_LEVEL': 'WARNING',
  'MAXIMUM_CACHE_MEMORY_PERCENTAGE': 50,
  'MEASURE': 'EMD',
  'MONGODB_CONFIG': { 'collection_name': 'cache',
                      'database_name': 'pyphi',
                      'host': 'localhost',
                      'port': 27017},
  'NUMBER_OF_CORES': -1,
  'PARALLEL_COMPLEX_EVALUATION': False,
  'PARALLEL_CONCEPT_EVALUATION': False,
  'PARALLEL_CUT_EVALUATION': True,
  'PARTITION_TYPE': 'BI',
  'PICK_SMALLEST_PURVIEW': False,
  'PRECISION': 6,
  'PRINT_FRACTIONS': True,
  'PROGRESS_BARS': True,
  'REDIS_CACHE': False,
  'REDIS_CONFIG': {'db': 0, 'host': 'localhost', 'port': 6379, 'test_db': 1},
  'REPR_VERBOSITY': 2,
  'SINGLE_MICRO_NODES_WITH_SELFLOOPS_HAVE_PHI': False,
  'SYSTEM_CUTS': '3.0_STYLE',
  'USE_SMALL_PHI_DIFFERENCE_FOR_CES_DISTANCE': False,
  'VALIDATE_CONDITIONAL_INDEPENDENCE': True,
  'VALIDATE_SUBSYSTEM_STATES': True,
  'WELCOME_OFF': True}
2026-06-13 11:25:46,917 [pyphi.conf] INFO Process-44: PyPhi v1.2.0
2026-06-13 11:25:46,917 [pyphi.conf] INFO Process-44: Loaded configuration from ['C:\\Users\\User\\Documents\\Universidad\\ADA\\proyecto\\analisis-project-20261\\GeoMIP\\src\\Method2_Dynamic_Programming_Reformulation\\pyphi_config.yml']
2026-06-13 11:25:46,917 [pyphi.conf] INFO Process-44: Current PyPhi configuration:
 { 'ASSUME_CUTS_CANNOT_CREATE_NEW_CONCEPTS': False,
  'CACHE_POTENTIAL_PURVIEWS': True,
  'CACHE_REPERTOIRES': True,
  'CACHE_SIAS': False,
  'CACHING_BACKEND': 'fs',
  'CLEAR_SUBSYSTEM_CACHES_AFTER_COMPUTING_SIA': False,
  'CUT_ONE_APPROXIMATION': False,
  'FS_CACHE_DIRECTORY': '__pyphi_cache__',
  'FS_CACHE_VERBOSITY': 0,
  'LOG_FILE': 'pyphi.log',
  'LOG_FILE_LEVEL': 'INFO',
  'LOG_STDOUT_LEVEL': 'WARNING',
  'MAXIMUM_CACHE_MEMORY_PERCENTAGE': 50,
  'MEASURE': 'EMD',
  'MONGODB_CONFIG': { 'collection_name': 'cache',
                      'database_name': 'pyphi',
                      'host': 'localhost',
                      'port': 27017},
  'NUMBER_OF_CORES': -1,
  'PARALLEL_COMPLEX_EVALUATION': False,
  'PARALLEL_CONCEPT_EVALUATION': False,
  'PARALLEL_CUT_EVALUATION': True,
  'PARTITION_TYPE': 'BI',
  'PICK_SMALLEST_PURVIEW': False,
  'PRECISION': 6,
  'PRINT_FRACTIONS': True,
  'PROGRESS_BARS': True,
  'REDIS_CACHE': False,
  'REDIS_CONFIG': {'db': 0, 'host': 'localhost', 'port': 6379, 'test_db': 1},
  'REPR_VERBOSITY': 2,
  'SINGLE_MICRO_NODES_WITH_SELFLOOPS_HAVE_PHI': False,
  'SYSTEM_CUTS': '3.0_STYLE',
  'USE_SMALL_PHI_DIFFERENCE_FOR_CES_DISTANCE': False,
  'VALIDATE_CONDITIONAL_INDEPENDENCE': True,
  'VALIDATE_SUBSYSTEM_STATES': True,
  'WELCOME_OFF': True}
2026-06-13 11:25:48,728 [pyphi.conf] INFO Process-45: PyPhi v1.2.0
2026-06-13 11:25:48,728 [pyphi.conf] INFO Process-45: Loaded configuration from ['C:\\Users\\User\\Documents\\Universidad\\ADA\\proyecto\\analisis-project-20261\\GeoMIP\\src\\Method2_Dynamic_Programming_Reformulation\\pyphi_config.yml']
2026-06-13 11:25:48,728 [pyphi.conf] INFO Process-45: Current PyPhi configuration:
 { 'ASSUME_CUTS_CANNOT_CREATE_NEW_CONCEPTS': False,
  'CACHE_POTENTIAL_PURVIEWS': True,
  'CACHE_REPERTOIRES': True,
  'CACHE_SIAS': False,
  'CACHING_BACKEND': 'fs',
  'CLEAR_SUBSYSTEM_CACHES_AFTER_COMPUTING_SIA': False,
  'CUT_ONE_APPROXIMATION': False,
  'FS_CACHE_DIRECTORY': '__pyphi_cache__',
  'FS_CACHE_VERBOSITY': 0,
  'LOG_FILE': 'pyphi.log',
  'LOG_FILE_LEVEL': 'INFO',
  'LOG_STDOUT_LEVEL': 'WARNING',
  'MAXIMUM_CACHE_MEMORY_PERCENTAGE': 50,
  'MEASURE': 'EMD',
  'MONGODB_CONFIG': { 'collection_name': 'cache',
                      'database_name': 'pyphi',
                      'host': 'localhost',
                      'port': 27017},
  'NUMBER_OF_CORES': -1,
  'PARALLEL_COMPLEX_EVALUATION': False,
  'PARALLEL_CONCEPT_EVALUATION': False,
  'PARALLEL_CUT_EVALUATION': True,
  'PARTITION_TYPE': 'BI',
  'PICK_SMALLEST_PURVIEW': False,
  'PRECISION': 6,
  'PRINT_FRACTIONS': True,
  'PROGRESS_BARS': True,
  'REDIS_CACHE': False,
  'REDIS_CONFIG': {'db': 0, 'host': 'localhost', 'port': 6379, 'test_db': 1},
  'REPR_VERBOSITY': 2,
  'SINGLE_MICRO_NODES_WITH_SELFLOOPS_HAVE_PHI': False,
  'SYSTEM_CUTS': '3.0_STYLE',
  'USE_SMALL_PHI_DIFFERENCE_FOR_CES_DISTANCE': False,
  'VALIDATE_CONDITIONAL_INDEPENDENCE': True,
  'VALIDATE_SUBSYSTEM_STATES': True,
  'WELCOME_OFF': True}
2026-06-13 11:25:50,543 [pyphi.conf] INFO Process-46: PyPhi v1.2.0
2026-06-13 11:25:50,543 [pyphi.conf] INFO Process-46: Loaded configuration from ['C:\\Users\\User\\Documents\\Universidad\\ADA\\proyecto\\analisis-project-20261\\GeoMIP\\src\\Method2_Dynamic_Programming_Reformulation\\pyphi_config.yml']
2026-06-13 11:25:50,543 [pyphi.conf] INFO Process-46: Current PyPhi configuration:
 { 'ASSUME_CUTS_CANNOT_CREATE_NEW_CONCEPTS': False,
  'CACHE_POTENTIAL_PURVIEWS': True,
  'CACHE_REPERTOIRES': True,
  'CACHE_SIAS': False,
  'CACHING_BACKEND': 'fs',
  'CLEAR_SUBSYSTEM_CACHES_AFTER_COMPUTING_SIA': False,
  'CUT_ONE_APPROXIMATION': False,
  'FS_CACHE_DIRECTORY': '__pyphi_cache__',
  'FS_CACHE_VERBOSITY': 0,
  'LOG_FILE': 'pyphi.log',
  'LOG_FILE_LEVEL': 'INFO',
  'LOG_STDOUT_LEVEL': 'WARNING',
  'MAXIMUM_CACHE_MEMORY_PERCENTAGE': 50,
  'MEASURE': 'EMD',
  'MONGODB_CONFIG': { 'collection_name': 'cache',
                      'database_name': 'pyphi',
                      'host': 'localhost',
                      'port': 27017},
  'NUMBER_OF_CORES': -1,
  'PARALLEL_COMPLEX_EVALUATION': False,
  'PARALLEL_CONCEPT_EVALUATION': False,
  'PARALLEL_CUT_EVALUATION': True,
  'PARTITION_TYPE': 'BI',
  'PICK_SMALLEST_PURVIEW': False,
  'PRECISION': 6,
  'PRINT_FRACTIONS': True,
  'PROGRESS_BARS': True,
  'REDIS_CACHE': False,
  'REDIS_CONFIG': {'db': 0, 'host': 'localhost', 'port': 6379, 'test_db': 1},
  'REPR_VERBOSITY': 2,
  'SINGLE_MICRO_NODES_WITH_SELFLOOPS_HAVE_PHI': False,
  'SYSTEM_CUTS': '3.0_STYLE',
  'USE_SMALL_PHI_DIFFERENCE_FOR_CES_DISTANCE': False,
  'VALIDATE_CONDITIONAL_INDEPENDENCE': True,
  'VALIDATE_SUBSYSTEM_STATES': True,
  'WELCOME_OFF': True}
2026-06-13 11:25:52,367 [pyphi.conf] INFO Process-47: PyPhi v1.2.0
2026-06-13 11:25:52,368 [pyphi.conf] INFO Process-47: Loaded configuration from ['C:\\Users\\User\\Documents\\Universidad\\ADA\\proyecto\\analisis-project-20261\\GeoMIP\\src\\Method2_Dynamic_Programming_Reformulation\\pyphi_config.yml']
2026-06-13 11:25:52,368 [pyphi.conf] INFO Process-47: Current PyPhi configuration:
 { 'ASSUME_CUTS_CANNOT_CREATE_NEW_CONCEPTS': False,
  'CACHE_POTENTIAL_PURVIEWS': True,
  'CACHE_REPERTOIRES': True,
  'CACHE_SIAS': False,
  'CACHING_BACKEND': 'fs',
  'CLEAR_SUBSYSTEM_CACHES_AFTER_COMPUTING_SIA': False,
  'CUT_ONE_APPROXIMATION': False,
  'FS_CACHE_DIRECTORY': '__pyphi_cache__',
  'FS_CACHE_VERBOSITY': 0,
  'LOG_FILE': 'pyphi.log',
  'LOG_FILE_LEVEL': 'INFO',
  'LOG_STDOUT_LEVEL': 'WARNING',
  'MAXIMUM_CACHE_MEMORY_PERCENTAGE': 50,
  'MEASURE': 'EMD',
  'MONGODB_CONFIG': { 'collection_name': 'cache',
                      'database_name': 'pyphi',
                      'host': 'localhost',
                      'port': 27017},
  'NUMBER_OF_CORES': -1,
  'PARALLEL_COMPLEX_EVALUATION': False,
  'PARALLEL_CONCEPT_EVALUATION': False,
  'PARALLEL_CUT_EVALUATION': True,
  'PARTITION_TYPE': 'BI',
  'PICK_SMALLEST_PURVIEW': False,
  'PRECISION': 6,
  'PRINT_FRACTIONS': True,
  'PROGRESS_BARS': True,
  'REDIS_CACHE': False,
  'REDIS_CONFIG': {'db': 0, 'host': 'localhost', 'port': 6379, 'test_db': 1},
  'REPR_VERBOSITY': 2,
  'SINGLE_MICRO_NODES_WITH_SELFLOOPS_HAVE_PHI': False,
  'SYSTEM_CUTS': '3.0_STYLE',
  'USE_SMALL_PHI_DIFFERENCE_FOR_CES_DISTANCE': False,
  'VALIDATE_CONDITIONAL_INDEPENDENCE': True,
  'VALIDATE_SUBSYSTEM_STATES': True,
  'WELCOME_OFF': True}
2026-06-13 11:25:54,183 [pyphi.conf] INFO Process-48: PyPhi v1.2.0
2026-06-13 11:25:54,183 [pyphi.conf] INFO Process-48: Loaded configuration from ['C:\\Users\\User\\Documents\\Universidad\\ADA\\proyecto\\analisis-project-20261\\GeoMIP\\src\\Method2_Dynamic_Programming_Reformulation\\pyphi_config.yml']
2026-06-13 11:25:54,183 [pyphi.conf] INFO Process-48: Current PyPhi configuration:
 { 'ASSUME_CUTS_CANNOT_CREATE_NEW_CONCEPTS': False,
  'CACHE_POTENTIAL_PURVIEWS': True,
  'CACHE_REPERTOIRES': True,
  'CACHE_SIAS': False,
  'CACHING_BACKEND': 'fs',
  'CLEAR_SUBSYSTEM_CACHES_AFTER_COMPUTING_SIA': False,
  'CUT_ONE_APPROXIMATION': False,
  'FS_CACHE_DIRECTORY': '__pyphi_cache__',
  'FS_CACHE_VERBOSITY': 0,
  'LOG_FILE': 'pyphi.log',
  'LOG_FILE_LEVEL': 'INFO',
  'LOG_STDOUT_LEVEL': 'WARNING',
  'MAXIMUM_CACHE_MEMORY_PERCENTAGE': 50,
  'MEASURE': 'EMD',
  'MONGODB_CONFIG': { 'collection_name': 'cache',
                      'database_name': 'pyphi',
                      'host': 'localhost',
                      'port': 27017},
  'NUMBER_OF_CORES': -1,
  'PARALLEL_COMPLEX_EVALUATION': False,
  'PARALLEL_CONCEPT_EVALUATION': False,
  'PARALLEL_CUT_EVALUATION': True,
  'PARTITION_TYPE': 'BI',
  'PICK_SMALLEST_PURVIEW': False,
  'PRECISION': 6,
  'PRINT_FRACTIONS': True,
  'PROGRESS_BARS': True,
  'REDIS_CACHE': False,
  'REDIS_CONFIG': {'db': 0, 'host': 'localhost', 'port': 6379, 'test_db': 1},
  'REPR_VERBOSITY': 2,
  'SINGLE_MICRO_NODES_WITH_SELFLOOPS_HAVE_PHI': False,
  'SYSTEM_CUTS': '3.0_STYLE',
  'USE_SMALL_PHI_DIFFERENCE_FOR_CES_DISTANCE': False,
  'VALIDATE_CONDITIONAL_INDEPENDENCE': True,
  'VALIDATE_SUBSYSTEM_STATES': True,
  'WELCOME_OFF': True}
2026-06-13 11:25:56,020 [pyphi.conf] INFO Process-49: PyPhi v1.2.0
2026-06-13 11:25:56,021 [pyphi.conf] INFO Process-49: Loaded configuration from ['C:\\Users\\User\\Documents\\Universidad\\ADA\\proyecto\\analisis-project-20261\\GeoMIP\\src\\Method2_Dynamic_Programming_Reformulation\\pyphi_config.yml']
2026-06-13 11:25:56,022 [pyphi.conf] INFO Process-49: Current PyPhi configuration:
 { 'ASSUME_CUTS_CANNOT_CREATE_NEW_CONCEPTS': False,
  'CACHE_POTENTIAL_PURVIEWS': True,
  'CACHE_REPERTOIRES': True,
  'CACHE_SIAS': False,
  'CACHING_BACKEND': 'fs',
  'CLEAR_SUBSYSTEM_CACHES_AFTER_COMPUTING_SIA': False,
  'CUT_ONE_APPROXIMATION': False,
  'FS_CACHE_DIRECTORY': '__pyphi_cache__',
  'FS_CACHE_VERBOSITY': 0,
  'LOG_FILE': 'pyphi.log',
  'LOG_FILE_LEVEL': 'INFO',
  'LOG_STDOUT_LEVEL': 'WARNING',
  'MAXIMUM_CACHE_MEMORY_PERCENTAGE': 50,
  'MEASURE': 'EMD',
  'MONGODB_CONFIG': { 'collection_name': 'cache',
                      'database_name': 'pyphi',
                      'host': 'localhost',
                      'port': 27017},
  'NUMBER_OF_CORES': -1,
  'PARALLEL_COMPLEX_EVALUATION': False,
  'PARALLEL_CONCEPT_EVALUATION': False,
  'PARALLEL_CUT_EVALUATION': True,
  'PARTITION_TYPE': 'BI',
  'PICK_SMALLEST_PURVIEW': False,
  'PRECISION': 6,
  'PRINT_FRACTIONS': True,
  'PROGRESS_BARS': True,
  'REDIS_CACHE': False,
  'REDIS_CONFIG': {'db': 0, 'host': 'localhost', 'port': 6379, 'test_db': 1},
  'REPR_VERBOSITY': 2,
  'SINGLE_MICRO_NODES_WITH_SELFLOOPS_HAVE_PHI': False,
  'SYSTEM_CUTS': '3.0_STYLE',
  'USE_SMALL_PHI_DIFFERENCE_FOR_CES_DISTANCE': False,
  'VALIDATE_CONDITIONAL_INDEPENDENCE': True,
  'VALIDATE_SUBSYSTEM_STATES': True,
  'WELCOME_OFF': True}
2026-06-13 11:29:37,265 [pyphi.conf] INFO MainProcess: PyPhi v1.2.0
2026-06-13 11:29:37,265 [pyphi.conf] INFO MainProcess: Loaded configuration from ['C:\\Users\\User\\Documents\\Universidad\\ADA\\proyecto\\analisis-project-20261\\GeoMIP\\src\\Method2_Dynamic_Programming_Reformulation\\pyphi_config.yml']
2026-06-13 11:29:37,265 [pyphi.conf] INFO MainProcess: Current PyPhi configuration:
 { 'ASSUME_CUTS_CANNOT_CREATE_NEW_CONCEPTS': False,
  'CACHE_POTENTIAL_PURVIEWS': True,
  'CACHE_REPERTOIRES': True,
  'CACHE_SIAS': False,
  'CACHING_BACKEND': 'fs',
  'CLEAR_SUBSYSTEM_CACHES_AFTER_COMPUTING_SIA': False,
  'CUT_ONE_APPROXIMATION': False,
  'FS_CACHE_DIRECTORY': '__pyphi_cache__',
  'FS_CACHE_VERBOSITY': 0,
  'LOG_FILE': 'pyphi.log',
  'LOG_FILE_LEVEL': 'INFO',
  'LOG_STDOUT_LEVEL': 'WARNING',
  'MAXIMUM_CACHE_MEMORY_PERCENTAGE': 50,
  'MEASURE': 'EMD',
  'MONGODB_CONFIG': { 'collection_name': 'cache',
                      'database_name': 'pyphi',
                      'host': 'localhost',
                      'port': 27017},
  'NUMBER_OF_CORES': -1,
  'PARALLEL_COMPLEX_EVALUATION': False,
  'PARALLEL_CONCEPT_EVALUATION': False,
  'PARALLEL_CUT_EVALUATION': True,
  'PARTITION_TYPE': 'BI',
  'PICK_SMALLEST_PURVIEW': False,
  'PRECISION': 6,
  'PRINT_FRACTIONS': True,
  'PROGRESS_BARS': True,
  'REDIS_CACHE': False,
  'REDIS_CONFIG': {'db': 0, 'host': 'localhost', 'port': 6379, 'test_db': 1},
  'REPR_VERBOSITY': 2,
  'SINGLE_MICRO_NODES_WITH_SELFLOOPS_HAVE_PHI': False,
  'SYSTEM_CUTS': '3.0_STYLE',
  'USE_SMALL_PHI_DIFFERENCE_FOR_CES_DISTANCE': False,
  'VALIDATE_CONDITIONAL_INDEPENDENCE': True,
  'VALIDATE_SUBSYSTEM_STATES': True,
  'WELCOME_OFF': True}
2026-06-13 11:29:38,870 [pyphi.conf] INFO Process-1: PyPhi v1.2.0
2026-06-13 11:29:38,870 [pyphi.conf] INFO Process-1: Loaded configuration from ['C:\\Users\\User\\Documents\\Universidad\\ADA\\proyecto\\analisis-project-20261\\GeoMIP\\src\\Method2_Dynamic_Programming_Reformulation\\pyphi_config.yml']
2026-06-13 11:29:38,870 [pyphi.conf] INFO Process-1: Current PyPhi configuration:
 { 'ASSUME_CUTS_CANNOT_CREATE_NEW_CONCEPTS': False,
  'CACHE_POTENTIAL_PURVIEWS': True,
  'CACHE_REPERTOIRES': True,
  'CACHE_SIAS': False,
  'CACHING_BACKEND': 'fs',
  'CLEAR_SUBSYSTEM_CACHES_AFTER_COMPUTING_SIA': False,
  'CUT_ONE_APPROXIMATION': False,
  'FS_CACHE_DIRECTORY': '__pyphi_cache__',
  'FS_CACHE_VERBOSITY': 0,
  'LOG_FILE': 'pyphi.log',
  'LOG_FILE_LEVEL': 'INFO',
  'LOG_STDOUT_LEVEL': 'WARNING',
  'MAXIMUM_CACHE_MEMORY_PERCENTAGE': 50,
  'MEASURE': 'EMD',
  'MONGODB_CONFIG': { 'collection_name': 'cache',
                      'database_name': 'pyphi',
                      'host': 'localhost',
                      'port': 27017},
  'NUMBER_OF_CORES': -1,
  'PARALLEL_COMPLEX_EVALUATION': False,
  'PARALLEL_CONCEPT_EVALUATION': False,
  'PARALLEL_CUT_EVALUATION': True,
  'PARTITION_TYPE': 'BI',
  'PICK_SMALLEST_PURVIEW': False,
  'PRECISION': 6,
  'PRINT_FRACTIONS': True,
  'PROGRESS_BARS': True,
  'REDIS_CACHE': False,
  'REDIS_CONFIG': {'db': 0, 'host': 'localhost', 'port': 6379, 'test_db': 1},
  'REPR_VERBOSITY': 2,
  'SINGLE_MICRO_NODES_WITH_SELFLOOPS_HAVE_PHI': False,
  'SYSTEM_CUTS': '3.0_STYLE',
  'USE_SMALL_PHI_DIFFERENCE_FOR_CES_DISTANCE': False,
  'VALIDATE_CONDITIONAL_INDEPENDENCE': True,
  'VALIDATE_SUBSYSTEM_STATES': True,
  'WELCOME_OFF': True}
2026-06-13 11:29:40,704 [pyphi.conf] INFO Process-2: PyPhi v1.2.0
2026-06-13 11:29:40,704 [pyphi.conf] INFO Process-2: Loaded configuration from ['C:\\Users\\User\\Documents\\Universidad\\ADA\\proyecto\\analisis-project-20261\\GeoMIP\\src\\Method2_Dynamic_Programming_Reformulation\\pyphi_config.yml']
2026-06-13 11:29:40,704 [pyphi.conf] INFO Process-2: Current PyPhi configuration:
 { 'ASSUME_CUTS_CANNOT_CREATE_NEW_CONCEPTS': False,
  'CACHE_POTENTIAL_PURVIEWS': True,
  'CACHE_REPERTOIRES': True,
  'CACHE_SIAS': False,
  'CACHING_BACKEND': 'fs',
  'CLEAR_SUBSYSTEM_CACHES_AFTER_COMPUTING_SIA': False,
  'CUT_ONE_APPROXIMATION': False,
  'FS_CACHE_DIRECTORY': '__pyphi_cache__',
  'FS_CACHE_VERBOSITY': 0,
  'LOG_FILE': 'pyphi.log',
  'LOG_FILE_LEVEL': 'INFO',
  'LOG_STDOUT_LEVEL': 'WARNING',
  'MAXIMUM_CACHE_MEMORY_PERCENTAGE': 50,
  'MEASURE': 'EMD',
  'MONGODB_CONFIG': { 'collection_name': 'cache',
                      'database_name': 'pyphi',
                      'host': 'localhost',
                      'port': 27017},
  'NUMBER_OF_CORES': -1,
  'PARALLEL_COMPLEX_EVALUATION': False,
  'PARALLEL_CONCEPT_EVALUATION': False,
  'PARALLEL_CUT_EVALUATION': True,
  'PARTITION_TYPE': 'BI',
  'PICK_SMALLEST_PURVIEW': False,
  'PRECISION': 6,
  'PRINT_FRACTIONS': True,
  'PROGRESS_BARS': True,
  'REDIS_CACHE': False,
  'REDIS_CONFIG': {'db': 0, 'host': 'localhost', 'port': 6379, 'test_db': 1},
  'REPR_VERBOSITY': 2,
  'SINGLE_MICRO_NODES_WITH_SELFLOOPS_HAVE_PHI': False,
  'SYSTEM_CUTS': '3.0_STYLE',
  'USE_SMALL_PHI_DIFFERENCE_FOR_CES_DISTANCE': False,
  'VALIDATE_CONDITIONAL_INDEPENDENCE': True,
  'VALIDATE_SUBSYSTEM_STATES': True,
  'WELCOME_OFF': True}
2026-06-13 11:29:42,399 [pyphi.conf] INFO Process-3: PyPhi v1.2.0
2026-06-13 11:29:42,399 [pyphi.conf] INFO Process-3: Loaded configuration from ['C:\\Users\\User\\Documents\\Universidad\\ADA\\proyecto\\analisis-project-20261\\GeoMIP\\src\\Method2_Dynamic_Programming_Reformulation\\pyphi_config.yml']
2026-06-13 11:29:42,399 [pyphi.conf] INFO Process-3: Current PyPhi configuration:
 { 'ASSUME_CUTS_CANNOT_CREATE_NEW_CONCEPTS': False,
  'CACHE_POTENTIAL_PURVIEWS': True,
  'CACHE_REPERTOIRES': True,
  'CACHE_SIAS': False,
  'CACHING_BACKEND': 'fs',
  'CLEAR_SUBSYSTEM_CACHES_AFTER_COMPUTING_SIA': False,
  'CUT_ONE_APPROXIMATION': False,
  'FS_CACHE_DIRECTORY': '__pyphi_cache__',
  'FS_CACHE_VERBOSITY': 0,
  'LOG_FILE': 'pyphi.log',
  'LOG_FILE_LEVEL': 'INFO',
  'LOG_STDOUT_LEVEL': 'WARNING',
  'MAXIMUM_CACHE_MEMORY_PERCENTAGE': 50,
  'MEASURE': 'EMD',
  'MONGODB_CONFIG': { 'collection_name': 'cache',
                      'database_name': 'pyphi',
                      'host': 'localhost',
                      'port': 27017},
  'NUMBER_OF_CORES': -1,
  'PARALLEL_COMPLEX_EVALUATION': False,
  'PARALLEL_CONCEPT_EVALUATION': False,
  'PARALLEL_CUT_EVALUATION': True,
  'PARTITION_TYPE': 'BI',
  'PICK_SMALLEST_PURVIEW': False,
  'PRECISION': 6,
  'PRINT_FRACTIONS': True,
  'PROGRESS_BARS': True,
  'REDIS_CACHE': False,
  'REDIS_CONFIG': {'db': 0, 'host': 'localhost', 'port': 6379, 'test_db': 1},
  'REPR_VERBOSITY': 2,
  'SINGLE_MICRO_NODES_WITH_SELFLOOPS_HAVE_PHI': False,
  'SYSTEM_CUTS': '3.0_STYLE',
  'USE_SMALL_PHI_DIFFERENCE_FOR_CES_DISTANCE': False,
  'VALIDATE_CONDITIONAL_INDEPENDENCE': True,
  'VALIDATE_SUBSYSTEM_STATES': True,
  'WELCOME_OFF': True}
2026-06-13 11:29:44,086 [pyphi.conf] INFO Process-4: PyPhi v1.2.0
2026-06-13 11:29:44,086 [pyphi.conf] INFO Process-4: Loaded configuration from ['C:\\Users\\User\\Documents\\Universidad\\ADA\\proyecto\\analisis-project-20261\\GeoMIP\\src\\Method2_Dynamic_Programming_Reformulation\\pyphi_config.yml']
2026-06-13 11:29:44,086 [pyphi.conf] INFO Process-4: Current PyPhi configuration:
 { 'ASSUME_CUTS_CANNOT_CREATE_NEW_CONCEPTS': False,
  'CACHE_POTENTIAL_PURVIEWS': True,
  'CACHE_REPERTOIRES': True,
  'CACHE_SIAS': False,
  'CACHING_BACKEND': 'fs',
  'CLEAR_SUBSYSTEM_CACHES_AFTER_COMPUTING_SIA': False,
  'CUT_ONE_APPROXIMATION': False,
  'FS_CACHE_DIRECTORY': '__pyphi_cache__',
  'FS_CACHE_VERBOSITY': 0,
  'LOG_FILE': 'pyphi.log',
  'LOG_FILE_LEVEL': 'INFO',
  'LOG_STDOUT_LEVEL': 'WARNING',
  'MAXIMUM_CACHE_MEMORY_PERCENTAGE': 50,
  'MEASURE': 'EMD',
  'MONGODB_CONFIG': { 'collection_name': 'cache',
                      'database_name': 'pyphi',
                      'host': 'localhost',
                      'port': 27017},
  'NUMBER_OF_CORES': -1,
  'PARALLEL_COMPLEX_EVALUATION': False,
  'PARALLEL_CONCEPT_EVALUATION': False,
  'PARALLEL_CUT_EVALUATION': True,
  'PARTITION_TYPE': 'BI',
  'PICK_SMALLEST_PURVIEW': False,
  'PRECISION': 6,
  'PRINT_FRACTIONS': True,
  'PROGRESS_BARS': True,
  'REDIS_CACHE': False,
  'REDIS_CONFIG': {'db': 0, 'host': 'localhost', 'port': 6379, 'test_db': 1},
  'REPR_VERBOSITY': 2,
  'SINGLE_MICRO_NODES_WITH_SELFLOOPS_HAVE_PHI': False,
  'SYSTEM_CUTS': '3.0_STYLE',
  'USE_SMALL_PHI_DIFFERENCE_FOR_CES_DISTANCE': False,
  'VALIDATE_CONDITIONAL_INDEPENDENCE': True,
  'VALIDATE_SUBSYSTEM_STATES': True,
  'WELCOME_OFF': True}
2026-06-13 11:29:45,745 [pyphi.conf] INFO Process-5: PyPhi v1.2.0
2026-06-13 11:29:45,745 [pyphi.conf] INFO Process-5: Loaded configuration from ['C:\\Users\\User\\Documents\\Universidad\\ADA\\proyecto\\analisis-project-20261\\GeoMIP\\src\\Method2_Dynamic_Programming_Reformulation\\pyphi_config.yml']
2026-06-13 11:29:45,745 [pyphi.conf] INFO Process-5: Current PyPhi configuration:
 { 'ASSUME_CUTS_CANNOT_CREATE_NEW_CONCEPTS': False,
  'CACHE_POTENTIAL_PURVIEWS': True,
  'CACHE_REPERTOIRES': True,
  'CACHE_SIAS': False,
  'CACHING_BACKEND': 'fs',
  'CLEAR_SUBSYSTEM_CACHES_AFTER_COMPUTING_SIA': False,
  'CUT_ONE_APPROXIMATION': False,
  'FS_CACHE_DIRECTORY': '__pyphi_cache__',
  'FS_CACHE_VERBOSITY': 0,
  'LOG_FILE': 'pyphi.log',
  'LOG_FILE_LEVEL': 'INFO',
  'LOG_STDOUT_LEVEL': 'WARNING',
  'MAXIMUM_CACHE_MEMORY_PERCENTAGE': 50,
  'MEASURE': 'EMD',
  'MONGODB_CONFIG': { 'collection_name': 'cache',
                      'database_name': 'pyphi',
                      'host': 'localhost',
                      'port': 27017},
  'NUMBER_OF_CORES': -1,
  'PARALLEL_COMPLEX_EVALUATION': False,
  'PARALLEL_CONCEPT_EVALUATION': False,
  'PARALLEL_CUT_EVALUATION': True,
  'PARTITION_TYPE': 'BI',
  'PICK_SMALLEST_PURVIEW': False,
  'PRECISION': 6,
  'PRINT_FRACTIONS': True,
  'PROGRESS_BARS': True,
  'REDIS_CACHE': False,
  'REDIS_CONFIG': {'db': 0, 'host': 'localhost', 'port': 6379, 'test_db': 1},
  'REPR_VERBOSITY': 2,
  'SINGLE_MICRO_NODES_WITH_SELFLOOPS_HAVE_PHI': False,
  'SYSTEM_CUTS': '3.0_STYLE',
  'USE_SMALL_PHI_DIFFERENCE_FOR_CES_DISTANCE': False,
  'VALIDATE_CONDITIONAL_INDEPENDENCE': True,
  'VALIDATE_SUBSYSTEM_STATES': True,
  'WELCOME_OFF': True}
2026-06-13 11:29:47,351 [pyphi.conf] INFO Process-6: PyPhi v1.2.0
2026-06-13 11:29:47,351 [pyphi.conf] INFO Process-6: Loaded configuration from ['C:\\Users\\User\\Documents\\Universidad\\ADA\\proyecto\\analisis-project-20261\\GeoMIP\\src\\Method2_Dynamic_Programming_Reformulation\\pyphi_config.yml']
2026-06-13 11:29:47,351 [pyphi.conf] INFO Process-6: Current PyPhi configuration:
 { 'ASSUME_CUTS_CANNOT_CREATE_NEW_CONCEPTS': False,
  'CACHE_POTENTIAL_PURVIEWS': True,
  'CACHE_REPERTOIRES': True,
  'CACHE_SIAS': False,
  'CACHING_BACKEND': 'fs',
  'CLEAR_SUBSYSTEM_CACHES_AFTER_COMPUTING_SIA': False,
  'CUT_ONE_APPROXIMATION': False,
  'FS_CACHE_DIRECTORY': '__pyphi_cache__',
  'FS_CACHE_VERBOSITY': 0,
  'LOG_FILE': 'pyphi.log',
  'LOG_FILE_LEVEL': 'INFO',
  'LOG_STDOUT_LEVEL': 'WARNING',
  'MAXIMUM_CACHE_MEMORY_PERCENTAGE': 50,
  'MEASURE': 'EMD',
  'MONGODB_CONFIG': { 'collection_name': 'cache',
                      'database_name': 'pyphi',
                      'host': 'localhost',
                      'port': 27017},
  'NUMBER_OF_CORES': -1,
  'PARALLEL_COMPLEX_EVALUATION': False,
  'PARALLEL_CONCEPT_EVALUATION': False,
  'PARALLEL_CUT_EVALUATION': True,
  'PARTITION_TYPE': 'BI',
  'PICK_SMALLEST_PURVIEW': False,
  'PRECISION': 6,
  'PRINT_FRACTIONS': True,
  'PROGRESS_BARS': True,
  'REDIS_CACHE': False,
  'REDIS_CONFIG': {'db': 0, 'host': 'localhost', 'port': 6379, 'test_db': 1},
  'REPR_VERBOSITY': 2,
  'SINGLE_MICRO_NODES_WITH_SELFLOOPS_HAVE_PHI': False,
  'SYSTEM_CUTS': '3.0_STYLE',
  'USE_SMALL_PHI_DIFFERENCE_FOR_CES_DISTANCE': False,
  'VALIDATE_CONDITIONAL_INDEPENDENCE': True,
  'VALIDATE_SUBSYSTEM_STATES': True,
  'WELCOME_OFF': True}
2026-06-13 11:29:48,883 [pyphi.conf] INFO Process-7: PyPhi v1.2.0
2026-06-13 11:29:48,883 [pyphi.conf] INFO Process-7: Loaded configuration from ['C:\\Users\\User\\Documents\\Universidad\\ADA\\proyecto\\analisis-project-20261\\GeoMIP\\src\\Method2_Dynamic_Programming_Reformulation\\pyphi_config.yml']
2026-06-13 11:29:48,883 [pyphi.conf] INFO Process-7: Current PyPhi configuration:
 { 'ASSUME_CUTS_CANNOT_CREATE_NEW_CONCEPTS': False,
  'CACHE_POTENTIAL_PURVIEWS': True,
  'CACHE_REPERTOIRES': True,
  'CACHE_SIAS': False,
  'CACHING_BACKEND': 'fs',
  'CLEAR_SUBSYSTEM_CACHES_AFTER_COMPUTING_SIA': False,
  'CUT_ONE_APPROXIMATION': False,
  'FS_CACHE_DIRECTORY': '__pyphi_cache__',
  'FS_CACHE_VERBOSITY': 0,
  'LOG_FILE': 'pyphi.log',
  'LOG_FILE_LEVEL': 'INFO',
  'LOG_STDOUT_LEVEL': 'WARNING',
  'MAXIMUM_CACHE_MEMORY_PERCENTAGE': 50,
  'MEASURE': 'EMD',
  'MONGODB_CONFIG': { 'collection_name': 'cache',
                      'database_name': 'pyphi',
                      'host': 'localhost',
                      'port': 27017},
  'NUMBER_OF_CORES': -1,
  'PARALLEL_COMPLEX_EVALUATION': False,
  'PARALLEL_CONCEPT_EVALUATION': False,
  'PARALLEL_CUT_EVALUATION': True,
  'PARTITION_TYPE': 'BI',
  'PICK_SMALLEST_PURVIEW': False,
  'PRECISION': 6,
  'PRINT_FRACTIONS': True,
  'PROGRESS_BARS': True,
  'REDIS_CACHE': False,
  'REDIS_CONFIG': {'db': 0, 'host': 'localhost', 'port': 6379, 'test_db': 1},
  'REPR_VERBOSITY': 2,
  'SINGLE_MICRO_NODES_WITH_SELFLOOPS_HAVE_PHI': False,
  'SYSTEM_CUTS': '3.0_STYLE',
  'USE_SMALL_PHI_DIFFERENCE_FOR_CES_DISTANCE': False,
  'VALIDATE_CONDITIONAL_INDEPENDENCE': True,
  'VALIDATE_SUBSYSTEM_STATES': True,
  'WELCOME_OFF': True}
2026-06-13 11:29:50,438 [pyphi.conf] INFO Process-8: PyPhi v1.2.0
2026-06-13 11:29:50,438 [pyphi.conf] INFO Process-8: Loaded configuration from ['C:\\Users\\User\\Documents\\Universidad\\ADA\\proyecto\\analisis-project-20261\\GeoMIP\\src\\Method2_Dynamic_Programming_Reformulation\\pyphi_config.yml']
2026-06-13 11:29:50,438 [pyphi.conf] INFO Process-8: Current PyPhi configuration:
 { 'ASSUME_CUTS_CANNOT_CREATE_NEW_CONCEPTS': False,
  'CACHE_POTENTIAL_PURVIEWS': True,
  'CACHE_REPERTOIRES': True,
  'CACHE_SIAS': False,
  'CACHING_BACKEND': 'fs',
  'CLEAR_SUBSYSTEM_CACHES_AFTER_COMPUTING_SIA': False,
  'CUT_ONE_APPROXIMATION': False,
  'FS_CACHE_DIRECTORY': '__pyphi_cache__',
  'FS_CACHE_VERBOSITY': 0,
  'LOG_FILE': 'pyphi.log',
  'LOG_FILE_LEVEL': 'INFO',
  'LOG_STDOUT_LEVEL': 'WARNING',
  'MAXIMUM_CACHE_MEMORY_PERCENTAGE': 50,
  'MEASURE': 'EMD',
  'MONGODB_CONFIG': { 'collection_name': 'cache',
                      'database_name': 'pyphi',
                      'host': 'localhost',
                      'port': 27017},
  'NUMBER_OF_CORES': -1,
  'PARALLEL_COMPLEX_EVALUATION': False,
  'PARALLEL_CONCEPT_EVALUATION': False,
  'PARALLEL_CUT_EVALUATION': True,
  'PARTITION_TYPE': 'BI',
  'PICK_SMALLEST_PURVIEW': False,
  'PRECISION': 6,
  'PRINT_FRACTIONS': True,
  'PROGRESS_BARS': True,
  'REDIS_CACHE': False,
  'REDIS_CONFIG': {'db': 0, 'host': 'localhost', 'port': 6379, 'test_db': 1},
  'REPR_VERBOSITY': 2,
  'SINGLE_MICRO_NODES_WITH_SELFLOOPS_HAVE_PHI': False,
  'SYSTEM_CUTS': '3.0_STYLE',
  'USE_SMALL_PHI_DIFFERENCE_FOR_CES_DISTANCE': False,
  'VALIDATE_CONDITIONAL_INDEPENDENCE': True,
  'VALIDATE_SUBSYSTEM_STATES': True,
  'WELCOME_OFF': True}
2026-06-13 11:29:52,168 [pyphi.conf] INFO Process-9: PyPhi v1.2.0
2026-06-13 11:29:52,168 [pyphi.conf] INFO Process-9: Loaded configuration from ['C:\\Users\\User\\Documents\\Universidad\\ADA\\proyecto\\analisis-project-20261\\GeoMIP\\src\\Method2_Dynamic_Programming_Reformulation\\pyphi_config.yml']
2026-06-13 11:29:52,168 [pyphi.conf] INFO Process-9: Current PyPhi configuration:
 { 'ASSUME_CUTS_CANNOT_CREATE_NEW_CONCEPTS': False,
  'CACHE_POTENTIAL_PURVIEWS': True,
  'CACHE_REPERTOIRES': True,
  'CACHE_SIAS': False,
  'CACHING_BACKEND': 'fs',
  'CLEAR_SUBSYSTEM_CACHES_AFTER_COMPUTING_SIA': False,
  'CUT_ONE_APPROXIMATION': False,
  'FS_CACHE_DIRECTORY': '__pyphi_cache__',
  'FS_CACHE_VERBOSITY': 0,
  'LOG_FILE': 'pyphi.log',
  'LOG_FILE_LEVEL': 'INFO',
  'LOG_STDOUT_LEVEL': 'WARNING',
  'MAXIMUM_CACHE_MEMORY_PERCENTAGE': 50,
  'MEASURE': 'EMD',
  'MONGODB_CONFIG': { 'collection_name': 'cache',
                      'database_name': 'pyphi',
                      'host': 'localhost',
                      'port': 27017},
  'NUMBER_OF_CORES': -1,
  'PARALLEL_COMPLEX_EVALUATION': False,
  'PARALLEL_CONCEPT_EVALUATION': False,
  'PARALLEL_CUT_EVALUATION': True,
  'PARTITION_TYPE': 'BI',
  'PICK_SMALLEST_PURVIEW': False,
  'PRECISION': 6,
  'PRINT_FRACTIONS': True,
  'PROGRESS_BARS': True,
  'REDIS_CACHE': False,
  'REDIS_CONFIG': {'db': 0, 'host': 'localhost', 'port': 6379, 'test_db': 1},
  'REPR_VERBOSITY': 2,
  'SINGLE_MICRO_NODES_WITH_SELFLOOPS_HAVE_PHI': False,
  'SYSTEM_CUTS': '3.0_STYLE',
  'USE_SMALL_PHI_DIFFERENCE_FOR_CES_DISTANCE': False,
  'VALIDATE_CONDITIONAL_INDEPENDENCE': True,
  'VALIDATE_SUBSYSTEM_STATES': True,
  'WELCOME_OFF': True}
2026-06-13 11:29:53,938 [pyphi.conf] INFO Process-10: PyPhi v1.2.0
2026-06-13 11:29:53,938 [pyphi.conf] INFO Process-10: Loaded configuration from ['C:\\Users\\User\\Documents\\Universidad\\ADA\\proyecto\\analisis-project-20261\\GeoMIP\\src\\Method2_Dynamic_Programming_Reformulation\\pyphi_config.yml']
2026-06-13 11:29:53,938 [pyphi.conf] INFO Process-10: Current PyPhi configuration:
 { 'ASSUME_CUTS_CANNOT_CREATE_NEW_CONCEPTS': False,
  'CACHE_POTENTIAL_PURVIEWS': True,
  'CACHE_REPERTOIRES': True,
  'CACHE_SIAS': False,
  'CACHING_BACKEND': 'fs',
  'CLEAR_SUBSYSTEM_CACHES_AFTER_COMPUTING_SIA': False,
  'CUT_ONE_APPROXIMATION': False,
  'FS_CACHE_DIRECTORY': '__pyphi_cache__',
  'FS_CACHE_VERBOSITY': 0,
  'LOG_FILE': 'pyphi.log',
  'LOG_FILE_LEVEL': 'INFO',
  'LOG_STDOUT_LEVEL': 'WARNING',
  'MAXIMUM_CACHE_MEMORY_PERCENTAGE': 50,
  'MEASURE': 'EMD',
  'MONGODB_CONFIG': { 'collection_name': 'cache',
                      'database_name': 'pyphi',
                      'host': 'localhost',
                      'port': 27017},
  'NUMBER_OF_CORES': -1,
  'PARALLEL_COMPLEX_EVALUATION': False,
  'PARALLEL_CONCEPT_EVALUATION': False,
  'PARALLEL_CUT_EVALUATION': True,
  'PARTITION_TYPE': 'BI',
  'PICK_SMALLEST_PURVIEW': False,
  'PRECISION': 6,
  'PRINT_FRACTIONS': True,
  'PROGRESS_BARS': True,
  'REDIS_CACHE': False,
  'REDIS_CONFIG': {'db': 0, 'host': 'localhost', 'port': 6379, 'test_db': 1},
  'REPR_VERBOSITY': 2,
  'SINGLE_MICRO_NODES_WITH_SELFLOOPS_HAVE_PHI': False,
  'SYSTEM_CUTS': '3.0_STYLE',
  'USE_SMALL_PHI_DIFFERENCE_FOR_CES_DISTANCE': False,
  'VALIDATE_CONDITIONAL_INDEPENDENCE': True,
  'VALIDATE_SUBSYSTEM_STATES': True,
  'WELCOME_OFF': True}
2026-06-13 11:29:55,713 [pyphi.conf] INFO Process-11: PyPhi v1.2.0
2026-06-13 11:29:55,713 [pyphi.conf] INFO Process-11: Loaded configuration from ['C:\\Users\\User\\Documents\\Universidad\\ADA\\proyecto\\analisis-project-20261\\GeoMIP\\src\\Method2_Dynamic_Programming_Reformulation\\pyphi_config.yml']
2026-06-13 11:29:55,713 [pyphi.conf] INFO Process-11: Current PyPhi configuration:
 { 'ASSUME_CUTS_CANNOT_CREATE_NEW_CONCEPTS': False,
  'CACHE_POTENTIAL_PURVIEWS': True,
  'CACHE_REPERTOIRES': True,
  'CACHE_SIAS': False,
  'CACHING_BACKEND': 'fs',
  'CLEAR_SUBSYSTEM_CACHES_AFTER_COMPUTING_SIA': False,
  'CUT_ONE_APPROXIMATION': False,
  'FS_CACHE_DIRECTORY': '__pyphi_cache__',
  'FS_CACHE_VERBOSITY': 0,
  'LOG_FILE': 'pyphi.log',
  'LOG_FILE_LEVEL': 'INFO',
  'LOG_STDOUT_LEVEL': 'WARNING',
  'MAXIMUM_CACHE_MEMORY_PERCENTAGE': 50,
  'MEASURE': 'EMD',
  'MONGODB_CONFIG': { 'collection_name': 'cache',
                      'database_name': 'pyphi',
                      'host': 'localhost',
                      'port': 27017},
  'NUMBER_OF_CORES': -1,
  'PARALLEL_COMPLEX_EVALUATION': False,
  'PARALLEL_CONCEPT_EVALUATION': False,
  'PARALLEL_CUT_EVALUATION': True,
  'PARTITION_TYPE': 'BI',
  'PICK_SMALLEST_PURVIEW': False,
  'PRECISION': 6,
  'PRINT_FRACTIONS': True,
  'PROGRESS_BARS': True,
  'REDIS_CACHE': False,
  'REDIS_CONFIG': {'db': 0, 'host': 'localhost', 'port': 6379, 'test_db': 1},
  'REPR_VERBOSITY': 2,
  'SINGLE_MICRO_NODES_WITH_SELFLOOPS_HAVE_PHI': False,
  'SYSTEM_CUTS': '3.0_STYLE',
  'USE_SMALL_PHI_DIFFERENCE_FOR_CES_DISTANCE': False,
  'VALIDATE_CONDITIONAL_INDEPENDENCE': True,
  'VALIDATE_SUBSYSTEM_STATES': True,
  'WELCOME_OFF': True}
2026-06-13 11:29:57,372 [pyphi.conf] INFO Process-12: PyPhi v1.2.0
2026-06-13 11:29:57,372 [pyphi.conf] INFO Process-12: Loaded configuration from ['C:\\Users\\User\\Documents\\Universidad\\ADA\\proyecto\\analisis-project-20261\\GeoMIP\\src\\Method2_Dynamic_Programming_Reformulation\\pyphi_config.yml']
2026-06-13 11:29:57,372 [pyphi.conf] INFO Process-12: Current PyPhi configuration:
 { 'ASSUME_CUTS_CANNOT_CREATE_NEW_CONCEPTS': False,
  'CACHE_POTENTIAL_PURVIEWS': True,
  'CACHE_REPERTOIRES': True,
  'CACHE_SIAS': False,
  'CACHING_BACKEND': 'fs',
  'CLEAR_SUBSYSTEM_CACHES_AFTER_COMPUTING_SIA': False,
  'CUT_ONE_APPROXIMATION': False,
  'FS_CACHE_DIRECTORY': '__pyphi_cache__',
  'FS_CACHE_VERBOSITY': 0,
  'LOG_FILE': 'pyphi.log',
  'LOG_FILE_LEVEL': 'INFO',
  'LOG_STDOUT_LEVEL': 'WARNING',
  'MAXIMUM_CACHE_MEMORY_PERCENTAGE': 50,
  'MEASURE': 'EMD',
  'MONGODB_CONFIG': { 'collection_name': 'cache',
                      'database_name': 'pyphi',
                      'host': 'localhost',
                      'port': 27017},
  'NUMBER_OF_CORES': -1,
  'PARALLEL_COMPLEX_EVALUATION': False,
  'PARALLEL_CONCEPT_EVALUATION': False,
  'PARALLEL_CUT_EVALUATION': True,
  'PARTITION_TYPE': 'BI',
  'PICK_SMALLEST_PURVIEW': False,
  'PRECISION': 6,
  'PRINT_FRACTIONS': True,
  'PROGRESS_BARS': True,
  'REDIS_CACHE': False,
  'REDIS_CONFIG': {'db': 0, 'host': 'localhost', 'port': 6379, 'test_db': 1},
  'REPR_VERBOSITY': 2,
  'SINGLE_MICRO_NODES_WITH_SELFLOOPS_HAVE_PHI': False,
  'SYSTEM_CUTS': '3.0_STYLE',
  'USE_SMALL_PHI_DIFFERENCE_FOR_CES_DISTANCE': False,
  'VALIDATE_CONDITIONAL_INDEPENDENCE': True,
  'VALIDATE_SUBSYSTEM_STATES': True,
  'WELCOME_OFF': True}
2026-06-13 11:29:58,957 [pyphi.conf] INFO Process-13: PyPhi v1.2.0
2026-06-13 11:29:58,957 [pyphi.conf] INFO Process-13: Loaded configuration from ['C:\\Users\\User\\Documents\\Universidad\\ADA\\proyecto\\analisis-project-20261\\GeoMIP\\src\\Method2_Dynamic_Programming_Reformulation\\pyphi_config.yml']
2026-06-13 11:29:58,957 [pyphi.conf] INFO Process-13: Current PyPhi configuration:
 { 'ASSUME_CUTS_CANNOT_CREATE_NEW_CONCEPTS': False,
  'CACHE_POTENTIAL_PURVIEWS': True,
  'CACHE_REPERTOIRES': True,
  'CACHE_SIAS': False,
  'CACHING_BACKEND': 'fs',
  'CLEAR_SUBSYSTEM_CACHES_AFTER_COMPUTING_SIA': False,
  'CUT_ONE_APPROXIMATION': False,
  'FS_CACHE_DIRECTORY': '__pyphi_cache__',
  'FS_CACHE_VERBOSITY': 0,
  'LOG_FILE': 'pyphi.log',
  'LOG_FILE_LEVEL': 'INFO',
  'LOG_STDOUT_LEVEL': 'WARNING',
  'MAXIMUM_CACHE_MEMORY_PERCENTAGE': 50,
  'MEASURE': 'EMD',
  'MONGODB_CONFIG': { 'collection_name': 'cache',
                      'database_name': 'pyphi',
                      'host': 'localhost',
                      'port': 27017},
  'NUMBER_OF_CORES': -1,
  'PARALLEL_COMPLEX_EVALUATION': False,
  'PARALLEL_CONCEPT_EVALUATION': False,
  'PARALLEL_CUT_EVALUATION': True,
  'PARTITION_TYPE': 'BI',
  'PICK_SMALLEST_PURVIEW': False,
  'PRECISION': 6,
  'PRINT_FRACTIONS': True,
  'PROGRESS_BARS': True,
  'REDIS_CACHE': False,
  'REDIS_CONFIG': {'db': 0, 'host': 'localhost', 'port': 6379, 'test_db': 1},
  'REPR_VERBOSITY': 2,
  'SINGLE_MICRO_NODES_WITH_SELFLOOPS_HAVE_PHI': False,
  'SYSTEM_CUTS': '3.0_STYLE',
  'USE_SMALL_PHI_DIFFERENCE_FOR_CES_DISTANCE': False,
  'VALIDATE_CONDITIONAL_INDEPENDENCE': True,
  'VALIDATE_SUBSYSTEM_STATES': True,
  'WELCOME_OFF': True}
2026-06-13 11:30:00,499 [pyphi.conf] INFO Process-14: PyPhi v1.2.0
2026-06-13 11:30:00,499 [pyphi.conf] INFO Process-14: Loaded configuration from ['C:\\Users\\User\\Documents\\Universidad\\ADA\\proyecto\\analisis-project-20261\\GeoMIP\\src\\Method2_Dynamic_Programming_Reformulation\\pyphi_config.yml']
2026-06-13 11:30:00,499 [pyphi.conf] INFO Process-14: Current PyPhi configuration:
 { 'ASSUME_CUTS_CANNOT_CREATE_NEW_CONCEPTS': False,
  'CACHE_POTENTIAL_PURVIEWS': True,
  'CACHE_REPERTOIRES': True,
  'CACHE_SIAS': False,
  'CACHING_BACKEND': 'fs',
  'CLEAR_SUBSYSTEM_CACHES_AFTER_COMPUTING_SIA': False,
  'CUT_ONE_APPROXIMATION': False,
  'FS_CACHE_DIRECTORY': '__pyphi_cache__',
  'FS_CACHE_VERBOSITY': 0,
  'LOG_FILE': 'pyphi.log',
  'LOG_FILE_LEVEL': 'INFO',
  'LOG_STDOUT_LEVEL': 'WARNING',
  'MAXIMUM_CACHE_MEMORY_PERCENTAGE': 50,
  'MEASURE': 'EMD',
  'MONGODB_CONFIG': { 'collection_name': 'cache',
                      'database_name': 'pyphi',
                      'host': 'localhost',
                      'port': 27017},
  'NUMBER_OF_CORES': -1,
  'PARALLEL_COMPLEX_EVALUATION': False,
  'PARALLEL_CONCEPT_EVALUATION': False,
  'PARALLEL_CUT_EVALUATION': True,
  'PARTITION_TYPE': 'BI',
  'PICK_SMALLEST_PURVIEW': False,
  'PRECISION': 6,
  'PRINT_FRACTIONS': True,
  'PROGRESS_BARS': True,
  'REDIS_CACHE': False,
  'REDIS_CONFIG': {'db': 0, 'host': 'localhost', 'port': 6379, 'test_db': 1},
  'REPR_VERBOSITY': 2,
  'SINGLE_MICRO_NODES_WITH_SELFLOOPS_HAVE_PHI': False,
  'SYSTEM_CUTS': '3.0_STYLE',
  'USE_SMALL_PHI_DIFFERENCE_FOR_CES_DISTANCE': False,
  'VALIDATE_CONDITIONAL_INDEPENDENCE': True,
  'VALIDATE_SUBSYSTEM_STATES': True,
  'WELCOME_OFF': True}
2026-06-13 11:30:02,063 [pyphi.conf] INFO Process-15: PyPhi v1.2.0
2026-06-13 11:30:02,063 [pyphi.conf] INFO Process-15: Loaded configuration from ['C:\\Users\\User\\Documents\\Universidad\\ADA\\proyecto\\analisis-project-20261\\GeoMIP\\src\\Method2_Dynamic_Programming_Reformulation\\pyphi_config.yml']
2026-06-13 11:30:02,063 [pyphi.conf] INFO Process-15: Current PyPhi configuration:
 { 'ASSUME_CUTS_CANNOT_CREATE_NEW_CONCEPTS': False,
  'CACHE_POTENTIAL_PURVIEWS': True,
  'CACHE_REPERTOIRES': True,
  'CACHE_SIAS': False,
  'CACHING_BACKEND': 'fs',
  'CLEAR_SUBSYSTEM_CACHES_AFTER_COMPUTING_SIA': False,
  'CUT_ONE_APPROXIMATION': False,
  'FS_CACHE_DIRECTORY': '__pyphi_cache__',
  'FS_CACHE_VERBOSITY': 0,
  'LOG_FILE': 'pyphi.log',
  'LOG_FILE_LEVEL': 'INFO',
  'LOG_STDOUT_LEVEL': 'WARNING',
  'MAXIMUM_CACHE_MEMORY_PERCENTAGE': 50,
  'MEASURE': 'EMD',
  'MONGODB_CONFIG': { 'collection_name': 'cache',
                      'database_name': 'pyphi',
                      'host': 'localhost',
                      'port': 27017},
  'NUMBER_OF_CORES': -1,
  'PARALLEL_COMPLEX_EVALUATION': False,
  'PARALLEL_CONCEPT_EVALUATION': False,
  'PARALLEL_CUT_EVALUATION': True,
  'PARTITION_TYPE': 'BI',
  'PICK_SMALLEST_PURVIEW': False,
  'PRECISION': 6,
  'PRINT_FRACTIONS': True,
  'PROGRESS_BARS': True,
  'REDIS_CACHE': False,
  'REDIS_CONFIG': {'db': 0, 'host': 'localhost', 'port': 6379, 'test_db': 1},
  'REPR_VERBOSITY': 2,
  'SINGLE_MICRO_NODES_WITH_SELFLOOPS_HAVE_PHI': False,
  'SYSTEM_CUTS': '3.0_STYLE',
  'USE_SMALL_PHI_DIFFERENCE_FOR_CES_DISTANCE': False,
  'VALIDATE_CONDITIONAL_INDEPENDENCE': True,
  'VALIDATE_SUBSYSTEM_STATES': True,
  'WELCOME_OFF': True}
2026-06-13 11:30:03,717 [pyphi.conf] INFO Process-16: PyPhi v1.2.0
2026-06-13 11:30:03,717 [pyphi.conf] INFO Process-16: Loaded configuration from ['C:\\Users\\User\\Documents\\Universidad\\ADA\\proyecto\\analisis-project-20261\\GeoMIP\\src\\Method2_Dynamic_Programming_Reformulation\\pyphi_config.yml']
2026-06-13 11:30:03,717 [pyphi.conf] INFO Process-16: Current PyPhi configuration:
 { 'ASSUME_CUTS_CANNOT_CREATE_NEW_CONCEPTS': False,
  'CACHE_POTENTIAL_PURVIEWS': True,
  'CACHE_REPERTOIRES': True,
  'CACHE_SIAS': False,
  'CACHING_BACKEND': 'fs',
  'CLEAR_SUBSYSTEM_CACHES_AFTER_COMPUTING_SIA': False,
  'CUT_ONE_APPROXIMATION': False,
  'FS_CACHE_DIRECTORY': '__pyphi_cache__',
  'FS_CACHE_VERBOSITY': 0,
  'LOG_FILE': 'pyphi.log',
  'LOG_FILE_LEVEL': 'INFO',
  'LOG_STDOUT_LEVEL': 'WARNING',
  'MAXIMUM_CACHE_MEMORY_PERCENTAGE': 50,
  'MEASURE': 'EMD',
  'MONGODB_CONFIG': { 'collection_name': 'cache',
                      'database_name': 'pyphi',
                      'host': 'localhost',
                      'port': 27017},
  'NUMBER_OF_CORES': -1,
  'PARALLEL_COMPLEX_EVALUATION': False,
  'PARALLEL_CONCEPT_EVALUATION': False,
  'PARALLEL_CUT_EVALUATION': True,
  'PARTITION_TYPE': 'BI',
  'PICK_SMALLEST_PURVIEW': False,
  'PRECISION': 6,
  'PRINT_FRACTIONS': True,
  'PROGRESS_BARS': True,
  'REDIS_CACHE': False,
  'REDIS_CONFIG': {'db': 0, 'host': 'localhost', 'port': 6379, 'test_db': 1},
  'REPR_VERBOSITY': 2,
  'SINGLE_MICRO_NODES_WITH_SELFLOOPS_HAVE_PHI': False,
  'SYSTEM_CUTS': '3.0_STYLE',
  'USE_SMALL_PHI_DIFFERENCE_FOR_CES_DISTANCE': False,
  'VALIDATE_CONDITIONAL_INDEPENDENCE': True,
  'VALIDATE_SUBSYSTEM_STATES': True,
  'WELCOME_OFF': True}
2026-06-13 11:30:05,450 [pyphi.conf] INFO Process-17: PyPhi v1.2.0
2026-06-13 11:30:05,450 [pyphi.conf] INFO Process-17: Loaded configuration from ['C:\\Users\\User\\Documents\\Universidad\\ADA\\proyecto\\analisis-project-20261\\GeoMIP\\src\\Method2_Dynamic_Programming_Reformulation\\pyphi_config.yml']
2026-06-13 11:30:05,450 [pyphi.conf] INFO Process-17: Current PyPhi configuration:
 { 'ASSUME_CUTS_CANNOT_CREATE_NEW_CONCEPTS': False,
  'CACHE_POTENTIAL_PURVIEWS': True,
  'CACHE_REPERTOIRES': True,
  'CACHE_SIAS': False,
  'CACHING_BACKEND': 'fs',
  'CLEAR_SUBSYSTEM_CACHES_AFTER_COMPUTING_SIA': False,
  'CUT_ONE_APPROXIMATION': False,
  'FS_CACHE_DIRECTORY': '__pyphi_cache__',
  'FS_CACHE_VERBOSITY': 0,
  'LOG_FILE': 'pyphi.log',
  'LOG_FILE_LEVEL': 'INFO',
  'LOG_STDOUT_LEVEL': 'WARNING',
  'MAXIMUM_CACHE_MEMORY_PERCENTAGE': 50,
  'MEASURE': 'EMD',
  'MONGODB_CONFIG': { 'collection_name': 'cache',
                      'database_name': 'pyphi',
                      'host': 'localhost',
                      'port': 27017},
  'NUMBER_OF_CORES': -1,
  'PARALLEL_COMPLEX_EVALUATION': False,
  'PARALLEL_CONCEPT_EVALUATION': False,
  'PARALLEL_CUT_EVALUATION': True,
  'PARTITION_TYPE': 'BI',
  'PICK_SMALLEST_PURVIEW': False,
  'PRECISION': 6,
  'PRINT_FRACTIONS': True,
  'PROGRESS_BARS': True,
  'REDIS_CACHE': False,
  'REDIS_CONFIG': {'db': 0, 'host': 'localhost', 'port': 6379, 'test_db': 1},
  'REPR_VERBOSITY': 2,
  'SINGLE_MICRO_NODES_WITH_SELFLOOPS_HAVE_PHI': False,
  'SYSTEM_CUTS': '3.0_STYLE',
  'USE_SMALL_PHI_DIFFERENCE_FOR_CES_DISTANCE': False,
  'VALIDATE_CONDITIONAL_INDEPENDENCE': True,
  'VALIDATE_SUBSYSTEM_STATES': True,
  'WELCOME_OFF': True}
2026-06-13 11:30:07,233 [pyphi.conf] INFO Process-18: PyPhi v1.2.0
2026-06-13 11:30:07,233 [pyphi.conf] INFO Process-18: Loaded configuration from ['C:\\Users\\User\\Documents\\Universidad\\ADA\\proyecto\\analisis-project-20261\\GeoMIP\\src\\Method2_Dynamic_Programming_Reformulation\\pyphi_config.yml']
2026-06-13 11:30:07,233 [pyphi.conf] INFO Process-18: Current PyPhi configuration:
 { 'ASSUME_CUTS_CANNOT_CREATE_NEW_CONCEPTS': False,
  'CACHE_POTENTIAL_PURVIEWS': True,
  'CACHE_REPERTOIRES': True,
  'CACHE_SIAS': False,
  'CACHING_BACKEND': 'fs',
  'CLEAR_SUBSYSTEM_CACHES_AFTER_COMPUTING_SIA': False,
  'CUT_ONE_APPROXIMATION': False,
  'FS_CACHE_DIRECTORY': '__pyphi_cache__',
  'FS_CACHE_VERBOSITY': 0,
  'LOG_FILE': 'pyphi.log',
  'LOG_FILE_LEVEL': 'INFO',
  'LOG_STDOUT_LEVEL': 'WARNING',
  'MAXIMUM_CACHE_MEMORY_PERCENTAGE': 50,
  'MEASURE': 'EMD',
  'MONGODB_CONFIG': { 'collection_name': 'cache',
                      'database_name': 'pyphi',
                      'host': 'localhost',
                      'port': 27017},
  'NUMBER_OF_CORES': -1,
  'PARALLEL_COMPLEX_EVALUATION': False,
  'PARALLEL_CONCEPT_EVALUATION': False,
  'PARALLEL_CUT_EVALUATION': True,
  'PARTITION_TYPE': 'BI',
  'PICK_SMALLEST_PURVIEW': False,
  'PRECISION': 6,
  'PRINT_FRACTIONS': True,
  'PROGRESS_BARS': True,
  'REDIS_CACHE': False,
  'REDIS_CONFIG': {'db': 0, 'host': 'localhost', 'port': 6379, 'test_db': 1},
  'REPR_VERBOSITY': 2,
  'SINGLE_MICRO_NODES_WITH_SELFLOOPS_HAVE_PHI': False,
  'SYSTEM_CUTS': '3.0_STYLE',
  'USE_SMALL_PHI_DIFFERENCE_FOR_CES_DISTANCE': False,
  'VALIDATE_CONDITIONAL_INDEPENDENCE': True,
  'VALIDATE_SUBSYSTEM_STATES': True,
  'WELCOME_OFF': True}
2026-06-13 11:30:08,863 [pyphi.conf] INFO Process-19: PyPhi v1.2.0
2026-06-13 11:30:08,863 [pyphi.conf] INFO Process-19: Loaded configuration from ['C:\\Users\\User\\Documents\\Universidad\\ADA\\proyecto\\analisis-project-20261\\GeoMIP\\src\\Method2_Dynamic_Programming_Reformulation\\pyphi_config.yml']
2026-06-13 11:30:08,863 [pyphi.conf] INFO Process-19: Current PyPhi configuration:
 { 'ASSUME_CUTS_CANNOT_CREATE_NEW_CONCEPTS': False,
  'CACHE_POTENTIAL_PURVIEWS': True,
  'CACHE_REPERTOIRES': True,
  'CACHE_SIAS': False,
  'CACHING_BACKEND': 'fs',
  'CLEAR_SUBSYSTEM_CACHES_AFTER_COMPUTING_SIA': False,
  'CUT_ONE_APPROXIMATION': False,
  'FS_CACHE_DIRECTORY': '__pyphi_cache__',
  'FS_CACHE_VERBOSITY': 0,
  'LOG_FILE': 'pyphi.log',
  'LOG_FILE_LEVEL': 'INFO',
  'LOG_STDOUT_LEVEL': 'WARNING',
  'MAXIMUM_CACHE_MEMORY_PERCENTAGE': 50,
  'MEASURE': 'EMD',
  'MONGODB_CONFIG': { 'collection_name': 'cache',
                      'database_name': 'pyphi',
                      'host': 'localhost',
                      'port': 27017},
  'NUMBER_OF_CORES': -1,
  'PARALLEL_COMPLEX_EVALUATION': False,
  'PARALLEL_CONCEPT_EVALUATION': False,
  'PARALLEL_CUT_EVALUATION': True,
  'PARTITION_TYPE': 'BI',
  'PICK_SMALLEST_PURVIEW': False,
  'PRECISION': 6,
  'PRINT_FRACTIONS': True,
  'PROGRESS_BARS': True,
  'REDIS_CACHE': False,
  'REDIS_CONFIG': {'db': 0, 'host': 'localhost', 'port': 6379, 'test_db': 1},
  'REPR_VERBOSITY': 2,
  'SINGLE_MICRO_NODES_WITH_SELFLOOPS_HAVE_PHI': False,
  'SYSTEM_CUTS': '3.0_STYLE',
  'USE_SMALL_PHI_DIFFERENCE_FOR_CES_DISTANCE': False,
  'VALIDATE_CONDITIONAL_INDEPENDENCE': True,
  'VALIDATE_SUBSYSTEM_STATES': True,
  'WELCOME_OFF': True}
2026-06-13 11:30:10,433 [pyphi.conf] INFO Process-20: PyPhi v1.2.0
2026-06-13 11:30:10,433 [pyphi.conf] INFO Process-20: Loaded configuration from ['C:\\Users\\User\\Documents\\Universidad\\ADA\\proyecto\\analisis-project-20261\\GeoMIP\\src\\Method2_Dynamic_Programming_Reformulation\\pyphi_config.yml']
2026-06-13 11:30:10,433 [pyphi.conf] INFO Process-20: Current PyPhi configuration:
 { 'ASSUME_CUTS_CANNOT_CREATE_NEW_CONCEPTS': False,
  'CACHE_POTENTIAL_PURVIEWS': True,
  'CACHE_REPERTOIRES': True,
  'CACHE_SIAS': False,
  'CACHING_BACKEND': 'fs',
  'CLEAR_SUBSYSTEM_CACHES_AFTER_COMPUTING_SIA': False,
  'CUT_ONE_APPROXIMATION': False,
  'FS_CACHE_DIRECTORY': '__pyphi_cache__',
  'FS_CACHE_VERBOSITY': 0,
  'LOG_FILE': 'pyphi.log',
  'LOG_FILE_LEVEL': 'INFO',
  'LOG_STDOUT_LEVEL': 'WARNING',
  'MAXIMUM_CACHE_MEMORY_PERCENTAGE': 50,
  'MEASURE': 'EMD',
  'MONGODB_CONFIG': { 'collection_name': 'cache',
                      'database_name': 'pyphi',
                      'host': 'localhost',
                      'port': 27017},
  'NUMBER_OF_CORES': -1,
  'PARALLEL_COMPLEX_EVALUATION': False,
  'PARALLEL_CONCEPT_EVALUATION': False,
  'PARALLEL_CUT_EVALUATION': True,
  'PARTITION_TYPE': 'BI',
  'PICK_SMALLEST_PURVIEW': False,
  'PRECISION': 6,
  'PRINT_FRACTIONS': True,
  'PROGRESS_BARS': True,
  'REDIS_CACHE': False,
  'REDIS_CONFIG': {'db': 0, 'host': 'localhost', 'port': 6379, 'test_db': 1},
  'REPR_VERBOSITY': 2,
  'SINGLE_MICRO_NODES_WITH_SELFLOOPS_HAVE_PHI': False,
  'SYSTEM_CUTS': '3.0_STYLE',
  'USE_SMALL_PHI_DIFFERENCE_FOR_CES_DISTANCE': False,
  'VALIDATE_CONDITIONAL_INDEPENDENCE': True,
  'VALIDATE_SUBSYSTEM_STATES': True,
  'WELCOME_OFF': True}
2026-06-13 11:30:12,026 [pyphi.conf] INFO Process-21: PyPhi v1.2.0
2026-06-13 11:30:12,026 [pyphi.conf] INFO Process-21: Loaded configuration from ['C:\\Users\\User\\Documents\\Universidad\\ADA\\proyecto\\analisis-project-20261\\GeoMIP\\src\\Method2_Dynamic_Programming_Reformulation\\pyphi_config.yml']
2026-06-13 11:30:12,027 [pyphi.conf] INFO Process-21: Current PyPhi configuration:
 { 'ASSUME_CUTS_CANNOT_CREATE_NEW_CONCEPTS': False,
  'CACHE_POTENTIAL_PURVIEWS': True,
  'CACHE_REPERTOIRES': True,
  'CACHE_SIAS': False,
  'CACHING_BACKEND': 'fs',
  'CLEAR_SUBSYSTEM_CACHES_AFTER_COMPUTING_SIA': False,
  'CUT_ONE_APPROXIMATION': False,
  'FS_CACHE_DIRECTORY': '__pyphi_cache__',
  'FS_CACHE_VERBOSITY': 0,
  'LOG_FILE': 'pyphi.log',
  'LOG_FILE_LEVEL': 'INFO',
  'LOG_STDOUT_LEVEL': 'WARNING',
  'MAXIMUM_CACHE_MEMORY_PERCENTAGE': 50,
  'MEASURE': 'EMD',
  'MONGODB_CONFIG': { 'collection_name': 'cache',
                      'database_name': 'pyphi',
                      'host': 'localhost',
                      'port': 27017},
  'NUMBER_OF_CORES': -1,
  'PARALLEL_COMPLEX_EVALUATION': False,
  'PARALLEL_CONCEPT_EVALUATION': False,
  'PARALLEL_CUT_EVALUATION': True,
  'PARTITION_TYPE': 'BI',
  'PICK_SMALLEST_PURVIEW': False,
  'PRECISION': 6,
  'PRINT_FRACTIONS': True,
  'PROGRESS_BARS': True,
  'REDIS_CACHE': False,
  'REDIS_CONFIG': {'db': 0, 'host': 'localhost', 'port': 6379, 'test_db': 1},
  'REPR_VERBOSITY': 2,
  'SINGLE_MICRO_NODES_WITH_SELFLOOPS_HAVE_PHI': False,
  'SYSTEM_CUTS': '3.0_STYLE',
  'USE_SMALL_PHI_DIFFERENCE_FOR_CES_DISTANCE': False,
  'VALIDATE_CONDITIONAL_INDEPENDENCE': True,
  'VALIDATE_SUBSYSTEM_STATES': True,
  'WELCOME_OFF': True}
2026-06-13 11:30:13,552 [pyphi.conf] INFO Process-22: PyPhi v1.2.0
2026-06-13 11:30:13,552 [pyphi.conf] INFO Process-22: Loaded configuration from ['C:\\Users\\User\\Documents\\Universidad\\ADA\\proyecto\\analisis-project-20261\\GeoMIP\\src\\Method2_Dynamic_Programming_Reformulation\\pyphi_config.yml']
2026-06-13 11:30:13,552 [pyphi.conf] INFO Process-22: Current PyPhi configuration:
 { 'ASSUME_CUTS_CANNOT_CREATE_NEW_CONCEPTS': False,
  'CACHE_POTENTIAL_PURVIEWS': True,
  'CACHE_REPERTOIRES': True,
  'CACHE_SIAS': False,
  'CACHING_BACKEND': 'fs',
  'CLEAR_SUBSYSTEM_CACHES_AFTER_COMPUTING_SIA': False,
  'CUT_ONE_APPROXIMATION': False,
  'FS_CACHE_DIRECTORY': '__pyphi_cache__',
  'FS_CACHE_VERBOSITY': 0,
  'LOG_FILE': 'pyphi.log',
  'LOG_FILE_LEVEL': 'INFO',
  'LOG_STDOUT_LEVEL': 'WARNING',
  'MAXIMUM_CACHE_MEMORY_PERCENTAGE': 50,
  'MEASURE': 'EMD',
  'MONGODB_CONFIG': { 'collection_name': 'cache',
                      'database_name': 'pyphi',
                      'host': 'localhost',
                      'port': 27017},
  'NUMBER_OF_CORES': -1,
  'PARALLEL_COMPLEX_EVALUATION': False,
  'PARALLEL_CONCEPT_EVALUATION': False,
  'PARALLEL_CUT_EVALUATION': True,
  'PARTITION_TYPE': 'BI',
  'PICK_SMALLEST_PURVIEW': False,
  'PRECISION': 6,
  'PRINT_FRACTIONS': True,
  'PROGRESS_BARS': True,
  'REDIS_CACHE': False,
  'REDIS_CONFIG': {'db': 0, 'host': 'localhost', 'port': 6379, 'test_db': 1},
  'REPR_VERBOSITY': 2,
  'SINGLE_MICRO_NODES_WITH_SELFLOOPS_HAVE_PHI': False,
  'SYSTEM_CUTS': '3.0_STYLE',
  'USE_SMALL_PHI_DIFFERENCE_FOR_CES_DISTANCE': False,
  'VALIDATE_CONDITIONAL_INDEPENDENCE': True,
  'VALIDATE_SUBSYSTEM_STATES': True,
  'WELCOME_OFF': True}
2026-06-13 11:30:15,205 [pyphi.conf] INFO Process-23: PyPhi v1.2.0
2026-06-13 11:30:15,205 [pyphi.conf] INFO Process-23: Loaded configuration from ['C:\\Users\\User\\Documents\\Universidad\\ADA\\proyecto\\analisis-project-20261\\GeoMIP\\src\\Method2_Dynamic_Programming_Reformulation\\pyphi_config.yml']
2026-06-13 11:30:15,205 [pyphi.conf] INFO Process-23: Current PyPhi configuration:
 { 'ASSUME_CUTS_CANNOT_CREATE_NEW_CONCEPTS': False,
  'CACHE_POTENTIAL_PURVIEWS': True,
  'CACHE_REPERTOIRES': True,
  'CACHE_SIAS': False,
  'CACHING_BACKEND': 'fs',
  'CLEAR_SUBSYSTEM_CACHES_AFTER_COMPUTING_SIA': False,
  'CUT_ONE_APPROXIMATION': False,
  'FS_CACHE_DIRECTORY': '__pyphi_cache__',
  'FS_CACHE_VERBOSITY': 0,
  'LOG_FILE': 'pyphi.log',
  'LOG_FILE_LEVEL': 'INFO',
  'LOG_STDOUT_LEVEL': 'WARNING',
  'MAXIMUM_CACHE_MEMORY_PERCENTAGE': 50,
  'MEASURE': 'EMD',
  'MONGODB_CONFIG': { 'collection_name': 'cache',
                      'database_name': 'pyphi',
                      'host': 'localhost',
                      'port': 27017},
  'NUMBER_OF_CORES': -1,
  'PARALLEL_COMPLEX_EVALUATION': False,
  'PARALLEL_CONCEPT_EVALUATION': False,
  'PARALLEL_CUT_EVALUATION': True,
  'PARTITION_TYPE': 'BI',
  'PICK_SMALLEST_PURVIEW': False,
  'PRECISION': 6,
  'PRINT_FRACTIONS': True,
  'PROGRESS_BARS': True,
  'REDIS_CACHE': False,
  'REDIS_CONFIG': {'db': 0, 'host': 'localhost', 'port': 6379, 'test_db': 1},
  'REPR_VERBOSITY': 2,
  'SINGLE_MICRO_NODES_WITH_SELFLOOPS_HAVE_PHI': False,
  'SYSTEM_CUTS': '3.0_STYLE',
  'USE_SMALL_PHI_DIFFERENCE_FOR_CES_DISTANCE': False,
  'VALIDATE_CONDITIONAL_INDEPENDENCE': True,
  'VALIDATE_SUBSYSTEM_STATES': True,
  'WELCOME_OFF': True}
2026-06-13 11:30:16,847 [pyphi.conf] INFO Process-24: PyPhi v1.2.0
2026-06-13 11:30:16,847 [pyphi.conf] INFO Process-24: Loaded configuration from ['C:\\Users\\User\\Documents\\Universidad\\ADA\\proyecto\\analisis-project-20261\\GeoMIP\\src\\Method2_Dynamic_Programming_Reformulation\\pyphi_config.yml']
2026-06-13 11:30:16,847 [pyphi.conf] INFO Process-24: Current PyPhi configuration:
 { 'ASSUME_CUTS_CANNOT_CREATE_NEW_CONCEPTS': False,
  'CACHE_POTENTIAL_PURVIEWS': True,
  'CACHE_REPERTOIRES': True,
  'CACHE_SIAS': False,
  'CACHING_BACKEND': 'fs',
  'CLEAR_SUBSYSTEM_CACHES_AFTER_COMPUTING_SIA': False,
  'CUT_ONE_APPROXIMATION': False,
  'FS_CACHE_DIRECTORY': '__pyphi_cache__',
  'FS_CACHE_VERBOSITY': 0,
  'LOG_FILE': 'pyphi.log',
  'LOG_FILE_LEVEL': 'INFO',
  'LOG_STDOUT_LEVEL': 'WARNING',
  'MAXIMUM_CACHE_MEMORY_PERCENTAGE': 50,
  'MEASURE': 'EMD',
  'MONGODB_CONFIG': { 'collection_name': 'cache',
                      'database_name': 'pyphi',
                      'host': 'localhost',
                      'port': 27017},
  'NUMBER_OF_CORES': -1,
  'PARALLEL_COMPLEX_EVALUATION': False,
  'PARALLEL_CONCEPT_EVALUATION': False,
  'PARALLEL_CUT_EVALUATION': True,
  'PARTITION_TYPE': 'BI',
  'PICK_SMALLEST_PURVIEW': False,
  'PRECISION': 6,
  'PRINT_FRACTIONS': True,
  'PROGRESS_BARS': True,
  'REDIS_CACHE': False,
  'REDIS_CONFIG': {'db': 0, 'host': 'localhost', 'port': 6379, 'test_db': 1},
  'REPR_VERBOSITY': 2,
  'SINGLE_MICRO_NODES_WITH_SELFLOOPS_HAVE_PHI': False,
  'SYSTEM_CUTS': '3.0_STYLE',
  'USE_SMALL_PHI_DIFFERENCE_FOR_CES_DISTANCE': False,
  'VALIDATE_CONDITIONAL_INDEPENDENCE': True,
  'VALIDATE_SUBSYSTEM_STATES': True,
  'WELCOME_OFF': True}
2026-06-13 11:30:18,478 [pyphi.conf] INFO Process-25: PyPhi v1.2.0
2026-06-13 11:30:18,478 [pyphi.conf] INFO Process-25: Loaded configuration from ['C:\\Users\\User\\Documents\\Universidad\\ADA\\proyecto\\analisis-project-20261\\GeoMIP\\src\\Method2_Dynamic_Programming_Reformulation\\pyphi_config.yml']
2026-06-13 11:30:18,478 [pyphi.conf] INFO Process-25: Current PyPhi configuration:
 { 'ASSUME_CUTS_CANNOT_CREATE_NEW_CONCEPTS': False,
  'CACHE_POTENTIAL_PURVIEWS': True,
  'CACHE_REPERTOIRES': True,
  'CACHE_SIAS': False,
  'CACHING_BACKEND': 'fs',
  'CLEAR_SUBSYSTEM_CACHES_AFTER_COMPUTING_SIA': False,
  'CUT_ONE_APPROXIMATION': False,
  'FS_CACHE_DIRECTORY': '__pyphi_cache__',
  'FS_CACHE_VERBOSITY': 0,
  'LOG_FILE': 'pyphi.log',
  'LOG_FILE_LEVEL': 'INFO',
  'LOG_STDOUT_LEVEL': 'WARNING',
  'MAXIMUM_CACHE_MEMORY_PERCENTAGE': 50,
  'MEASURE': 'EMD',
  'MONGODB_CONFIG': { 'collection_name': 'cache',
                      'database_name': 'pyphi',
                      'host': 'localhost',
                      'port': 27017},
  'NUMBER_OF_CORES': -1,
  'PARALLEL_COMPLEX_EVALUATION': False,
  'PARALLEL_CONCEPT_EVALUATION': False,
  'PARALLEL_CUT_EVALUATION': True,
  'PARTITION_TYPE': 'BI',
  'PICK_SMALLEST_PURVIEW': False,
  'PRECISION': 6,
  'PRINT_FRACTIONS': True,
  'PROGRESS_BARS': True,
  'REDIS_CACHE': False,
  'REDIS_CONFIG': {'db': 0, 'host': 'localhost', 'port': 6379, 'test_db': 1},
  'REPR_VERBOSITY': 2,
  'SINGLE_MICRO_NODES_WITH_SELFLOOPS_HAVE_PHI': False,
  'SYSTEM_CUTS': '3.0_STYLE',
  'USE_SMALL_PHI_DIFFERENCE_FOR_CES_DISTANCE': False,
  'VALIDATE_CONDITIONAL_INDEPENDENCE': True,
  'VALIDATE_SUBSYSTEM_STATES': True,
  'WELCOME_OFF': True}
2026-06-13 11:30:20,194 [pyphi.conf] INFO Process-26: PyPhi v1.2.0
2026-06-13 11:30:20,194 [pyphi.conf] INFO Process-26: Loaded configuration from ['C:\\Users\\User\\Documents\\Universidad\\ADA\\proyecto\\analisis-project-20261\\GeoMIP\\src\\Method2_Dynamic_Programming_Reformulation\\pyphi_config.yml']
2026-06-13 11:30:20,194 [pyphi.conf] INFO Process-26: Current PyPhi configuration:
 { 'ASSUME_CUTS_CANNOT_CREATE_NEW_CONCEPTS': False,
  'CACHE_POTENTIAL_PURVIEWS': True,
  'CACHE_REPERTOIRES': True,
  'CACHE_SIAS': False,
  'CACHING_BACKEND': 'fs',
  'CLEAR_SUBSYSTEM_CACHES_AFTER_COMPUTING_SIA': False,
  'CUT_ONE_APPROXIMATION': False,
  'FS_CACHE_DIRECTORY': '__pyphi_cache__',
  'FS_CACHE_VERBOSITY': 0,
  'LOG_FILE': 'pyphi.log',
  'LOG_FILE_LEVEL': 'INFO',
  'LOG_STDOUT_LEVEL': 'WARNING',
  'MAXIMUM_CACHE_MEMORY_PERCENTAGE': 50,
  'MEASURE': 'EMD',
  'MONGODB_CONFIG': { 'collection_name': 'cache',
                      'database_name': 'pyphi',
                      'host': 'localhost',
                      'port': 27017},
  'NUMBER_OF_CORES': -1,
  'PARALLEL_COMPLEX_EVALUATION': False,
  'PARALLEL_CONCEPT_EVALUATION': False,
  'PARALLEL_CUT_EVALUATION': True,
  'PARTITION_TYPE': 'BI',
  'PICK_SMALLEST_PURVIEW': False,
  'PRECISION': 6,
  'PRINT_FRACTIONS': True,
  'PROGRESS_BARS': True,
  'REDIS_CACHE': False,
  'REDIS_CONFIG': {'db': 0, 'host': 'localhost', 'port': 6379, 'test_db': 1},
  'REPR_VERBOSITY': 2,
  'SINGLE_MICRO_NODES_WITH_SELFLOOPS_HAVE_PHI': False,
  'SYSTEM_CUTS': '3.0_STYLE',
  'USE_SMALL_PHI_DIFFERENCE_FOR_CES_DISTANCE': False,
  'VALIDATE_CONDITIONAL_INDEPENDENCE': True,
  'VALIDATE_SUBSYSTEM_STATES': True,
  'WELCOME_OFF': True}
2026-06-13 11:30:21,783 [pyphi.conf] INFO Process-27: PyPhi v1.2.0
2026-06-13 11:30:21,783 [pyphi.conf] INFO Process-27: Loaded configuration from ['C:\\Users\\User\\Documents\\Universidad\\ADA\\proyecto\\analisis-project-20261\\GeoMIP\\src\\Method2_Dynamic_Programming_Reformulation\\pyphi_config.yml']
2026-06-13 11:30:21,783 [pyphi.conf] INFO Process-27: Current PyPhi configuration:
 { 'ASSUME_CUTS_CANNOT_CREATE_NEW_CONCEPTS': False,
  'CACHE_POTENTIAL_PURVIEWS': True,
  'CACHE_REPERTOIRES': True,
  'CACHE_SIAS': False,
  'CACHING_BACKEND': 'fs',
  'CLEAR_SUBSYSTEM_CACHES_AFTER_COMPUTING_SIA': False,
  'CUT_ONE_APPROXIMATION': False,
  'FS_CACHE_DIRECTORY': '__pyphi_cache__',
  'FS_CACHE_VERBOSITY': 0,
  'LOG_FILE': 'pyphi.log',
  'LOG_FILE_LEVEL': 'INFO',
  'LOG_STDOUT_LEVEL': 'WARNING',
  'MAXIMUM_CACHE_MEMORY_PERCENTAGE': 50,
  'MEASURE': 'EMD',
  'MONGODB_CONFIG': { 'collection_name': 'cache',
                      'database_name': 'pyphi',
                      'host': 'localhost',
                      'port': 27017},
  'NUMBER_OF_CORES': -1,
  'PARALLEL_COMPLEX_EVALUATION': False,
  'PARALLEL_CONCEPT_EVALUATION': False,
  'PARALLEL_CUT_EVALUATION': True,
  'PARTITION_TYPE': 'BI',
  'PICK_SMALLEST_PURVIEW': False,
  'PRECISION': 6,
  'PRINT_FRACTIONS': True,
  'PROGRESS_BARS': True,
  'REDIS_CACHE': False,
  'REDIS_CONFIG': {'db': 0, 'host': 'localhost', 'port': 6379, 'test_db': 1},
  'REPR_VERBOSITY': 2,
  'SINGLE_MICRO_NODES_WITH_SELFLOOPS_HAVE_PHI': False,
  'SYSTEM_CUTS': '3.0_STYLE',
  'USE_SMALL_PHI_DIFFERENCE_FOR_CES_DISTANCE': False,
  'VALIDATE_CONDITIONAL_INDEPENDENCE': True,
  'VALIDATE_SUBSYSTEM_STATES': True,
  'WELCOME_OFF': True}
2026-06-13 11:30:23,343 [pyphi.conf] INFO Process-28: PyPhi v1.2.0
2026-06-13 11:30:23,343 [pyphi.conf] INFO Process-28: Loaded configuration from ['C:\\Users\\User\\Documents\\Universidad\\ADA\\proyecto\\analisis-project-20261\\GeoMIP\\src\\Method2_Dynamic_Programming_Reformulation\\pyphi_config.yml']
2026-06-13 11:30:23,343 [pyphi.conf] INFO Process-28: Current PyPhi configuration:
 { 'ASSUME_CUTS_CANNOT_CREATE_NEW_CONCEPTS': False,
  'CACHE_POTENTIAL_PURVIEWS': True,
  'CACHE_REPERTOIRES': True,
  'CACHE_SIAS': False,
  'CACHING_BACKEND': 'fs',
  'CLEAR_SUBSYSTEM_CACHES_AFTER_COMPUTING_SIA': False,
  'CUT_ONE_APPROXIMATION': False,
  'FS_CACHE_DIRECTORY': '__pyphi_cache__',
  'FS_CACHE_VERBOSITY': 0,
  'LOG_FILE': 'pyphi.log',
  'LOG_FILE_LEVEL': 'INFO',
  'LOG_STDOUT_LEVEL': 'WARNING',
  'MAXIMUM_CACHE_MEMORY_PERCENTAGE': 50,
  'MEASURE': 'EMD',
  'MONGODB_CONFIG': { 'collection_name': 'cache',
                      'database_name': 'pyphi',
                      'host': 'localhost',
                      'port': 27017},
  'NUMBER_OF_CORES': -1,
  'PARALLEL_COMPLEX_EVALUATION': False,
  'PARALLEL_CONCEPT_EVALUATION': False,
  'PARALLEL_CUT_EVALUATION': True,
  'PARTITION_TYPE': 'BI',
  'PICK_SMALLEST_PURVIEW': False,
  'PRECISION': 6,
  'PRINT_FRACTIONS': True,
  'PROGRESS_BARS': True,
  'REDIS_CACHE': False,
  'REDIS_CONFIG': {'db': 0, 'host': 'localhost', 'port': 6379, 'test_db': 1},
  'REPR_VERBOSITY': 2,
  'SINGLE_MICRO_NODES_WITH_SELFLOOPS_HAVE_PHI': False,
  'SYSTEM_CUTS': '3.0_STYLE',
  'USE_SMALL_PHI_DIFFERENCE_FOR_CES_DISTANCE': False,
  'VALIDATE_CONDITIONAL_INDEPENDENCE': True,
  'VALIDATE_SUBSYSTEM_STATES': True,
  'WELCOME_OFF': True}
2026-06-13 11:30:24,883 [pyphi.conf] INFO Process-29: PyPhi v1.2.0
2026-06-13 11:30:24,883 [pyphi.conf] INFO Process-29: Loaded configuration from ['C:\\Users\\User\\Documents\\Universidad\\ADA\\proyecto\\analisis-project-20261\\GeoMIP\\src\\Method2_Dynamic_Programming_Reformulation\\pyphi_config.yml']
2026-06-13 11:30:24,883 [pyphi.conf] INFO Process-29: Current PyPhi configuration:
 { 'ASSUME_CUTS_CANNOT_CREATE_NEW_CONCEPTS': False,
  'CACHE_POTENTIAL_PURVIEWS': True,
  'CACHE_REPERTOIRES': True,
  'CACHE_SIAS': False,
  'CACHING_BACKEND': 'fs',
  'CLEAR_SUBSYSTEM_CACHES_AFTER_COMPUTING_SIA': False,
  'CUT_ONE_APPROXIMATION': False,
  'FS_CACHE_DIRECTORY': '__pyphi_cache__',
  'FS_CACHE_VERBOSITY': 0,
  'LOG_FILE': 'pyphi.log',
  'LOG_FILE_LEVEL': 'INFO',
  'LOG_STDOUT_LEVEL': 'WARNING',
  'MAXIMUM_CACHE_MEMORY_PERCENTAGE': 50,
  'MEASURE': 'EMD',
  'MONGODB_CONFIG': { 'collection_name': 'cache',
                      'database_name': 'pyphi',
                      'host': 'localhost',
                      'port': 27017},
  'NUMBER_OF_CORES': -1,
  'PARALLEL_COMPLEX_EVALUATION': False,
  'PARALLEL_CONCEPT_EVALUATION': False,
  'PARALLEL_CUT_EVALUATION': True,
  'PARTITION_TYPE': 'BI',
  'PICK_SMALLEST_PURVIEW': False,
  'PRECISION': 6,
  'PRINT_FRACTIONS': True,
  'PROGRESS_BARS': True,
  'REDIS_CACHE': False,
  'REDIS_CONFIG': {'db': 0, 'host': 'localhost', 'port': 6379, 'test_db': 1},
  'REPR_VERBOSITY': 2,
  'SINGLE_MICRO_NODES_WITH_SELFLOOPS_HAVE_PHI': False,
  'SYSTEM_CUTS': '3.0_STYLE',
  'USE_SMALL_PHI_DIFFERENCE_FOR_CES_DISTANCE': False,
  'VALIDATE_CONDITIONAL_INDEPENDENCE': True,
  'VALIDATE_SUBSYSTEM_STATES': True,
  'WELCOME_OFF': True}
2026-06-13 11:30:26,503 [pyphi.conf] INFO Process-30: PyPhi v1.2.0
2026-06-13 11:30:26,503 [pyphi.conf] INFO Process-30: Loaded configuration from ['C:\\Users\\User\\Documents\\Universidad\\ADA\\proyecto\\analisis-project-20261\\GeoMIP\\src\\Method2_Dynamic_Programming_Reformulation\\pyphi_config.yml']
2026-06-13 11:30:26,503 [pyphi.conf] INFO Process-30: Current PyPhi configuration:
 { 'ASSUME_CUTS_CANNOT_CREATE_NEW_CONCEPTS': False,
  'CACHE_POTENTIAL_PURVIEWS': True,
  'CACHE_REPERTOIRES': True,
  'CACHE_SIAS': False,
  'CACHING_BACKEND': 'fs',
  'CLEAR_SUBSYSTEM_CACHES_AFTER_COMPUTING_SIA': False,
  'CUT_ONE_APPROXIMATION': False,
  'FS_CACHE_DIRECTORY': '__pyphi_cache__',
  'FS_CACHE_VERBOSITY': 0,
  'LOG_FILE': 'pyphi.log',
  'LOG_FILE_LEVEL': 'INFO',
  'LOG_STDOUT_LEVEL': 'WARNING',
  'MAXIMUM_CACHE_MEMORY_PERCENTAGE': 50,
  'MEASURE': 'EMD',
  'MONGODB_CONFIG': { 'collection_name': 'cache',
                      'database_name': 'pyphi',
                      'host': 'localhost',
                      'port': 27017},
  'NUMBER_OF_CORES': -1,
  'PARALLEL_COMPLEX_EVALUATION': False,
  'PARALLEL_CONCEPT_EVALUATION': False,
  'PARALLEL_CUT_EVALUATION': True,
  'PARTITION_TYPE': 'BI',
  'PICK_SMALLEST_PURVIEW': False,
  'PRECISION': 6,
  'PRINT_FRACTIONS': True,
  'PROGRESS_BARS': True,
  'REDIS_CACHE': False,
  'REDIS_CONFIG': {'db': 0, 'host': 'localhost', 'port': 6379, 'test_db': 1},
  'REPR_VERBOSITY': 2,
  'SINGLE_MICRO_NODES_WITH_SELFLOOPS_HAVE_PHI': False,
  'SYSTEM_CUTS': '3.0_STYLE',
  'USE_SMALL_PHI_DIFFERENCE_FOR_CES_DISTANCE': False,
  'VALIDATE_CONDITIONAL_INDEPENDENCE': True,
  'VALIDATE_SUBSYSTEM_STATES': True,
  'WELCOME_OFF': True}
2026-06-13 11:30:28,115 [pyphi.conf] INFO Process-31: PyPhi v1.2.0
2026-06-13 11:30:28,115 [pyphi.conf] INFO Process-31: Loaded configuration from ['C:\\Users\\User\\Documents\\Universidad\\ADA\\proyecto\\analisis-project-20261\\GeoMIP\\src\\Method2_Dynamic_Programming_Reformulation\\pyphi_config.yml']
2026-06-13 11:30:28,115 [pyphi.conf] INFO Process-31: Current PyPhi configuration:
 { 'ASSUME_CUTS_CANNOT_CREATE_NEW_CONCEPTS': False,
  'CACHE_POTENTIAL_PURVIEWS': True,
  'CACHE_REPERTOIRES': True,
  'CACHE_SIAS': False,
  'CACHING_BACKEND': 'fs',
  'CLEAR_SUBSYSTEM_CACHES_AFTER_COMPUTING_SIA': False,
  'CUT_ONE_APPROXIMATION': False,
  'FS_CACHE_DIRECTORY': '__pyphi_cache__',
  'FS_CACHE_VERBOSITY': 0,
  'LOG_FILE': 'pyphi.log',
  'LOG_FILE_LEVEL': 'INFO',
  'LOG_STDOUT_LEVEL': 'WARNING',
  'MAXIMUM_CACHE_MEMORY_PERCENTAGE': 50,
  'MEASURE': 'EMD',
  'MONGODB_CONFIG': { 'collection_name': 'cache',
                      'database_name': 'pyphi',
                      'host': 'localhost',
                      'port': 27017},
  'NUMBER_OF_CORES': -1,
  'PARALLEL_COMPLEX_EVALUATION': False,
  'PARALLEL_CONCEPT_EVALUATION': False,
  'PARALLEL_CUT_EVALUATION': True,
  'PARTITION_TYPE': 'BI',
  'PICK_SMALLEST_PURVIEW': False,
  'PRECISION': 6,
  'PRINT_FRACTIONS': True,
  'PROGRESS_BARS': True,
  'REDIS_CACHE': False,
  'REDIS_CONFIG': {'db': 0, 'host': 'localhost', 'port': 6379, 'test_db': 1},
  'REPR_VERBOSITY': 2,
  'SINGLE_MICRO_NODES_WITH_SELFLOOPS_HAVE_PHI': False,
  'SYSTEM_CUTS': '3.0_STYLE',
  'USE_SMALL_PHI_DIFFERENCE_FOR_CES_DISTANCE': False,
  'VALIDATE_CONDITIONAL_INDEPENDENCE': True,
  'VALIDATE_SUBSYSTEM_STATES': True,
  'WELCOME_OFF': True}
2026-06-13 11:30:29,703 [pyphi.conf] INFO Process-32: PyPhi v1.2.0
2026-06-13 11:30:29,703 [pyphi.conf] INFO Process-32: Loaded configuration from ['C:\\Users\\User\\Documents\\Universidad\\ADA\\proyecto\\analisis-project-20261\\GeoMIP\\src\\Method2_Dynamic_Programming_Reformulation\\pyphi_config.yml']
2026-06-13 11:30:29,703 [pyphi.conf] INFO Process-32: Current PyPhi configuration:
 { 'ASSUME_CUTS_CANNOT_CREATE_NEW_CONCEPTS': False,
  'CACHE_POTENTIAL_PURVIEWS': True,
  'CACHE_REPERTOIRES': True,
  'CACHE_SIAS': False,
  'CACHING_BACKEND': 'fs',
  'CLEAR_SUBSYSTEM_CACHES_AFTER_COMPUTING_SIA': False,
  'CUT_ONE_APPROXIMATION': False,
  'FS_CACHE_DIRECTORY': '__pyphi_cache__',
  'FS_CACHE_VERBOSITY': 0,
  'LOG_FILE': 'pyphi.log',
  'LOG_FILE_LEVEL': 'INFO',
  'LOG_STDOUT_LEVEL': 'WARNING',
  'MAXIMUM_CACHE_MEMORY_PERCENTAGE': 50,
  'MEASURE': 'EMD',
  'MONGODB_CONFIG': { 'collection_name': 'cache',
                      'database_name': 'pyphi',
                      'host': 'localhost',
                      'port': 27017},
  'NUMBER_OF_CORES': -1,
  'PARALLEL_COMPLEX_EVALUATION': False,
  'PARALLEL_CONCEPT_EVALUATION': False,
  'PARALLEL_CUT_EVALUATION': True,
  'PARTITION_TYPE': 'BI',
  'PICK_SMALLEST_PURVIEW': False,
  'PRECISION': 6,
  'PRINT_FRACTIONS': True,
  'PROGRESS_BARS': True,
  'REDIS_CACHE': False,
  'REDIS_CONFIG': {'db': 0, 'host': 'localhost', 'port': 6379, 'test_db': 1},
  'REPR_VERBOSITY': 2,
  'SINGLE_MICRO_NODES_WITH_SELFLOOPS_HAVE_PHI': False,
  'SYSTEM_CUTS': '3.0_STYLE',
  'USE_SMALL_PHI_DIFFERENCE_FOR_CES_DISTANCE': False,
  'VALIDATE_CONDITIONAL_INDEPENDENCE': True,
  'VALIDATE_SUBSYSTEM_STATES': True,
  'WELCOME_OFF': True}
2026-06-13 11:30:31,303 [pyphi.conf] INFO Process-33: PyPhi v1.2.0
2026-06-13 11:30:31,303 [pyphi.conf] INFO Process-33: Loaded configuration from ['C:\\Users\\User\\Documents\\Universidad\\ADA\\proyecto\\analisis-project-20261\\GeoMIP\\src\\Method2_Dynamic_Programming_Reformulation\\pyphi_config.yml']
2026-06-13 11:30:31,303 [pyphi.conf] INFO Process-33: Current PyPhi configuration:
 { 'ASSUME_CUTS_CANNOT_CREATE_NEW_CONCEPTS': False,
  'CACHE_POTENTIAL_PURVIEWS': True,
  'CACHE_REPERTOIRES': True,
  'CACHE_SIAS': False,
  'CACHING_BACKEND': 'fs',
  'CLEAR_SUBSYSTEM_CACHES_AFTER_COMPUTING_SIA': False,
  'CUT_ONE_APPROXIMATION': False,
  'FS_CACHE_DIRECTORY': '__pyphi_cache__',
  'FS_CACHE_VERBOSITY': 0,
  'LOG_FILE': 'pyphi.log',
  'LOG_FILE_LEVEL': 'INFO',
  'LOG_STDOUT_LEVEL': 'WARNING',
  'MAXIMUM_CACHE_MEMORY_PERCENTAGE': 50,
  'MEASURE': 'EMD',
  'MONGODB_CONFIG': { 'collection_name': 'cache',
                      'database_name': 'pyphi',
                      'host': 'localhost',
                      'port': 27017},
  'NUMBER_OF_CORES': -1,
  'PARALLEL_COMPLEX_EVALUATION': False,
  'PARALLEL_CONCEPT_EVALUATION': False,
  'PARALLEL_CUT_EVALUATION': True,
  'PARTITION_TYPE': 'BI',
  'PICK_SMALLEST_PURVIEW': False,
  'PRECISION': 6,
  'PRINT_FRACTIONS': True,
  'PROGRESS_BARS': True,
  'REDIS_CACHE': False,
  'REDIS_CONFIG': {'db': 0, 'host': 'localhost', 'port': 6379, 'test_db': 1},
  'REPR_VERBOSITY': 2,
  'SINGLE_MICRO_NODES_WITH_SELFLOOPS_HAVE_PHI': False,
  'SYSTEM_CUTS': '3.0_STYLE',
  'USE_SMALL_PHI_DIFFERENCE_FOR_CES_DISTANCE': False,
  'VALIDATE_CONDITIONAL_INDEPENDENCE': True,
  'VALIDATE_SUBSYSTEM_STATES': True,
  'WELCOME_OFF': True}
2026-06-13 11:30:32,914 [pyphi.conf] INFO Process-34: PyPhi v1.2.0
2026-06-13 11:30:32,914 [pyphi.conf] INFO Process-34: Loaded configuration from ['C:\\Users\\User\\Documents\\Universidad\\ADA\\proyecto\\analisis-project-20261\\GeoMIP\\src\\Method2_Dynamic_Programming_Reformulation\\pyphi_config.yml']
2026-06-13 11:30:32,914 [pyphi.conf] INFO Process-34: Current PyPhi configuration:
 { 'ASSUME_CUTS_CANNOT_CREATE_NEW_CONCEPTS': False,
  'CACHE_POTENTIAL_PURVIEWS': True,
  'CACHE_REPERTOIRES': True,
  'CACHE_SIAS': False,
  'CACHING_BACKEND': 'fs',
  'CLEAR_SUBSYSTEM_CACHES_AFTER_COMPUTING_SIA': False,
  'CUT_ONE_APPROXIMATION': False,
  'FS_CACHE_DIRECTORY': '__pyphi_cache__',
  'FS_CACHE_VERBOSITY': 0,
  'LOG_FILE': 'pyphi.log',
  'LOG_FILE_LEVEL': 'INFO',
  'LOG_STDOUT_LEVEL': 'WARNING',
  'MAXIMUM_CACHE_MEMORY_PERCENTAGE': 50,
  'MEASURE': 'EMD',
  'MONGODB_CONFIG': { 'collection_name': 'cache',
                      'database_name': 'pyphi',
                      'host': 'localhost',
                      'port': 27017},
  'NUMBER_OF_CORES': -1,
  'PARALLEL_COMPLEX_EVALUATION': False,
  'PARALLEL_CONCEPT_EVALUATION': False,
  'PARALLEL_CUT_EVALUATION': True,
  'PARTITION_TYPE': 'BI',
  'PICK_SMALLEST_PURVIEW': False,
  'PRECISION': 6,
  'PRINT_FRACTIONS': True,
  'PROGRESS_BARS': True,
  'REDIS_CACHE': False,
  'REDIS_CONFIG': {'db': 0, 'host': 'localhost', 'port': 6379, 'test_db': 1},
  'REPR_VERBOSITY': 2,
  'SINGLE_MICRO_NODES_WITH_SELFLOOPS_HAVE_PHI': False,
  'SYSTEM_CUTS': '3.0_STYLE',
  'USE_SMALL_PHI_DIFFERENCE_FOR_CES_DISTANCE': False,
  'VALIDATE_CONDITIONAL_INDEPENDENCE': True,
  'VALIDATE_SUBSYSTEM_STATES': True,
  'WELCOME_OFF': True}
2026-06-13 11:30:34,453 [pyphi.conf] INFO Process-35: PyPhi v1.2.0
2026-06-13 11:30:34,453 [pyphi.conf] INFO Process-35: Loaded configuration from ['C:\\Users\\User\\Documents\\Universidad\\ADA\\proyecto\\analisis-project-20261\\GeoMIP\\src\\Method2_Dynamic_Programming_Reformulation\\pyphi_config.yml']
2026-06-13 11:30:34,453 [pyphi.conf] INFO Process-35: Current PyPhi configuration:
 { 'ASSUME_CUTS_CANNOT_CREATE_NEW_CONCEPTS': False,
  'CACHE_POTENTIAL_PURVIEWS': True,
  'CACHE_REPERTOIRES': True,
  'CACHE_SIAS': False,
  'CACHING_BACKEND': 'fs',
  'CLEAR_SUBSYSTEM_CACHES_AFTER_COMPUTING_SIA': False,
  'CUT_ONE_APPROXIMATION': False,
  'FS_CACHE_DIRECTORY': '__pyphi_cache__',
  'FS_CACHE_VERBOSITY': 0,
  'LOG_FILE': 'pyphi.log',
  'LOG_FILE_LEVEL': 'INFO',
  'LOG_STDOUT_LEVEL': 'WARNING',
  'MAXIMUM_CACHE_MEMORY_PERCENTAGE': 50,
  'MEASURE': 'EMD',
  'MONGODB_CONFIG': { 'collection_name': 'cache',
                      'database_name': 'pyphi',
                      'host': 'localhost',
                      'port': 27017},
  'NUMBER_OF_CORES': -1,
  'PARALLEL_COMPLEX_EVALUATION': False,
  'PARALLEL_CONCEPT_EVALUATION': False,
  'PARALLEL_CUT_EVALUATION': True,
  'PARTITION_TYPE': 'BI',
  'PICK_SMALLEST_PURVIEW': False,
  'PRECISION': 6,
  'PRINT_FRACTIONS': True,
  'PROGRESS_BARS': True,
  'REDIS_CACHE': False,
  'REDIS_CONFIG': {'db': 0, 'host': 'localhost', 'port': 6379, 'test_db': 1},
  'REPR_VERBOSITY': 2,
  'SINGLE_MICRO_NODES_WITH_SELFLOOPS_HAVE_PHI': False,
  'SYSTEM_CUTS': '3.0_STYLE',
  'USE_SMALL_PHI_DIFFERENCE_FOR_CES_DISTANCE': False,
  'VALIDATE_CONDITIONAL_INDEPENDENCE': True,
  'VALIDATE_SUBSYSTEM_STATES': True,
  'WELCOME_OFF': True}
2026-06-13 11:30:35,993 [pyphi.conf] INFO Process-36: PyPhi v1.2.0
2026-06-13 11:30:35,993 [pyphi.conf] INFO Process-36: Loaded configuration from ['C:\\Users\\User\\Documents\\Universidad\\ADA\\proyecto\\analisis-project-20261\\GeoMIP\\src\\Method2_Dynamic_Programming_Reformulation\\pyphi_config.yml']
2026-06-13 11:30:35,993 [pyphi.conf] INFO Process-36: Current PyPhi configuration:
 { 'ASSUME_CUTS_CANNOT_CREATE_NEW_CONCEPTS': False,
  'CACHE_POTENTIAL_PURVIEWS': True,
  'CACHE_REPERTOIRES': True,
  'CACHE_SIAS': False,
  'CACHING_BACKEND': 'fs',
  'CLEAR_SUBSYSTEM_CACHES_AFTER_COMPUTING_SIA': False,
  'CUT_ONE_APPROXIMATION': False,
  'FS_CACHE_DIRECTORY': '__pyphi_cache__',
  'FS_CACHE_VERBOSITY': 0,
  'LOG_FILE': 'pyphi.log',
  'LOG_FILE_LEVEL': 'INFO',
  'LOG_STDOUT_LEVEL': 'WARNING',
  'MAXIMUM_CACHE_MEMORY_PERCENTAGE': 50,
  'MEASURE': 'EMD',
  'MONGODB_CONFIG': { 'collection_name': 'cache',
                      'database_name': 'pyphi',
                      'host': 'localhost',
                      'port': 27017},
  'NUMBER_OF_CORES': -1,
  'PARALLEL_COMPLEX_EVALUATION': False,
  'PARALLEL_CONCEPT_EVALUATION': False,
  'PARALLEL_CUT_EVALUATION': True,
  'PARTITION_TYPE': 'BI',
  'PICK_SMALLEST_PURVIEW': False,
  'PRECISION': 6,
  'PRINT_FRACTIONS': True,
  'PROGRESS_BARS': True,
  'REDIS_CACHE': False,
  'REDIS_CONFIG': {'db': 0, 'host': 'localhost', 'port': 6379, 'test_db': 1},
  'REPR_VERBOSITY': 2,
  'SINGLE_MICRO_NODES_WITH_SELFLOOPS_HAVE_PHI': False,
  'SYSTEM_CUTS': '3.0_STYLE',
  'USE_SMALL_PHI_DIFFERENCE_FOR_CES_DISTANCE': False,
  'VALIDATE_CONDITIONAL_INDEPENDENCE': True,
  'VALIDATE_SUBSYSTEM_STATES': True,
  'WELCOME_OFF': True}
2026-06-13 11:30:37,569 [pyphi.conf] INFO Process-37: PyPhi v1.2.0
2026-06-13 11:30:37,569 [pyphi.conf] INFO Process-37: Loaded configuration from ['C:\\Users\\User\\Documents\\Universidad\\ADA\\proyecto\\analisis-project-20261\\GeoMIP\\src\\Method2_Dynamic_Programming_Reformulation\\pyphi_config.yml']
2026-06-13 11:30:37,569 [pyphi.conf] INFO Process-37: Current PyPhi configuration:
 { 'ASSUME_CUTS_CANNOT_CREATE_NEW_CONCEPTS': False,
  'CACHE_POTENTIAL_PURVIEWS': True,
  'CACHE_REPERTOIRES': True,
  'CACHE_SIAS': False,
  'CACHING_BACKEND': 'fs',
  'CLEAR_SUBSYSTEM_CACHES_AFTER_COMPUTING_SIA': False,
  'CUT_ONE_APPROXIMATION': False,
  'FS_CACHE_DIRECTORY': '__pyphi_cache__',
  'FS_CACHE_VERBOSITY': 0,
  'LOG_FILE': 'pyphi.log',
  'LOG_FILE_LEVEL': 'INFO',
  'LOG_STDOUT_LEVEL': 'WARNING',
  'MAXIMUM_CACHE_MEMORY_PERCENTAGE': 50,
  'MEASURE': 'EMD',
  'MONGODB_CONFIG': { 'collection_name': 'cache',
                      'database_name': 'pyphi',
                      'host': 'localhost',
                      'port': 27017},
  'NUMBER_OF_CORES': -1,
  'PARALLEL_COMPLEX_EVALUATION': False,
  'PARALLEL_CONCEPT_EVALUATION': False,
  'PARALLEL_CUT_EVALUATION': True,
  'PARTITION_TYPE': 'BI',
  'PICK_SMALLEST_PURVIEW': False,
  'PRECISION': 6,
  'PRINT_FRACTIONS': True,
  'PROGRESS_BARS': True,
  'REDIS_CACHE': False,
  'REDIS_CONFIG': {'db': 0, 'host': 'localhost', 'port': 6379, 'test_db': 1},
  'REPR_VERBOSITY': 2,
  'SINGLE_MICRO_NODES_WITH_SELFLOOPS_HAVE_PHI': False,
  'SYSTEM_CUTS': '3.0_STYLE',
  'USE_SMALL_PHI_DIFFERENCE_FOR_CES_DISTANCE': False,
  'VALIDATE_CONDITIONAL_INDEPENDENCE': True,
  'VALIDATE_SUBSYSTEM_STATES': True,
  'WELCOME_OFF': True}
2026-06-13 11:30:39,126 [pyphi.conf] INFO Process-38: PyPhi v1.2.0
2026-06-13 11:30:39,126 [pyphi.conf] INFO Process-38: Loaded configuration from ['C:\\Users\\User\\Documents\\Universidad\\ADA\\proyecto\\analisis-project-20261\\GeoMIP\\src\\Method2_Dynamic_Programming_Reformulation\\pyphi_config.yml']
2026-06-13 11:30:39,126 [pyphi.conf] INFO Process-38: Current PyPhi configuration:
 { 'ASSUME_CUTS_CANNOT_CREATE_NEW_CONCEPTS': False,
  'CACHE_POTENTIAL_PURVIEWS': True,
  'CACHE_REPERTOIRES': True,
  'CACHE_SIAS': False,
  'CACHING_BACKEND': 'fs',
  'CLEAR_SUBSYSTEM_CACHES_AFTER_COMPUTING_SIA': False,
  'CUT_ONE_APPROXIMATION': False,
  'FS_CACHE_DIRECTORY': '__pyphi_cache__',
  'FS_CACHE_VERBOSITY': 0,
  'LOG_FILE': 'pyphi.log',
  'LOG_FILE_LEVEL': 'INFO',
  'LOG_STDOUT_LEVEL': 'WARNING',
  'MAXIMUM_CACHE_MEMORY_PERCENTAGE': 50,
  'MEASURE': 'EMD',
  'MONGODB_CONFIG': { 'collection_name': 'cache',
                      'database_name': 'pyphi',
                      'host': 'localhost',
                      'port': 27017},
  'NUMBER_OF_CORES': -1,
  'PARALLEL_COMPLEX_EVALUATION': False,
  'PARALLEL_CONCEPT_EVALUATION': False,
  'PARALLEL_CUT_EVALUATION': True,
  'PARTITION_TYPE': 'BI',
  'PICK_SMALLEST_PURVIEW': False,
  'PRECISION': 6,
  'PRINT_FRACTIONS': True,
  'PROGRESS_BARS': True,
  'REDIS_CACHE': False,
  'REDIS_CONFIG': {'db': 0, 'host': 'localhost', 'port': 6379, 'test_db': 1},
  'REPR_VERBOSITY': 2,
  'SINGLE_MICRO_NODES_WITH_SELFLOOPS_HAVE_PHI': False,
  'SYSTEM_CUTS': '3.0_STYLE',
  'USE_SMALL_PHI_DIFFERENCE_FOR_CES_DISTANCE': False,
  'VALIDATE_CONDITIONAL_INDEPENDENCE': True,
  'VALIDATE_SUBSYSTEM_STATES': True,
  'WELCOME_OFF': True}
2026-06-13 11:30:40,683 [pyphi.conf] INFO Process-39: PyPhi v1.2.0
2026-06-13 11:30:40,683 [pyphi.conf] INFO Process-39: Loaded configuration from ['C:\\Users\\User\\Documents\\Universidad\\ADA\\proyecto\\analisis-project-20261\\GeoMIP\\src\\Method2_Dynamic_Programming_Reformulation\\pyphi_config.yml']
2026-06-13 11:30:40,683 [pyphi.conf] INFO Process-39: Current PyPhi configuration:
 { 'ASSUME_CUTS_CANNOT_CREATE_NEW_CONCEPTS': False,
  'CACHE_POTENTIAL_PURVIEWS': True,
  'CACHE_REPERTOIRES': True,
  'CACHE_SIAS': False,
  'CACHING_BACKEND': 'fs',
  'CLEAR_SUBSYSTEM_CACHES_AFTER_COMPUTING_SIA': False,
  'CUT_ONE_APPROXIMATION': False,
  'FS_CACHE_DIRECTORY': '__pyphi_cache__',
  'FS_CACHE_VERBOSITY': 0,
  'LOG_FILE': 'pyphi.log',
  'LOG_FILE_LEVEL': 'INFO',
  'LOG_STDOUT_LEVEL': 'WARNING',
  'MAXIMUM_CACHE_MEMORY_PERCENTAGE': 50,
  'MEASURE': 'EMD',
  'MONGODB_CONFIG': { 'collection_name': 'cache',
                      'database_name': 'pyphi',
                      'host': 'localhost',
                      'port': 27017},
  'NUMBER_OF_CORES': -1,
  'PARALLEL_COMPLEX_EVALUATION': False,
  'PARALLEL_CONCEPT_EVALUATION': False,
  'PARALLEL_CUT_EVALUATION': True,
  'PARTITION_TYPE': 'BI',
  'PICK_SMALLEST_PURVIEW': False,
  'PRECISION': 6,
  'PRINT_FRACTIONS': True,
  'PROGRESS_BARS': True,
  'REDIS_CACHE': False,
  'REDIS_CONFIG': {'db': 0, 'host': 'localhost', 'port': 6379, 'test_db': 1},
  'REPR_VERBOSITY': 2,
  'SINGLE_MICRO_NODES_WITH_SELFLOOPS_HAVE_PHI': False,
  'SYSTEM_CUTS': '3.0_STYLE',
  'USE_SMALL_PHI_DIFFERENCE_FOR_CES_DISTANCE': False,
  'VALIDATE_CONDITIONAL_INDEPENDENCE': True,
  'VALIDATE_SUBSYSTEM_STATES': True,
  'WELCOME_OFF': True}
2026-06-13 11:30:42,237 [pyphi.conf] INFO Process-40: PyPhi v1.2.0
2026-06-13 11:30:42,237 [pyphi.conf] INFO Process-40: Loaded configuration from ['C:\\Users\\User\\Documents\\Universidad\\ADA\\proyecto\\analisis-project-20261\\GeoMIP\\src\\Method2_Dynamic_Programming_Reformulation\\pyphi_config.yml']
2026-06-13 11:30:42,237 [pyphi.conf] INFO Process-40: Current PyPhi configuration:
 { 'ASSUME_CUTS_CANNOT_CREATE_NEW_CONCEPTS': False,
  'CACHE_POTENTIAL_PURVIEWS': True,
  'CACHE_REPERTOIRES': True,
  'CACHE_SIAS': False,
  'CACHING_BACKEND': 'fs',
  'CLEAR_SUBSYSTEM_CACHES_AFTER_COMPUTING_SIA': False,
  'CUT_ONE_APPROXIMATION': False,
  'FS_CACHE_DIRECTORY': '__pyphi_cache__',
  'FS_CACHE_VERBOSITY': 0,
  'LOG_FILE': 'pyphi.log',
  'LOG_FILE_LEVEL': 'INFO',
  'LOG_STDOUT_LEVEL': 'WARNING',
  'MAXIMUM_CACHE_MEMORY_PERCENTAGE': 50,
  'MEASURE': 'EMD',
  'MONGODB_CONFIG': { 'collection_name': 'cache',
                      'database_name': 'pyphi',
                      'host': 'localhost',
                      'port': 27017},
  'NUMBER_OF_CORES': -1,
  'PARALLEL_COMPLEX_EVALUATION': False,
  'PARALLEL_CONCEPT_EVALUATION': False,
  'PARALLEL_CUT_EVALUATION': True,
  'PARTITION_TYPE': 'BI',
  'PICK_SMALLEST_PURVIEW': False,
  'PRECISION': 6,
  'PRINT_FRACTIONS': True,
  'PROGRESS_BARS': True,
  'REDIS_CACHE': False,
  'REDIS_CONFIG': {'db': 0, 'host': 'localhost', 'port': 6379, 'test_db': 1},
  'REPR_VERBOSITY': 2,
  'SINGLE_MICRO_NODES_WITH_SELFLOOPS_HAVE_PHI': False,
  'SYSTEM_CUTS': '3.0_STYLE',
  'USE_SMALL_PHI_DIFFERENCE_FOR_CES_DISTANCE': False,
  'VALIDATE_CONDITIONAL_INDEPENDENCE': True,
  'VALIDATE_SUBSYSTEM_STATES': True,
  'WELCOME_OFF': True}
2026-06-13 11:30:43,796 [pyphi.conf] INFO Process-41: PyPhi v1.2.0
2026-06-13 11:30:43,796 [pyphi.conf] INFO Process-41: Loaded configuration from ['C:\\Users\\User\\Documents\\Universidad\\ADA\\proyecto\\analisis-project-20261\\GeoMIP\\src\\Method2_Dynamic_Programming_Reformulation\\pyphi_config.yml']
2026-06-13 11:30:43,796 [pyphi.conf] INFO Process-41: Current PyPhi configuration:
 { 'ASSUME_CUTS_CANNOT_CREATE_NEW_CONCEPTS': False,
  'CACHE_POTENTIAL_PURVIEWS': True,
  'CACHE_REPERTOIRES': True,
  'CACHE_SIAS': False,
  'CACHING_BACKEND': 'fs',
  'CLEAR_SUBSYSTEM_CACHES_AFTER_COMPUTING_SIA': False,
  'CUT_ONE_APPROXIMATION': False,
  'FS_CACHE_DIRECTORY': '__pyphi_cache__',
  'FS_CACHE_VERBOSITY': 0,
  'LOG_FILE': 'pyphi.log',
  'LOG_FILE_LEVEL': 'INFO',
  'LOG_STDOUT_LEVEL': 'WARNING',
  'MAXIMUM_CACHE_MEMORY_PERCENTAGE': 50,
  'MEASURE': 'EMD',
  'MONGODB_CONFIG': { 'collection_name': 'cache',
                      'database_name': 'pyphi',
                      'host': 'localhost',
                      'port': 27017},
  'NUMBER_OF_CORES': -1,
  'PARALLEL_COMPLEX_EVALUATION': False,
  'PARALLEL_CONCEPT_EVALUATION': False,
  'PARALLEL_CUT_EVALUATION': True,
  'PARTITION_TYPE': 'BI',
  'PICK_SMALLEST_PURVIEW': False,
  'PRECISION': 6,
  'PRINT_FRACTIONS': True,
  'PROGRESS_BARS': True,
  'REDIS_CACHE': False,
  'REDIS_CONFIG': {'db': 0, 'host': 'localhost', 'port': 6379, 'test_db': 1},
  'REPR_VERBOSITY': 2,
  'SINGLE_MICRO_NODES_WITH_SELFLOOPS_HAVE_PHI': False,
  'SYSTEM_CUTS': '3.0_STYLE',
  'USE_SMALL_PHI_DIFFERENCE_FOR_CES_DISTANCE': False,
  'VALIDATE_CONDITIONAL_INDEPENDENCE': True,
  'VALIDATE_SUBSYSTEM_STATES': True,
  'WELCOME_OFF': True}
2026-06-13 11:30:45,349 [pyphi.conf] INFO Process-42: PyPhi v1.2.0
2026-06-13 11:30:45,349 [pyphi.conf] INFO Process-42: Loaded configuration from ['C:\\Users\\User\\Documents\\Universidad\\ADA\\proyecto\\analisis-project-20261\\GeoMIP\\src\\Method2_Dynamic_Programming_Reformulation\\pyphi_config.yml']
2026-06-13 11:30:45,349 [pyphi.conf] INFO Process-42: Current PyPhi configuration:
 { 'ASSUME_CUTS_CANNOT_CREATE_NEW_CONCEPTS': False,
  'CACHE_POTENTIAL_PURVIEWS': True,
  'CACHE_REPERTOIRES': True,
  'CACHE_SIAS': False,
  'CACHING_BACKEND': 'fs',
  'CLEAR_SUBSYSTEM_CACHES_AFTER_COMPUTING_SIA': False,
  'CUT_ONE_APPROXIMATION': False,
  'FS_CACHE_DIRECTORY': '__pyphi_cache__',
  'FS_CACHE_VERBOSITY': 0,
  'LOG_FILE': 'pyphi.log',
  'LOG_FILE_LEVEL': 'INFO',
  'LOG_STDOUT_LEVEL': 'WARNING',
  'MAXIMUM_CACHE_MEMORY_PERCENTAGE': 50,
  'MEASURE': 'EMD',
  'MONGODB_CONFIG': { 'collection_name': 'cache',
                      'database_name': 'pyphi',
                      'host': 'localhost',
                      'port': 27017},
  'NUMBER_OF_CORES': -1,
  'PARALLEL_COMPLEX_EVALUATION': False,
  'PARALLEL_CONCEPT_EVALUATION': False,
  'PARALLEL_CUT_EVALUATION': True,
  'PARTITION_TYPE': 'BI',
  'PICK_SMALLEST_PURVIEW': False,
  'PRECISION': 6,
  'PRINT_FRACTIONS': True,
  'PROGRESS_BARS': True,
  'REDIS_CACHE': False,
  'REDIS_CONFIG': {'db': 0, 'host': 'localhost', 'port': 6379, 'test_db': 1},
  'REPR_VERBOSITY': 2,
  'SINGLE_MICRO_NODES_WITH_SELFLOOPS_HAVE_PHI': False,
  'SYSTEM_CUTS': '3.0_STYLE',
  'USE_SMALL_PHI_DIFFERENCE_FOR_CES_DISTANCE': False,
  'VALIDATE_CONDITIONAL_INDEPENDENCE': True,
  'VALIDATE_SUBSYSTEM_STATES': True,
  'WELCOME_OFF': True}
2026-06-13 11:30:46,902 [pyphi.conf] INFO Process-43: PyPhi v1.2.0
2026-06-13 11:30:46,902 [pyphi.conf] INFO Process-43: Loaded configuration from ['C:\\Users\\User\\Documents\\Universidad\\ADA\\proyecto\\analisis-project-20261\\GeoMIP\\src\\Method2_Dynamic_Programming_Reformulation\\pyphi_config.yml']
2026-06-13 11:30:46,902 [pyphi.conf] INFO Process-43: Current PyPhi configuration:
 { 'ASSUME_CUTS_CANNOT_CREATE_NEW_CONCEPTS': False,
  'CACHE_POTENTIAL_PURVIEWS': True,
  'CACHE_REPERTOIRES': True,
  'CACHE_SIAS': False,
  'CACHING_BACKEND': 'fs',
  'CLEAR_SUBSYSTEM_CACHES_AFTER_COMPUTING_SIA': False,
  'CUT_ONE_APPROXIMATION': False,
  'FS_CACHE_DIRECTORY': '__pyphi_cache__',
  'FS_CACHE_VERBOSITY': 0,
  'LOG_FILE': 'pyphi.log',
  'LOG_FILE_LEVEL': 'INFO',
  'LOG_STDOUT_LEVEL': 'WARNING',
  'MAXIMUM_CACHE_MEMORY_PERCENTAGE': 50,
  'MEASURE': 'EMD',
  'MONGODB_CONFIG': { 'collection_name': 'cache',
                      'database_name': 'pyphi',
                      'host': 'localhost',
                      'port': 27017},
  'NUMBER_OF_CORES': -1,
  'PARALLEL_COMPLEX_EVALUATION': False,
  'PARALLEL_CONCEPT_EVALUATION': False,
  'PARALLEL_CUT_EVALUATION': True,
  'PARTITION_TYPE': 'BI',
  'PICK_SMALLEST_PURVIEW': False,
  'PRECISION': 6,
  'PRINT_FRACTIONS': True,
  'PROGRESS_BARS': True,
  'REDIS_CACHE': False,
  'REDIS_CONFIG': {'db': 0, 'host': 'localhost', 'port': 6379, 'test_db': 1},
  'REPR_VERBOSITY': 2,
  'SINGLE_MICRO_NODES_WITH_SELFLOOPS_HAVE_PHI': False,
  'SYSTEM_CUTS': '3.0_STYLE',
  'USE_SMALL_PHI_DIFFERENCE_FOR_CES_DISTANCE': False,
  'VALIDATE_CONDITIONAL_INDEPENDENCE': True,
  'VALIDATE_SUBSYSTEM_STATES': True,
  'WELCOME_OFF': True}
2026-06-13 11:30:48,491 [pyphi.conf] INFO Process-44: PyPhi v1.2.0
2026-06-13 11:30:48,491 [pyphi.conf] INFO Process-44: Loaded configuration from ['C:\\Users\\User\\Documents\\Universidad\\ADA\\proyecto\\analisis-project-20261\\GeoMIP\\src\\Method2_Dynamic_Programming_Reformulation\\pyphi_config.yml']
2026-06-13 11:30:48,491 [pyphi.conf] INFO Process-44: Current PyPhi configuration:
 { 'ASSUME_CUTS_CANNOT_CREATE_NEW_CONCEPTS': False,
  'CACHE_POTENTIAL_PURVIEWS': True,
  'CACHE_REPERTOIRES': True,
  'CACHE_SIAS': False,
  'CACHING_BACKEND': 'fs',
  'CLEAR_SUBSYSTEM_CACHES_AFTER_COMPUTING_SIA': False,
  'CUT_ONE_APPROXIMATION': False,
  'FS_CACHE_DIRECTORY': '__pyphi_cache__',
  'FS_CACHE_VERBOSITY': 0,
  'LOG_FILE': 'pyphi.log',
  'LOG_FILE_LEVEL': 'INFO',
  'LOG_STDOUT_LEVEL': 'WARNING',
  'MAXIMUM_CACHE_MEMORY_PERCENTAGE': 50,
  'MEASURE': 'EMD',
  'MONGODB_CONFIG': { 'collection_name': 'cache',
                      'database_name': 'pyphi',
                      'host': 'localhost',
                      'port': 27017},
  'NUMBER_OF_CORES': -1,
  'PARALLEL_COMPLEX_EVALUATION': False,
  'PARALLEL_CONCEPT_EVALUATION': False,
  'PARALLEL_CUT_EVALUATION': True,
  'PARTITION_TYPE': 'BI',
  'PICK_SMALLEST_PURVIEW': False,
  'PRECISION': 6,
  'PRINT_FRACTIONS': True,
  'PROGRESS_BARS': True,
  'REDIS_CACHE': False,
  'REDIS_CONFIG': {'db': 0, 'host': 'localhost', 'port': 6379, 'test_db': 1},
  'REPR_VERBOSITY': 2,
  'SINGLE_MICRO_NODES_WITH_SELFLOOPS_HAVE_PHI': False,
  'SYSTEM_CUTS': '3.0_STYLE',
  'USE_SMALL_PHI_DIFFERENCE_FOR_CES_DISTANCE': False,
  'VALIDATE_CONDITIONAL_INDEPENDENCE': True,
  'VALIDATE_SUBSYSTEM_STATES': True,
  'WELCOME_OFF': True}
2026-06-13 11:30:50,055 [pyphi.conf] INFO Process-45: PyPhi v1.2.0
2026-06-13 11:30:50,055 [pyphi.conf] INFO Process-45: Loaded configuration from ['C:\\Users\\User\\Documents\\Universidad\\ADA\\proyecto\\analisis-project-20261\\GeoMIP\\src\\Method2_Dynamic_Programming_Reformulation\\pyphi_config.yml']
2026-06-13 11:30:50,055 [pyphi.conf] INFO Process-45: Current PyPhi configuration:
 { 'ASSUME_CUTS_CANNOT_CREATE_NEW_CONCEPTS': False,
  'CACHE_POTENTIAL_PURVIEWS': True,
  'CACHE_REPERTOIRES': True,
  'CACHE_SIAS': False,
  'CACHING_BACKEND': 'fs',
  'CLEAR_SUBSYSTEM_CACHES_AFTER_COMPUTING_SIA': False,
  'CUT_ONE_APPROXIMATION': False,
  'FS_CACHE_DIRECTORY': '__pyphi_cache__',
  'FS_CACHE_VERBOSITY': 0,
  'LOG_FILE': 'pyphi.log',
  'LOG_FILE_LEVEL': 'INFO',
  'LOG_STDOUT_LEVEL': 'WARNING',
  'MAXIMUM_CACHE_MEMORY_PERCENTAGE': 50,
  'MEASURE': 'EMD',
  'MONGODB_CONFIG': { 'collection_name': 'cache',
                      'database_name': 'pyphi',
                      'host': 'localhost',
                      'port': 27017},
  'NUMBER_OF_CORES': -1,
  'PARALLEL_COMPLEX_EVALUATION': False,
  'PARALLEL_CONCEPT_EVALUATION': False,
  'PARALLEL_CUT_EVALUATION': True,
  'PARTITION_TYPE': 'BI',
  'PICK_SMALLEST_PURVIEW': False,
  'PRECISION': 6,
  'PRINT_FRACTIONS': True,
  'PROGRESS_BARS': True,
  'REDIS_CACHE': False,
  'REDIS_CONFIG': {'db': 0, 'host': 'localhost', 'port': 6379, 'test_db': 1},
  'REPR_VERBOSITY': 2,
  'SINGLE_MICRO_NODES_WITH_SELFLOOPS_HAVE_PHI': False,
  'SYSTEM_CUTS': '3.0_STYLE',
  'USE_SMALL_PHI_DIFFERENCE_FOR_CES_DISTANCE': False,
  'VALIDATE_CONDITIONAL_INDEPENDENCE': True,
  'VALIDATE_SUBSYSTEM_STATES': True,
  'WELCOME_OFF': True}
2026-06-13 11:30:51,604 [pyphi.conf] INFO Process-46: PyPhi v1.2.0
2026-06-13 11:30:51,604 [pyphi.conf] INFO Process-46: Loaded configuration from ['C:\\Users\\User\\Documents\\Universidad\\ADA\\proyecto\\analisis-project-20261\\GeoMIP\\src\\Method2_Dynamic_Programming_Reformulation\\pyphi_config.yml']
2026-06-13 11:30:51,604 [pyphi.conf] INFO Process-46: Current PyPhi configuration:
 { 'ASSUME_CUTS_CANNOT_CREATE_NEW_CONCEPTS': False,
  'CACHE_POTENTIAL_PURVIEWS': True,
  'CACHE_REPERTOIRES': True,
  'CACHE_SIAS': False,
  'CACHING_BACKEND': 'fs',
  'CLEAR_SUBSYSTEM_CACHES_AFTER_COMPUTING_SIA': False,
  'CUT_ONE_APPROXIMATION': False,
  'FS_CACHE_DIRECTORY': '__pyphi_cache__',
  'FS_CACHE_VERBOSITY': 0,
  'LOG_FILE': 'pyphi.log',
  'LOG_FILE_LEVEL': 'INFO',
  'LOG_STDOUT_LEVEL': 'WARNING',
  'MAXIMUM_CACHE_MEMORY_PERCENTAGE': 50,
  'MEASURE': 'EMD',
  'MONGODB_CONFIG': { 'collection_name': 'cache',
                      'database_name': 'pyphi',
                      'host': 'localhost',
                      'port': 27017},
  'NUMBER_OF_CORES': -1,
  'PARALLEL_COMPLEX_EVALUATION': False,
  'PARALLEL_CONCEPT_EVALUATION': False,
  'PARALLEL_CUT_EVALUATION': True,
  'PARTITION_TYPE': 'BI',
  'PICK_SMALLEST_PURVIEW': False,
  'PRECISION': 6,
  'PRINT_FRACTIONS': True,
  'PROGRESS_BARS': True,
  'REDIS_CACHE': False,
  'REDIS_CONFIG': {'db': 0, 'host': 'localhost', 'port': 6379, 'test_db': 1},
  'REPR_VERBOSITY': 2,
  'SINGLE_MICRO_NODES_WITH_SELFLOOPS_HAVE_PHI': False,
  'SYSTEM_CUTS': '3.0_STYLE',
  'USE_SMALL_PHI_DIFFERENCE_FOR_CES_DISTANCE': False,
  'VALIDATE_CONDITIONAL_INDEPENDENCE': True,
  'VALIDATE_SUBSYSTEM_STATES': True,
  'WELCOME_OFF': True}
2026-06-13 11:30:53,164 [pyphi.conf] INFO Process-47: PyPhi v1.2.0
2026-06-13 11:30:53,164 [pyphi.conf] INFO Process-47: Loaded configuration from ['C:\\Users\\User\\Documents\\Universidad\\ADA\\proyecto\\analisis-project-20261\\GeoMIP\\src\\Method2_Dynamic_Programming_Reformulation\\pyphi_config.yml']
2026-06-13 11:30:53,164 [pyphi.conf] INFO Process-47: Current PyPhi configuration:
 { 'ASSUME_CUTS_CANNOT_CREATE_NEW_CONCEPTS': False,
  'CACHE_POTENTIAL_PURVIEWS': True,
  'CACHE_REPERTOIRES': True,
  'CACHE_SIAS': False,
  'CACHING_BACKEND': 'fs',
  'CLEAR_SUBSYSTEM_CACHES_AFTER_COMPUTING_SIA': False,
  'CUT_ONE_APPROXIMATION': False,
  'FS_CACHE_DIRECTORY': '__pyphi_cache__',
  'FS_CACHE_VERBOSITY': 0,
  'LOG_FILE': 'pyphi.log',
  'LOG_FILE_LEVEL': 'INFO',
  'LOG_STDOUT_LEVEL': 'WARNING',
  'MAXIMUM_CACHE_MEMORY_PERCENTAGE': 50,
  'MEASURE': 'EMD',
  'MONGODB_CONFIG': { 'collection_name': 'cache',
                      'database_name': 'pyphi',
                      'host': 'localhost',
                      'port': 27017},
  'NUMBER_OF_CORES': -1,
  'PARALLEL_COMPLEX_EVALUATION': False,
  'PARALLEL_CONCEPT_EVALUATION': False,
  'PARALLEL_CUT_EVALUATION': True,
  'PARTITION_TYPE': 'BI',
  'PICK_SMALLEST_PURVIEW': False,
  'PRECISION': 6,
  'PRINT_FRACTIONS': True,
  'PROGRESS_BARS': True,
  'REDIS_CACHE': False,
  'REDIS_CONFIG': {'db': 0, 'host': 'localhost', 'port': 6379, 'test_db': 1},
  'REPR_VERBOSITY': 2,
  'SINGLE_MICRO_NODES_WITH_SELFLOOPS_HAVE_PHI': False,
  'SYSTEM_CUTS': '3.0_STYLE',
  'USE_SMALL_PHI_DIFFERENCE_FOR_CES_DISTANCE': False,
  'VALIDATE_CONDITIONAL_INDEPENDENCE': True,
  'VALIDATE_SUBSYSTEM_STATES': True,
  'WELCOME_OFF': True}
2026-06-13 11:30:54,712 [pyphi.conf] INFO Process-48: PyPhi v1.2.0
2026-06-13 11:30:54,712 [pyphi.conf] INFO Process-48: Loaded configuration from ['C:\\Users\\User\\Documents\\Universidad\\ADA\\proyecto\\analisis-project-20261\\GeoMIP\\src\\Method2_Dynamic_Programming_Reformulation\\pyphi_config.yml']
2026-06-13 11:30:54,712 [pyphi.conf] INFO Process-48: Current PyPhi configuration:
 { 'ASSUME_CUTS_CANNOT_CREATE_NEW_CONCEPTS': False,
  'CACHE_POTENTIAL_PURVIEWS': True,
  'CACHE_REPERTOIRES': True,
  'CACHE_SIAS': False,
  'CACHING_BACKEND': 'fs',
  'CLEAR_SUBSYSTEM_CACHES_AFTER_COMPUTING_SIA': False,
  'CUT_ONE_APPROXIMATION': False,
  'FS_CACHE_DIRECTORY': '__pyphi_cache__',
  'FS_CACHE_VERBOSITY': 0,
  'LOG_FILE': 'pyphi.log',
  'LOG_FILE_LEVEL': 'INFO',
  'LOG_STDOUT_LEVEL': 'WARNING',
  'MAXIMUM_CACHE_MEMORY_PERCENTAGE': 50,
  'MEASURE': 'EMD',
  'MONGODB_CONFIG': { 'collection_name': 'cache',
                      'database_name': 'pyphi',
                      'host': 'localhost',
                      'port': 27017},
  'NUMBER_OF_CORES': -1,
  'PARALLEL_COMPLEX_EVALUATION': False,
  'PARALLEL_CONCEPT_EVALUATION': False,
  'PARALLEL_CUT_EVALUATION': True,
  'PARTITION_TYPE': 'BI',
  'PICK_SMALLEST_PURVIEW': False,
  'PRECISION': 6,
  'PRINT_FRACTIONS': True,
  'PROGRESS_BARS': True,
  'REDIS_CACHE': False,
  'REDIS_CONFIG': {'db': 0, 'host': 'localhost', 'port': 6379, 'test_db': 1},
  'REPR_VERBOSITY': 2,
  'SINGLE_MICRO_NODES_WITH_SELFLOOPS_HAVE_PHI': False,
  'SYSTEM_CUTS': '3.0_STYLE',
  'USE_SMALL_PHI_DIFFERENCE_FOR_CES_DISTANCE': False,
  'VALIDATE_CONDITIONAL_INDEPENDENCE': True,
  'VALIDATE_SUBSYSTEM_STATES': True,
  'WELCOME_OFF': True}
2026-06-13 11:30:56,245 [pyphi.conf] INFO Process-49: PyPhi v1.2.0
2026-06-13 11:30:56,245 [pyphi.conf] INFO Process-49: Loaded configuration from ['C:\\Users\\User\\Documents\\Universidad\\ADA\\proyecto\\analisis-project-20261\\GeoMIP\\src\\Method2_Dynamic_Programming_Reformulation\\pyphi_config.yml']
2026-06-13 11:30:56,245 [pyphi.conf] INFO Process-49: Current PyPhi configuration:
 { 'ASSUME_CUTS_CANNOT_CREATE_NEW_CONCEPTS': False,
  'CACHE_POTENTIAL_PURVIEWS': True,
  'CACHE_REPERTOIRES': True,
  'CACHE_SIAS': False,
  'CACHING_BACKEND': 'fs',
  'CLEAR_SUBSYSTEM_CACHES_AFTER_COMPUTING_SIA': False,
  'CUT_ONE_APPROXIMATION': False,
  'FS_CACHE_DIRECTORY': '__pyphi_cache__',
  'FS_CACHE_VERBOSITY': 0,
  'LOG_FILE': 'pyphi.log',
  'LOG_FILE_LEVEL': 'INFO',
  'LOG_STDOUT_LEVEL': 'WARNING',
  'MAXIMUM_CACHE_MEMORY_PERCENTAGE': 50,
  'MEASURE': 'EMD',
  'MONGODB_CONFIG': { 'collection_name': 'cache',
                      'database_name': 'pyphi',
                      'host': 'localhost',
                      'port': 27017},
  'NUMBER_OF_CORES': -1,
  'PARALLEL_COMPLEX_EVALUATION': False,
  'PARALLEL_CONCEPT_EVALUATION': False,
  'PARALLEL_CUT_EVALUATION': True,
  'PARTITION_TYPE': 'BI',
  'PICK_SMALLEST_PURVIEW': False,
  'PRECISION': 6,
  'PRINT_FRACTIONS': True,
  'PROGRESS_BARS': True,
  'REDIS_CACHE': False,
  'REDIS_CONFIG': {'db': 0, 'host': 'localhost', 'port': 6379, 'test_db': 1},
  'REPR_VERBOSITY': 2,
  'SINGLE_MICRO_NODES_WITH_SELFLOOPS_HAVE_PHI': False,
  'SYSTEM_CUTS': '3.0_STYLE',
  'USE_SMALL_PHI_DIFFERENCE_FOR_CES_DISTANCE': False,
  'VALIDATE_CONDITIONAL_INDEPENDENCE': True,
  'VALIDATE_SUBSYSTEM_STATES': True,
  'WELCOME_OFF': True}
2026-06-13 11:31:20,514 [pyphi.conf] INFO MainProcess: PyPhi v1.2.0
2026-06-13 11:31:20,514 [pyphi.conf] INFO MainProcess: Loaded configuration from ['C:\\Users\\User\\Documents\\Universidad\\ADA\\proyecto\\analisis-project-20261\\GeoMIP\\src\\Method2_Dynamic_Programming_Reformulation\\pyphi_config.yml']
2026-06-13 11:31:20,514 [pyphi.conf] INFO MainProcess: Current PyPhi configuration:
 { 'ASSUME_CUTS_CANNOT_CREATE_NEW_CONCEPTS': False,
  'CACHE_POTENTIAL_PURVIEWS': True,
  'CACHE_REPERTOIRES': True,
  'CACHE_SIAS': False,
  'CACHING_BACKEND': 'fs',
  'CLEAR_SUBSYSTEM_CACHES_AFTER_COMPUTING_SIA': False,
  'CUT_ONE_APPROXIMATION': False,
  'FS_CACHE_DIRECTORY': '__pyphi_cache__',
  'FS_CACHE_VERBOSITY': 0,
  'LOG_FILE': 'pyphi.log',
  'LOG_FILE_LEVEL': 'INFO',
  'LOG_STDOUT_LEVEL': 'WARNING',
  'MAXIMUM_CACHE_MEMORY_PERCENTAGE': 50,
  'MEASURE': 'EMD',
  'MONGODB_CONFIG': { 'collection_name': 'cache',
                      'database_name': 'pyphi',
                      'host': 'localhost',
                      'port': 27017},
  'NUMBER_OF_CORES': -1,
  'PARALLEL_COMPLEX_EVALUATION': False,
  'PARALLEL_CONCEPT_EVALUATION': False,
  'PARALLEL_CUT_EVALUATION': True,
  'PARTITION_TYPE': 'BI',
  'PICK_SMALLEST_PURVIEW': False,
  'PRECISION': 6,
  'PRINT_FRACTIONS': True,
  'PROGRESS_BARS': True,
  'REDIS_CACHE': False,
  'REDIS_CONFIG': {'db': 0, 'host': 'localhost', 'port': 6379, 'test_db': 1},
  'REPR_VERBOSITY': 2,
  'SINGLE_MICRO_NODES_WITH_SELFLOOPS_HAVE_PHI': False,
  'SYSTEM_CUTS': '3.0_STYLE',
  'USE_SMALL_PHI_DIFFERENCE_FOR_CES_DISTANCE': False,
  'VALIDATE_CONDITIONAL_INDEPENDENCE': True,
  'VALIDATE_SUBSYSTEM_STATES': True,
  'WELCOME_OFF': True}
2026-06-13 11:31:22,109 [pyphi.conf] INFO Process-1: PyPhi v1.2.0
2026-06-13 11:31:22,109 [pyphi.conf] INFO Process-1: Loaded configuration from ['C:\\Users\\User\\Documents\\Universidad\\ADA\\proyecto\\analisis-project-20261\\GeoMIP\\src\\Method2_Dynamic_Programming_Reformulation\\pyphi_config.yml']
2026-06-13 11:31:22,109 [pyphi.conf] INFO Process-1: Current PyPhi configuration:
 { 'ASSUME_CUTS_CANNOT_CREATE_NEW_CONCEPTS': False,
  'CACHE_POTENTIAL_PURVIEWS': True,
  'CACHE_REPERTOIRES': True,
  'CACHE_SIAS': False,
  'CACHING_BACKEND': 'fs',
  'CLEAR_SUBSYSTEM_CACHES_AFTER_COMPUTING_SIA': False,
  'CUT_ONE_APPROXIMATION': False,
  'FS_CACHE_DIRECTORY': '__pyphi_cache__',
  'FS_CACHE_VERBOSITY': 0,
  'LOG_FILE': 'pyphi.log',
  'LOG_FILE_LEVEL': 'INFO',
  'LOG_STDOUT_LEVEL': 'WARNING',
  'MAXIMUM_CACHE_MEMORY_PERCENTAGE': 50,
  'MEASURE': 'EMD',
  'MONGODB_CONFIG': { 'collection_name': 'cache',
                      'database_name': 'pyphi',
                      'host': 'localhost',
                      'port': 27017},
  'NUMBER_OF_CORES': -1,
  'PARALLEL_COMPLEX_EVALUATION': False,
  'PARALLEL_CONCEPT_EVALUATION': False,
  'PARALLEL_CUT_EVALUATION': True,
  'PARTITION_TYPE': 'BI',
  'PICK_SMALLEST_PURVIEW': False,
  'PRECISION': 6,
  'PRINT_FRACTIONS': True,
  'PROGRESS_BARS': True,
  'REDIS_CACHE': False,
  'REDIS_CONFIG': {'db': 0, 'host': 'localhost', 'port': 6379, 'test_db': 1},
  'REPR_VERBOSITY': 2,
  'SINGLE_MICRO_NODES_WITH_SELFLOOPS_HAVE_PHI': False,
  'SYSTEM_CUTS': '3.0_STYLE',
  'USE_SMALL_PHI_DIFFERENCE_FOR_CES_DISTANCE': False,
  'VALIDATE_CONDITIONAL_INDEPENDENCE': True,
  'VALIDATE_SUBSYSTEM_STATES': True,
  'WELCOME_OFF': True}
2026-06-13 11:31:24,052 [pyphi.conf] INFO Process-2: PyPhi v1.2.0
2026-06-13 11:31:24,052 [pyphi.conf] INFO Process-2: Loaded configuration from ['C:\\Users\\User\\Documents\\Universidad\\ADA\\proyecto\\analisis-project-20261\\GeoMIP\\src\\Method2_Dynamic_Programming_Reformulation\\pyphi_config.yml']
2026-06-13 11:31:24,052 [pyphi.conf] INFO Process-2: Current PyPhi configuration:
 { 'ASSUME_CUTS_CANNOT_CREATE_NEW_CONCEPTS': False,
  'CACHE_POTENTIAL_PURVIEWS': True,
  'CACHE_REPERTOIRES': True,
  'CACHE_SIAS': False,
  'CACHING_BACKEND': 'fs',
  'CLEAR_SUBSYSTEM_CACHES_AFTER_COMPUTING_SIA': False,
  'CUT_ONE_APPROXIMATION': False,
  'FS_CACHE_DIRECTORY': '__pyphi_cache__',
  'FS_CACHE_VERBOSITY': 0,
  'LOG_FILE': 'pyphi.log',
  'LOG_FILE_LEVEL': 'INFO',
  'LOG_STDOUT_LEVEL': 'WARNING',
  'MAXIMUM_CACHE_MEMORY_PERCENTAGE': 50,
  'MEASURE': 'EMD',
  'MONGODB_CONFIG': { 'collection_name': 'cache',
                      'database_name': 'pyphi',
                      'host': 'localhost',
                      'port': 27017},
  'NUMBER_OF_CORES': -1,
  'PARALLEL_COMPLEX_EVALUATION': False,
  'PARALLEL_CONCEPT_EVALUATION': False,
  'PARALLEL_CUT_EVALUATION': True,
  'PARTITION_TYPE': 'BI',
  'PICK_SMALLEST_PURVIEW': False,
  'PRECISION': 6,
  'PRINT_FRACTIONS': True,
  'PROGRESS_BARS': True,
  'REDIS_CACHE': False,
  'REDIS_CONFIG': {'db': 0, 'host': 'localhost', 'port': 6379, 'test_db': 1},
  'REPR_VERBOSITY': 2,
  'SINGLE_MICRO_NODES_WITH_SELFLOOPS_HAVE_PHI': False,
  'SYSTEM_CUTS': '3.0_STYLE',
  'USE_SMALL_PHI_DIFFERENCE_FOR_CES_DISTANCE': False,
  'VALIDATE_CONDITIONAL_INDEPENDENCE': True,
  'VALIDATE_SUBSYSTEM_STATES': True,
  'WELCOME_OFF': True}
2026-06-13 11:31:25,778 [pyphi.conf] INFO Process-3: PyPhi v1.2.0
2026-06-13 11:31:25,778 [pyphi.conf] INFO Process-3: Loaded configuration from ['C:\\Users\\User\\Documents\\Universidad\\ADA\\proyecto\\analisis-project-20261\\GeoMIP\\src\\Method2_Dynamic_Programming_Reformulation\\pyphi_config.yml']
2026-06-13 11:31:25,778 [pyphi.conf] INFO Process-3: Current PyPhi configuration:
 { 'ASSUME_CUTS_CANNOT_CREATE_NEW_CONCEPTS': False,
  'CACHE_POTENTIAL_PURVIEWS': True,
  'CACHE_REPERTOIRES': True,
  'CACHE_SIAS': False,
  'CACHING_BACKEND': 'fs',
  'CLEAR_SUBSYSTEM_CACHES_AFTER_COMPUTING_SIA': False,
  'CUT_ONE_APPROXIMATION': False,
  'FS_CACHE_DIRECTORY': '__pyphi_cache__',
  'FS_CACHE_VERBOSITY': 0,
  'LOG_FILE': 'pyphi.log',
  'LOG_FILE_LEVEL': 'INFO',
  'LOG_STDOUT_LEVEL': 'WARNING',
  'MAXIMUM_CACHE_MEMORY_PERCENTAGE': 50,
  'MEASURE': 'EMD',
  'MONGODB_CONFIG': { 'collection_name': 'cache',
                      'database_name': 'pyphi',
                      'host': 'localhost',
                      'port': 27017},
  'NUMBER_OF_CORES': -1,
  'PARALLEL_COMPLEX_EVALUATION': False,
  'PARALLEL_CONCEPT_EVALUATION': False,
  'PARALLEL_CUT_EVALUATION': True,
  'PARTITION_TYPE': 'BI',
  'PICK_SMALLEST_PURVIEW': False,
  'PRECISION': 6,
  'PRINT_FRACTIONS': True,
  'PROGRESS_BARS': True,
  'REDIS_CACHE': False,
  'REDIS_CONFIG': {'db': 0, 'host': 'localhost', 'port': 6379, 'test_db': 1},
  'REPR_VERBOSITY': 2,
  'SINGLE_MICRO_NODES_WITH_SELFLOOPS_HAVE_PHI': False,
  'SYSTEM_CUTS': '3.0_STYLE',
  'USE_SMALL_PHI_DIFFERENCE_FOR_CES_DISTANCE': False,
  'VALIDATE_CONDITIONAL_INDEPENDENCE': True,
  'VALIDATE_SUBSYSTEM_STATES': True,
  'WELCOME_OFF': True}
2026-06-13 11:31:27,468 [pyphi.conf] INFO Process-4: PyPhi v1.2.0
2026-06-13 11:31:27,468 [pyphi.conf] INFO Process-4: Loaded configuration from ['C:\\Users\\User\\Documents\\Universidad\\ADA\\proyecto\\analisis-project-20261\\GeoMIP\\src\\Method2_Dynamic_Programming_Reformulation\\pyphi_config.yml']
2026-06-13 11:31:27,468 [pyphi.conf] INFO Process-4: Current PyPhi configuration:
 { 'ASSUME_CUTS_CANNOT_CREATE_NEW_CONCEPTS': False,
  'CACHE_POTENTIAL_PURVIEWS': True,
  'CACHE_REPERTOIRES': True,
  'CACHE_SIAS': False,
  'CACHING_BACKEND': 'fs',
  'CLEAR_SUBSYSTEM_CACHES_AFTER_COMPUTING_SIA': False,
  'CUT_ONE_APPROXIMATION': False,
  'FS_CACHE_DIRECTORY': '__pyphi_cache__',
  'FS_CACHE_VERBOSITY': 0,
  'LOG_FILE': 'pyphi.log',
  'LOG_FILE_LEVEL': 'INFO',
  'LOG_STDOUT_LEVEL': 'WARNING',
  'MAXIMUM_CACHE_MEMORY_PERCENTAGE': 50,
  'MEASURE': 'EMD',
  'MONGODB_CONFIG': { 'collection_name': 'cache',
                      'database_name': 'pyphi',
                      'host': 'localhost',
                      'port': 27017},
  'NUMBER_OF_CORES': -1,
  'PARALLEL_COMPLEX_EVALUATION': False,
  'PARALLEL_CONCEPT_EVALUATION': False,
  'PARALLEL_CUT_EVALUATION': True,
  'PARTITION_TYPE': 'BI',
  'PICK_SMALLEST_PURVIEW': False,
  'PRECISION': 6,
  'PRINT_FRACTIONS': True,
  'PROGRESS_BARS': True,
  'REDIS_CACHE': False,
  'REDIS_CONFIG': {'db': 0, 'host': 'localhost', 'port': 6379, 'test_db': 1},
  'REPR_VERBOSITY': 2,
  'SINGLE_MICRO_NODES_WITH_SELFLOOPS_HAVE_PHI': False,
  'SYSTEM_CUTS': '3.0_STYLE',
  'USE_SMALL_PHI_DIFFERENCE_FOR_CES_DISTANCE': False,
  'VALIDATE_CONDITIONAL_INDEPENDENCE': True,
  'VALIDATE_SUBSYSTEM_STATES': True,
  'WELCOME_OFF': True}
2026-06-13 11:31:29,170 [pyphi.conf] INFO Process-5: PyPhi v1.2.0
2026-06-13 11:31:29,170 [pyphi.conf] INFO Process-5: Loaded configuration from ['C:\\Users\\User\\Documents\\Universidad\\ADA\\proyecto\\analisis-project-20261\\GeoMIP\\src\\Method2_Dynamic_Programming_Reformulation\\pyphi_config.yml']
2026-06-13 11:31:29,170 [pyphi.conf] INFO Process-5: Current PyPhi configuration:
 { 'ASSUME_CUTS_CANNOT_CREATE_NEW_CONCEPTS': False,
  'CACHE_POTENTIAL_PURVIEWS': True,
  'CACHE_REPERTOIRES': True,
  'CACHE_SIAS': False,
  'CACHING_BACKEND': 'fs',
  'CLEAR_SUBSYSTEM_CACHES_AFTER_COMPUTING_SIA': False,
  'CUT_ONE_APPROXIMATION': False,
  'FS_CACHE_DIRECTORY': '__pyphi_cache__',
  'FS_CACHE_VERBOSITY': 0,
  'LOG_FILE': 'pyphi.log',
  'LOG_FILE_LEVEL': 'INFO',
  'LOG_STDOUT_LEVEL': 'WARNING',
  'MAXIMUM_CACHE_MEMORY_PERCENTAGE': 50,
  'MEASURE': 'EMD',
  'MONGODB_CONFIG': { 'collection_name': 'cache',
                      'database_name': 'pyphi',
                      'host': 'localhost',
                      'port': 27017},
  'NUMBER_OF_CORES': -1,
  'PARALLEL_COMPLEX_EVALUATION': False,
  'PARALLEL_CONCEPT_EVALUATION': False,
  'PARALLEL_CUT_EVALUATION': True,
  'PARTITION_TYPE': 'BI',
  'PICK_SMALLEST_PURVIEW': False,
  'PRECISION': 6,
  'PRINT_FRACTIONS': True,
  'PROGRESS_BARS': True,
  'REDIS_CACHE': False,
  'REDIS_CONFIG': {'db': 0, 'host': 'localhost', 'port': 6379, 'test_db': 1},
  'REPR_VERBOSITY': 2,
  'SINGLE_MICRO_NODES_WITH_SELFLOOPS_HAVE_PHI': False,
  'SYSTEM_CUTS': '3.0_STYLE',
  'USE_SMALL_PHI_DIFFERENCE_FOR_CES_DISTANCE': False,
  'VALIDATE_CONDITIONAL_INDEPENDENCE': True,
  'VALIDATE_SUBSYSTEM_STATES': True,
  'WELCOME_OFF': True}
2026-06-13 11:31:30,808 [pyphi.conf] INFO Process-6: PyPhi v1.2.0
2026-06-13 11:31:30,808 [pyphi.conf] INFO Process-6: Loaded configuration from ['C:\\Users\\User\\Documents\\Universidad\\ADA\\proyecto\\analisis-project-20261\\GeoMIP\\src\\Method2_Dynamic_Programming_Reformulation\\pyphi_config.yml']
2026-06-13 11:31:30,808 [pyphi.conf] INFO Process-6: Current PyPhi configuration:
 { 'ASSUME_CUTS_CANNOT_CREATE_NEW_CONCEPTS': False,
  'CACHE_POTENTIAL_PURVIEWS': True,
  'CACHE_REPERTOIRES': True,
  'CACHE_SIAS': False,
  'CACHING_BACKEND': 'fs',
  'CLEAR_SUBSYSTEM_CACHES_AFTER_COMPUTING_SIA': False,
  'CUT_ONE_APPROXIMATION': False,
  'FS_CACHE_DIRECTORY': '__pyphi_cache__',
  'FS_CACHE_VERBOSITY': 0,
  'LOG_FILE': 'pyphi.log',
  'LOG_FILE_LEVEL': 'INFO',
  'LOG_STDOUT_LEVEL': 'WARNING',
  'MAXIMUM_CACHE_MEMORY_PERCENTAGE': 50,
  'MEASURE': 'EMD',
  'MONGODB_CONFIG': { 'collection_name': 'cache',
                      'database_name': 'pyphi',
                      'host': 'localhost',
                      'port': 27017},
  'NUMBER_OF_CORES': -1,
  'PARALLEL_COMPLEX_EVALUATION': False,
  'PARALLEL_CONCEPT_EVALUATION': False,
  'PARALLEL_CUT_EVALUATION': True,
  'PARTITION_TYPE': 'BI',
  'PICK_SMALLEST_PURVIEW': False,
  'PRECISION': 6,
  'PRINT_FRACTIONS': True,
  'PROGRESS_BARS': True,
  'REDIS_CACHE': False,
  'REDIS_CONFIG': {'db': 0, 'host': 'localhost', 'port': 6379, 'test_db': 1},
  'REPR_VERBOSITY': 2,
  'SINGLE_MICRO_NODES_WITH_SELFLOOPS_HAVE_PHI': False,
  'SYSTEM_CUTS': '3.0_STYLE',
  'USE_SMALL_PHI_DIFFERENCE_FOR_CES_DISTANCE': False,
  'VALIDATE_CONDITIONAL_INDEPENDENCE': True,
  'VALIDATE_SUBSYSTEM_STATES': True,
  'WELCOME_OFF': True}
2026-06-13 11:31:32,408 [pyphi.conf] INFO Process-7: PyPhi v1.2.0
2026-06-13 11:31:32,408 [pyphi.conf] INFO Process-7: Loaded configuration from ['C:\\Users\\User\\Documents\\Universidad\\ADA\\proyecto\\analisis-project-20261\\GeoMIP\\src\\Method2_Dynamic_Programming_Reformulation\\pyphi_config.yml']
2026-06-13 11:31:32,408 [pyphi.conf] INFO Process-7: Current PyPhi configuration:
 { 'ASSUME_CUTS_CANNOT_CREATE_NEW_CONCEPTS': False,
  'CACHE_POTENTIAL_PURVIEWS': True,
  'CACHE_REPERTOIRES': True,
  'CACHE_SIAS': False,
  'CACHING_BACKEND': 'fs',
  'CLEAR_SUBSYSTEM_CACHES_AFTER_COMPUTING_SIA': False,
  'CUT_ONE_APPROXIMATION': False,
  'FS_CACHE_DIRECTORY': '__pyphi_cache__',
  'FS_CACHE_VERBOSITY': 0,
  'LOG_FILE': 'pyphi.log',
  'LOG_FILE_LEVEL': 'INFO',
  'LOG_STDOUT_LEVEL': 'WARNING',
  'MAXIMUM_CACHE_MEMORY_PERCENTAGE': 50,
  'MEASURE': 'EMD',
  'MONGODB_CONFIG': { 'collection_name': 'cache',
                      'database_name': 'pyphi',
                      'host': 'localhost',
                      'port': 27017},
  'NUMBER_OF_CORES': -1,
  'PARALLEL_COMPLEX_EVALUATION': False,
  'PARALLEL_CONCEPT_EVALUATION': False,
  'PARALLEL_CUT_EVALUATION': True,
  'PARTITION_TYPE': 'BI',
  'PICK_SMALLEST_PURVIEW': False,
  'PRECISION': 6,
  'PRINT_FRACTIONS': True,
  'PROGRESS_BARS': True,
  'REDIS_CACHE': False,
  'REDIS_CONFIG': {'db': 0, 'host': 'localhost', 'port': 6379, 'test_db': 1},
  'REPR_VERBOSITY': 2,
  'SINGLE_MICRO_NODES_WITH_SELFLOOPS_HAVE_PHI': False,
  'SYSTEM_CUTS': '3.0_STYLE',
  'USE_SMALL_PHI_DIFFERENCE_FOR_CES_DISTANCE': False,
  'VALIDATE_CONDITIONAL_INDEPENDENCE': True,
  'VALIDATE_SUBSYSTEM_STATES': True,
  'WELCOME_OFF': True}
2026-06-13 11:31:33,983 [pyphi.conf] INFO Process-8: PyPhi v1.2.0
2026-06-13 11:31:33,983 [pyphi.conf] INFO Process-8: Loaded configuration from ['C:\\Users\\User\\Documents\\Universidad\\ADA\\proyecto\\analisis-project-20261\\GeoMIP\\src\\Method2_Dynamic_Programming_Reformulation\\pyphi_config.yml']
2026-06-13 11:31:33,983 [pyphi.conf] INFO Process-8: Current PyPhi configuration:
 { 'ASSUME_CUTS_CANNOT_CREATE_NEW_CONCEPTS': False,
  'CACHE_POTENTIAL_PURVIEWS': True,
  'CACHE_REPERTOIRES': True,
  'CACHE_SIAS': False,
  'CACHING_BACKEND': 'fs',
  'CLEAR_SUBSYSTEM_CACHES_AFTER_COMPUTING_SIA': False,
  'CUT_ONE_APPROXIMATION': False,
  'FS_CACHE_DIRECTORY': '__pyphi_cache__',
  'FS_CACHE_VERBOSITY': 0,
  'LOG_FILE': 'pyphi.log',
  'LOG_FILE_LEVEL': 'INFO',
  'LOG_STDOUT_LEVEL': 'WARNING',
  'MAXIMUM_CACHE_MEMORY_PERCENTAGE': 50,
  'MEASURE': 'EMD',
  'MONGODB_CONFIG': { 'collection_name': 'cache',
                      'database_name': 'pyphi',
                      'host': 'localhost',
                      'port': 27017},
  'NUMBER_OF_CORES': -1,
  'PARALLEL_COMPLEX_EVALUATION': False,
  'PARALLEL_CONCEPT_EVALUATION': False,
  'PARALLEL_CUT_EVALUATION': True,
  'PARTITION_TYPE': 'BI',
  'PICK_SMALLEST_PURVIEW': False,
  'PRECISION': 6,
  'PRINT_FRACTIONS': True,
  'PROGRESS_BARS': True,
  'REDIS_CACHE': False,
  'REDIS_CONFIG': {'db': 0, 'host': 'localhost', 'port': 6379, 'test_db': 1},
  'REPR_VERBOSITY': 2,
  'SINGLE_MICRO_NODES_WITH_SELFLOOPS_HAVE_PHI': False,
  'SYSTEM_CUTS': '3.0_STYLE',
  'USE_SMALL_PHI_DIFFERENCE_FOR_CES_DISTANCE': False,
  'VALIDATE_CONDITIONAL_INDEPENDENCE': True,
  'VALIDATE_SUBSYSTEM_STATES': True,
  'WELCOME_OFF': True}
2026-06-13 11:31:35,699 [pyphi.conf] INFO Process-9: PyPhi v1.2.0
2026-06-13 11:31:35,708 [pyphi.conf] INFO Process-9: Loaded configuration from ['C:\\Users\\User\\Documents\\Universidad\\ADA\\proyecto\\analisis-project-20261\\GeoMIP\\src\\Method2_Dynamic_Programming_Reformulation\\pyphi_config.yml']
2026-06-13 11:31:35,708 [pyphi.conf] INFO Process-9: Current PyPhi configuration:
 { 'ASSUME_CUTS_CANNOT_CREATE_NEW_CONCEPTS': False,
  'CACHE_POTENTIAL_PURVIEWS': True,
  'CACHE_REPERTOIRES': True,
  'CACHE_SIAS': False,
  'CACHING_BACKEND': 'fs',
  'CLEAR_SUBSYSTEM_CACHES_AFTER_COMPUTING_SIA': False,
  'CUT_ONE_APPROXIMATION': False,
  'FS_CACHE_DIRECTORY': '__pyphi_cache__',
  'FS_CACHE_VERBOSITY': 0,
  'LOG_FILE': 'pyphi.log',
  'LOG_FILE_LEVEL': 'INFO',
  'LOG_STDOUT_LEVEL': 'WARNING',
  'MAXIMUM_CACHE_MEMORY_PERCENTAGE': 50,
  'MEASURE': 'EMD',
  'MONGODB_CONFIG': { 'collection_name': 'cache',
                      'database_name': 'pyphi',
                      'host': 'localhost',
                      'port': 27017},
  'NUMBER_OF_CORES': -1,
  'PARALLEL_COMPLEX_EVALUATION': False,
  'PARALLEL_CONCEPT_EVALUATION': False,
  'PARALLEL_CUT_EVALUATION': True,
  'PARTITION_TYPE': 'BI',
  'PICK_SMALLEST_PURVIEW': False,
  'PRECISION': 6,
  'PRINT_FRACTIONS': True,
  'PROGRESS_BARS': True,
  'REDIS_CACHE': False,
  'REDIS_CONFIG': {'db': 0, 'host': 'localhost', 'port': 6379, 'test_db': 1},
  'REPR_VERBOSITY': 2,
  'SINGLE_MICRO_NODES_WITH_SELFLOOPS_HAVE_PHI': False,
  'SYSTEM_CUTS': '3.0_STYLE',
  'USE_SMALL_PHI_DIFFERENCE_FOR_CES_DISTANCE': False,
  'VALIDATE_CONDITIONAL_INDEPENDENCE': True,
  'VALIDATE_SUBSYSTEM_STATES': True,
  'WELCOME_OFF': True}
2026-06-13 11:31:37,488 [pyphi.conf] INFO Process-10: PyPhi v1.2.0
2026-06-13 11:31:37,488 [pyphi.conf] INFO Process-10: Loaded configuration from ['C:\\Users\\User\\Documents\\Universidad\\ADA\\proyecto\\analisis-project-20261\\GeoMIP\\src\\Method2_Dynamic_Programming_Reformulation\\pyphi_config.yml']
2026-06-13 11:31:37,488 [pyphi.conf] INFO Process-10: Current PyPhi configuration:
 { 'ASSUME_CUTS_CANNOT_CREATE_NEW_CONCEPTS': False,
  'CACHE_POTENTIAL_PURVIEWS': True,
  'CACHE_REPERTOIRES': True,
  'CACHE_SIAS': False,
  'CACHING_BACKEND': 'fs',
  'CLEAR_SUBSYSTEM_CACHES_AFTER_COMPUTING_SIA': False,
  'CUT_ONE_APPROXIMATION': False,
  'FS_CACHE_DIRECTORY': '__pyphi_cache__',
  'FS_CACHE_VERBOSITY': 0,
  'LOG_FILE': 'pyphi.log',
  'LOG_FILE_LEVEL': 'INFO',
  'LOG_STDOUT_LEVEL': 'WARNING',
  'MAXIMUM_CACHE_MEMORY_PERCENTAGE': 50,
  'MEASURE': 'EMD',
  'MONGODB_CONFIG': { 'collection_name': 'cache',
                      'database_name': 'pyphi',
                      'host': 'localhost',
                      'port': 27017},
  'NUMBER_OF_CORES': -1,
  'PARALLEL_COMPLEX_EVALUATION': False,
  'PARALLEL_CONCEPT_EVALUATION': False,
  'PARALLEL_CUT_EVALUATION': True,
  'PARTITION_TYPE': 'BI',
  'PICK_SMALLEST_PURVIEW': False,
  'PRECISION': 6,
  'PRINT_FRACTIONS': True,
  'PROGRESS_BARS': True,
  'REDIS_CACHE': False,
  'REDIS_CONFIG': {'db': 0, 'host': 'localhost', 'port': 6379, 'test_db': 1},
  'REPR_VERBOSITY': 2,
  'SINGLE_MICRO_NODES_WITH_SELFLOOPS_HAVE_PHI': False,
  'SYSTEM_CUTS': '3.0_STYLE',
  'USE_SMALL_PHI_DIFFERENCE_FOR_CES_DISTANCE': False,
  'VALIDATE_CONDITIONAL_INDEPENDENCE': True,
  'VALIDATE_SUBSYSTEM_STATES': True,
  'WELCOME_OFF': True}
2026-06-13 11:31:39,309 [pyphi.conf] INFO Process-11: PyPhi v1.2.0
2026-06-13 11:31:39,309 [pyphi.conf] INFO Process-11: Loaded configuration from ['C:\\Users\\User\\Documents\\Universidad\\ADA\\proyecto\\analisis-project-20261\\GeoMIP\\src\\Method2_Dynamic_Programming_Reformulation\\pyphi_config.yml']
2026-06-13 11:31:39,310 [pyphi.conf] INFO Process-11: Current PyPhi configuration:
 { 'ASSUME_CUTS_CANNOT_CREATE_NEW_CONCEPTS': False,
  'CACHE_POTENTIAL_PURVIEWS': True,
  'CACHE_REPERTOIRES': True,
  'CACHE_SIAS': False,
  'CACHING_BACKEND': 'fs',
  'CLEAR_SUBSYSTEM_CACHES_AFTER_COMPUTING_SIA': False,
  'CUT_ONE_APPROXIMATION': False,
  'FS_CACHE_DIRECTORY': '__pyphi_cache__',
  'FS_CACHE_VERBOSITY': 0,
  'LOG_FILE': 'pyphi.log',
  'LOG_FILE_LEVEL': 'INFO',
  'LOG_STDOUT_LEVEL': 'WARNING',
  'MAXIMUM_CACHE_MEMORY_PERCENTAGE': 50,
  'MEASURE': 'EMD',
  'MONGODB_CONFIG': { 'collection_name': 'cache',
                      'database_name': 'pyphi',
                      'host': 'localhost',
                      'port': 27017},
  'NUMBER_OF_CORES': -1,
  'PARALLEL_COMPLEX_EVALUATION': False,
  'PARALLEL_CONCEPT_EVALUATION': False,
  'PARALLEL_CUT_EVALUATION': True,
  'PARTITION_TYPE': 'BI',
  'PICK_SMALLEST_PURVIEW': False,
  'PRECISION': 6,
  'PRINT_FRACTIONS': True,
  'PROGRESS_BARS': True,
  'REDIS_CACHE': False,
  'REDIS_CONFIG': {'db': 0, 'host': 'localhost', 'port': 6379, 'test_db': 1},
  'REPR_VERBOSITY': 2,
  'SINGLE_MICRO_NODES_WITH_SELFLOOPS_HAVE_PHI': False,
  'SYSTEM_CUTS': '3.0_STYLE',
  'USE_SMALL_PHI_DIFFERENCE_FOR_CES_DISTANCE': False,
  'VALIDATE_CONDITIONAL_INDEPENDENCE': True,
  'VALIDATE_SUBSYSTEM_STATES': True,
  'WELCOME_OFF': True}
2026-06-13 11:31:41,007 [pyphi.conf] INFO Process-12: PyPhi v1.2.0
2026-06-13 11:31:41,007 [pyphi.conf] INFO Process-12: Loaded configuration from ['C:\\Users\\User\\Documents\\Universidad\\ADA\\proyecto\\analisis-project-20261\\GeoMIP\\src\\Method2_Dynamic_Programming_Reformulation\\pyphi_config.yml']
2026-06-13 11:31:41,007 [pyphi.conf] INFO Process-12: Current PyPhi configuration:
 { 'ASSUME_CUTS_CANNOT_CREATE_NEW_CONCEPTS': False,
  'CACHE_POTENTIAL_PURVIEWS': True,
  'CACHE_REPERTOIRES': True,
  'CACHE_SIAS': False,
  'CACHING_BACKEND': 'fs',
  'CLEAR_SUBSYSTEM_CACHES_AFTER_COMPUTING_SIA': False,
  'CUT_ONE_APPROXIMATION': False,
  'FS_CACHE_DIRECTORY': '__pyphi_cache__',
  'FS_CACHE_VERBOSITY': 0,
  'LOG_FILE': 'pyphi.log',
  'LOG_FILE_LEVEL': 'INFO',
  'LOG_STDOUT_LEVEL': 'WARNING',
  'MAXIMUM_CACHE_MEMORY_PERCENTAGE': 50,
  'MEASURE': 'EMD',
  'MONGODB_CONFIG': { 'collection_name': 'cache',
                      'database_name': 'pyphi',
                      'host': 'localhost',
                      'port': 27017},
  'NUMBER_OF_CORES': -1,
  'PARALLEL_COMPLEX_EVALUATION': False,
  'PARALLEL_CONCEPT_EVALUATION': False,
  'PARALLEL_CUT_EVALUATION': True,
  'PARTITION_TYPE': 'BI',
  'PICK_SMALLEST_PURVIEW': False,
  'PRECISION': 6,
  'PRINT_FRACTIONS': True,
  'PROGRESS_BARS': True,
  'REDIS_CACHE': False,
  'REDIS_CONFIG': {'db': 0, 'host': 'localhost', 'port': 6379, 'test_db': 1},
  'REPR_VERBOSITY': 2,
  'SINGLE_MICRO_NODES_WITH_SELFLOOPS_HAVE_PHI': False,
  'SYSTEM_CUTS': '3.0_STYLE',
  'USE_SMALL_PHI_DIFFERENCE_FOR_CES_DISTANCE': False,
  'VALIDATE_CONDITIONAL_INDEPENDENCE': True,
  'VALIDATE_SUBSYSTEM_STATES': True,
  'WELCOME_OFF': True}
2026-06-13 11:31:42,585 [pyphi.conf] INFO Process-13: PyPhi v1.2.0
2026-06-13 11:31:42,585 [pyphi.conf] INFO Process-13: Loaded configuration from ['C:\\Users\\User\\Documents\\Universidad\\ADA\\proyecto\\analisis-project-20261\\GeoMIP\\src\\Method2_Dynamic_Programming_Reformulation\\pyphi_config.yml']
2026-06-13 11:31:42,585 [pyphi.conf] INFO Process-13: Current PyPhi configuration:
 { 'ASSUME_CUTS_CANNOT_CREATE_NEW_CONCEPTS': False,
  'CACHE_POTENTIAL_PURVIEWS': True,
  'CACHE_REPERTOIRES': True,
  'CACHE_SIAS': False,
  'CACHING_BACKEND': 'fs',
  'CLEAR_SUBSYSTEM_CACHES_AFTER_COMPUTING_SIA': False,
  'CUT_ONE_APPROXIMATION': False,
  'FS_CACHE_DIRECTORY': '__pyphi_cache__',
  'FS_CACHE_VERBOSITY': 0,
  'LOG_FILE': 'pyphi.log',
  'LOG_FILE_LEVEL': 'INFO',
  'LOG_STDOUT_LEVEL': 'WARNING',
  'MAXIMUM_CACHE_MEMORY_PERCENTAGE': 50,
  'MEASURE': 'EMD',
  'MONGODB_CONFIG': { 'collection_name': 'cache',
                      'database_name': 'pyphi',
                      'host': 'localhost',
                      'port': 27017},
  'NUMBER_OF_CORES': -1,
  'PARALLEL_COMPLEX_EVALUATION': False,
  'PARALLEL_CONCEPT_EVALUATION': False,
  'PARALLEL_CUT_EVALUATION': True,
  'PARTITION_TYPE': 'BI',
  'PICK_SMALLEST_PURVIEW': False,
  'PRECISION': 6,
  'PRINT_FRACTIONS': True,
  'PROGRESS_BARS': True,
  'REDIS_CACHE': False,
  'REDIS_CONFIG': {'db': 0, 'host': 'localhost', 'port': 6379, 'test_db': 1},
  'REPR_VERBOSITY': 2,
  'SINGLE_MICRO_NODES_WITH_SELFLOOPS_HAVE_PHI': False,
  'SYSTEM_CUTS': '3.0_STYLE',
  'USE_SMALL_PHI_DIFFERENCE_FOR_CES_DISTANCE': False,
  'VALIDATE_CONDITIONAL_INDEPENDENCE': True,
  'VALIDATE_SUBSYSTEM_STATES': True,
  'WELCOME_OFF': True}
2026-06-13 11:31:44,165 [pyphi.conf] INFO Process-14: PyPhi v1.2.0
2026-06-13 11:31:44,165 [pyphi.conf] INFO Process-14: Loaded configuration from ['C:\\Users\\User\\Documents\\Universidad\\ADA\\proyecto\\analisis-project-20261\\GeoMIP\\src\\Method2_Dynamic_Programming_Reformulation\\pyphi_config.yml']
2026-06-13 11:31:44,165 [pyphi.conf] INFO Process-14: Current PyPhi configuration:
 { 'ASSUME_CUTS_CANNOT_CREATE_NEW_CONCEPTS': False,
  'CACHE_POTENTIAL_PURVIEWS': True,
  'CACHE_REPERTOIRES': True,
  'CACHE_SIAS': False,
  'CACHING_BACKEND': 'fs',
  'CLEAR_SUBSYSTEM_CACHES_AFTER_COMPUTING_SIA': False,
  'CUT_ONE_APPROXIMATION': False,
  'FS_CACHE_DIRECTORY': '__pyphi_cache__',
  'FS_CACHE_VERBOSITY': 0,
  'LOG_FILE': 'pyphi.log',
  'LOG_FILE_LEVEL': 'INFO',
  'LOG_STDOUT_LEVEL': 'WARNING',
  'MAXIMUM_CACHE_MEMORY_PERCENTAGE': 50,
  'MEASURE': 'EMD',
  'MONGODB_CONFIG': { 'collection_name': 'cache',
                      'database_name': 'pyphi',
                      'host': 'localhost',
                      'port': 27017},
  'NUMBER_OF_CORES': -1,
  'PARALLEL_COMPLEX_EVALUATION': False,
  'PARALLEL_CONCEPT_EVALUATION': False,
  'PARALLEL_CUT_EVALUATION': True,
  'PARTITION_TYPE': 'BI',
  'PICK_SMALLEST_PURVIEW': False,
  'PRECISION': 6,
  'PRINT_FRACTIONS': True,
  'PROGRESS_BARS': True,
  'REDIS_CACHE': False,
  'REDIS_CONFIG': {'db': 0, 'host': 'localhost', 'port': 6379, 'test_db': 1},
  'REPR_VERBOSITY': 2,
  'SINGLE_MICRO_NODES_WITH_SELFLOOPS_HAVE_PHI': False,
  'SYSTEM_CUTS': '3.0_STYLE',
  'USE_SMALL_PHI_DIFFERENCE_FOR_CES_DISTANCE': False,
  'VALIDATE_CONDITIONAL_INDEPENDENCE': True,
  'VALIDATE_SUBSYSTEM_STATES': True,
  'WELCOME_OFF': True}
2026-06-13 11:31:45,733 [pyphi.conf] INFO Process-15: PyPhi v1.2.0
2026-06-13 11:31:45,733 [pyphi.conf] INFO Process-15: Loaded configuration from ['C:\\Users\\User\\Documents\\Universidad\\ADA\\proyecto\\analisis-project-20261\\GeoMIP\\src\\Method2_Dynamic_Programming_Reformulation\\pyphi_config.yml']
2026-06-13 11:31:45,733 [pyphi.conf] INFO Process-15: Current PyPhi configuration:
 { 'ASSUME_CUTS_CANNOT_CREATE_NEW_CONCEPTS': False,
  'CACHE_POTENTIAL_PURVIEWS': True,
  'CACHE_REPERTOIRES': True,
  'CACHE_SIAS': False,
  'CACHING_BACKEND': 'fs',
  'CLEAR_SUBSYSTEM_CACHES_AFTER_COMPUTING_SIA': False,
  'CUT_ONE_APPROXIMATION': False,
  'FS_CACHE_DIRECTORY': '__pyphi_cache__',
  'FS_CACHE_VERBOSITY': 0,
  'LOG_FILE': 'pyphi.log',
  'LOG_FILE_LEVEL': 'INFO',
  'LOG_STDOUT_LEVEL': 'WARNING',
  'MAXIMUM_CACHE_MEMORY_PERCENTAGE': 50,
  'MEASURE': 'EMD',
  'MONGODB_CONFIG': { 'collection_name': 'cache',
                      'database_name': 'pyphi',
                      'host': 'localhost',
                      'port': 27017},
  'NUMBER_OF_CORES': -1,
  'PARALLEL_COMPLEX_EVALUATION': False,
  'PARALLEL_CONCEPT_EVALUATION': False,
  'PARALLEL_CUT_EVALUATION': True,
  'PARTITION_TYPE': 'BI',
  'PICK_SMALLEST_PURVIEW': False,
  'PRECISION': 6,
  'PRINT_FRACTIONS': True,
  'PROGRESS_BARS': True,
  'REDIS_CACHE': False,
  'REDIS_CONFIG': {'db': 0, 'host': 'localhost', 'port': 6379, 'test_db': 1},
  'REPR_VERBOSITY': 2,
  'SINGLE_MICRO_NODES_WITH_SELFLOOPS_HAVE_PHI': False,
  'SYSTEM_CUTS': '3.0_STYLE',
  'USE_SMALL_PHI_DIFFERENCE_FOR_CES_DISTANCE': False,
  'VALIDATE_CONDITIONAL_INDEPENDENCE': True,
  'VALIDATE_SUBSYSTEM_STATES': True,
  'WELCOME_OFF': True}
2026-06-13 11:31:47,390 [pyphi.conf] INFO Process-16: PyPhi v1.2.0
2026-06-13 11:31:47,390 [pyphi.conf] INFO Process-16: Loaded configuration from ['C:\\Users\\User\\Documents\\Universidad\\ADA\\proyecto\\analisis-project-20261\\GeoMIP\\src\\Method2_Dynamic_Programming_Reformulation\\pyphi_config.yml']
2026-06-13 11:31:47,390 [pyphi.conf] INFO Process-16: Current PyPhi configuration:
 { 'ASSUME_CUTS_CANNOT_CREATE_NEW_CONCEPTS': False,
  'CACHE_POTENTIAL_PURVIEWS': True,
  'CACHE_REPERTOIRES': True,
  'CACHE_SIAS': False,
  'CACHING_BACKEND': 'fs',
  'CLEAR_SUBSYSTEM_CACHES_AFTER_COMPUTING_SIA': False,
  'CUT_ONE_APPROXIMATION': False,
  'FS_CACHE_DIRECTORY': '__pyphi_cache__',
  'FS_CACHE_VERBOSITY': 0,
  'LOG_FILE': 'pyphi.log',
  'LOG_FILE_LEVEL': 'INFO',
  'LOG_STDOUT_LEVEL': 'WARNING',
  'MAXIMUM_CACHE_MEMORY_PERCENTAGE': 50,
  'MEASURE': 'EMD',
  'MONGODB_CONFIG': { 'collection_name': 'cache',
                      'database_name': 'pyphi',
                      'host': 'localhost',
                      'port': 27017},
  'NUMBER_OF_CORES': -1,
  'PARALLEL_COMPLEX_EVALUATION': False,
  'PARALLEL_CONCEPT_EVALUATION': False,
  'PARALLEL_CUT_EVALUATION': True,
  'PARTITION_TYPE': 'BI',
  'PICK_SMALLEST_PURVIEW': False,
  'PRECISION': 6,
  'PRINT_FRACTIONS': True,
  'PROGRESS_BARS': True,
  'REDIS_CACHE': False,
  'REDIS_CONFIG': {'db': 0, 'host': 'localhost', 'port': 6379, 'test_db': 1},
  'REPR_VERBOSITY': 2,
  'SINGLE_MICRO_NODES_WITH_SELFLOOPS_HAVE_PHI': False,
  'SYSTEM_CUTS': '3.0_STYLE',
  'USE_SMALL_PHI_DIFFERENCE_FOR_CES_DISTANCE': False,
  'VALIDATE_CONDITIONAL_INDEPENDENCE': True,
  'VALIDATE_SUBSYSTEM_STATES': True,
  'WELCOME_OFF': True}
2026-06-13 11:31:49,133 [pyphi.conf] INFO Process-17: PyPhi v1.2.0
2026-06-13 11:31:49,133 [pyphi.conf] INFO Process-17: Loaded configuration from ['C:\\Users\\User\\Documents\\Universidad\\ADA\\proyecto\\analisis-project-20261\\GeoMIP\\src\\Method2_Dynamic_Programming_Reformulation\\pyphi_config.yml']
2026-06-13 11:31:49,133 [pyphi.conf] INFO Process-17: Current PyPhi configuration:
 { 'ASSUME_CUTS_CANNOT_CREATE_NEW_CONCEPTS': False,
  'CACHE_POTENTIAL_PURVIEWS': True,
  'CACHE_REPERTOIRES': True,
  'CACHE_SIAS': False,
  'CACHING_BACKEND': 'fs',
  'CLEAR_SUBSYSTEM_CACHES_AFTER_COMPUTING_SIA': False,
  'CUT_ONE_APPROXIMATION': False,
  'FS_CACHE_DIRECTORY': '__pyphi_cache__',
  'FS_CACHE_VERBOSITY': 0,
  'LOG_FILE': 'pyphi.log',
  'LOG_FILE_LEVEL': 'INFO',
  'LOG_STDOUT_LEVEL': 'WARNING',
  'MAXIMUM_CACHE_MEMORY_PERCENTAGE': 50,
  'MEASURE': 'EMD',
  'MONGODB_CONFIG': { 'collection_name': 'cache',
                      'database_name': 'pyphi',
                      'host': 'localhost',
                      'port': 27017},
  'NUMBER_OF_CORES': -1,
  'PARALLEL_COMPLEX_EVALUATION': False,
  'PARALLEL_CONCEPT_EVALUATION': False,
  'PARALLEL_CUT_EVALUATION': True,
  'PARTITION_TYPE': 'BI',
  'PICK_SMALLEST_PURVIEW': False,
  'PRECISION': 6,
  'PRINT_FRACTIONS': True,
  'PROGRESS_BARS': True,
  'REDIS_CACHE': False,
  'REDIS_CONFIG': {'db': 0, 'host': 'localhost', 'port': 6379, 'test_db': 1},
  'REPR_VERBOSITY': 2,
  'SINGLE_MICRO_NODES_WITH_SELFLOOPS_HAVE_PHI': False,
  'SYSTEM_CUTS': '3.0_STYLE',
  'USE_SMALL_PHI_DIFFERENCE_FOR_CES_DISTANCE': False,
  'VALIDATE_CONDITIONAL_INDEPENDENCE': True,
  'VALIDATE_SUBSYSTEM_STATES': True,
  'WELCOME_OFF': True}
2026-06-13 11:31:50,906 [pyphi.conf] INFO Process-18: PyPhi v1.2.0
2026-06-13 11:31:50,906 [pyphi.conf] INFO Process-18: Loaded configuration from ['C:\\Users\\User\\Documents\\Universidad\\ADA\\proyecto\\analisis-project-20261\\GeoMIP\\src\\Method2_Dynamic_Programming_Reformulation\\pyphi_config.yml']
2026-06-13 11:31:50,906 [pyphi.conf] INFO Process-18: Current PyPhi configuration:
 { 'ASSUME_CUTS_CANNOT_CREATE_NEW_CONCEPTS': False,
  'CACHE_POTENTIAL_PURVIEWS': True,
  'CACHE_REPERTOIRES': True,
  'CACHE_SIAS': False,
  'CACHING_BACKEND': 'fs',
  'CLEAR_SUBSYSTEM_CACHES_AFTER_COMPUTING_SIA': False,
  'CUT_ONE_APPROXIMATION': False,
  'FS_CACHE_DIRECTORY': '__pyphi_cache__',
  'FS_CACHE_VERBOSITY': 0,
  'LOG_FILE': 'pyphi.log',
  'LOG_FILE_LEVEL': 'INFO',
  'LOG_STDOUT_LEVEL': 'WARNING',
  'MAXIMUM_CACHE_MEMORY_PERCENTAGE': 50,
  'MEASURE': 'EMD',
  'MONGODB_CONFIG': { 'collection_name': 'cache',
                      'database_name': 'pyphi',
                      'host': 'localhost',
                      'port': 27017},
  'NUMBER_OF_CORES': -1,
  'PARALLEL_COMPLEX_EVALUATION': False,
  'PARALLEL_CONCEPT_EVALUATION': False,
  'PARALLEL_CUT_EVALUATION': True,
  'PARTITION_TYPE': 'BI',
  'PICK_SMALLEST_PURVIEW': False,
  'PRECISION': 6,
  'PRINT_FRACTIONS': True,
  'PROGRESS_BARS': True,
  'REDIS_CACHE': False,
  'REDIS_CONFIG': {'db': 0, 'host': 'localhost', 'port': 6379, 'test_db': 1},
  'REPR_VERBOSITY': 2,
  'SINGLE_MICRO_NODES_WITH_SELFLOOPS_HAVE_PHI': False,
  'SYSTEM_CUTS': '3.0_STYLE',
  'USE_SMALL_PHI_DIFFERENCE_FOR_CES_DISTANCE': False,
  'VALIDATE_CONDITIONAL_INDEPENDENCE': True,
  'VALIDATE_SUBSYSTEM_STATES': True,
  'WELCOME_OFF': True}
2026-06-13 11:31:52,543 [pyphi.conf] INFO Process-19: PyPhi v1.2.0
2026-06-13 11:31:52,543 [pyphi.conf] INFO Process-19: Loaded configuration from ['C:\\Users\\User\\Documents\\Universidad\\ADA\\proyecto\\analisis-project-20261\\GeoMIP\\src\\Method2_Dynamic_Programming_Reformulation\\pyphi_config.yml']
2026-06-13 11:31:52,543 [pyphi.conf] INFO Process-19: Current PyPhi configuration:
 { 'ASSUME_CUTS_CANNOT_CREATE_NEW_CONCEPTS': False,
  'CACHE_POTENTIAL_PURVIEWS': True,
  'CACHE_REPERTOIRES': True,
  'CACHE_SIAS': False,
  'CACHING_BACKEND': 'fs',
  'CLEAR_SUBSYSTEM_CACHES_AFTER_COMPUTING_SIA': False,
  'CUT_ONE_APPROXIMATION': False,
  'FS_CACHE_DIRECTORY': '__pyphi_cache__',
  'FS_CACHE_VERBOSITY': 0,
  'LOG_FILE': 'pyphi.log',
  'LOG_FILE_LEVEL': 'INFO',
  'LOG_STDOUT_LEVEL': 'WARNING',
  'MAXIMUM_CACHE_MEMORY_PERCENTAGE': 50,
  'MEASURE': 'EMD',
  'MONGODB_CONFIG': { 'collection_name': 'cache',
                      'database_name': 'pyphi',
                      'host': 'localhost',
                      'port': 27017},
  'NUMBER_OF_CORES': -1,
  'PARALLEL_COMPLEX_EVALUATION': False,
  'PARALLEL_CONCEPT_EVALUATION': False,
  'PARALLEL_CUT_EVALUATION': True,
  'PARTITION_TYPE': 'BI',
  'PICK_SMALLEST_PURVIEW': False,
  'PRECISION': 6,
  'PRINT_FRACTIONS': True,
  'PROGRESS_BARS': True,
  'REDIS_CACHE': False,
  'REDIS_CONFIG': {'db': 0, 'host': 'localhost', 'port': 6379, 'test_db': 1},
  'REPR_VERBOSITY': 2,
  'SINGLE_MICRO_NODES_WITH_SELFLOOPS_HAVE_PHI': False,
  'SYSTEM_CUTS': '3.0_STYLE',
  'USE_SMALL_PHI_DIFFERENCE_FOR_CES_DISTANCE': False,
  'VALIDATE_CONDITIONAL_INDEPENDENCE': True,
  'VALIDATE_SUBSYSTEM_STATES': True,
  'WELCOME_OFF': True}
2026-06-13 11:31:54,133 [pyphi.conf] INFO Process-20: PyPhi v1.2.0
2026-06-13 11:31:54,133 [pyphi.conf] INFO Process-20: Loaded configuration from ['C:\\Users\\User\\Documents\\Universidad\\ADA\\proyecto\\analisis-project-20261\\GeoMIP\\src\\Method2_Dynamic_Programming_Reformulation\\pyphi_config.yml']
2026-06-13 11:31:54,133 [pyphi.conf] INFO Process-20: Current PyPhi configuration:
 { 'ASSUME_CUTS_CANNOT_CREATE_NEW_CONCEPTS': False,
  'CACHE_POTENTIAL_PURVIEWS': True,
  'CACHE_REPERTOIRES': True,
  'CACHE_SIAS': False,
  'CACHING_BACKEND': 'fs',
  'CLEAR_SUBSYSTEM_CACHES_AFTER_COMPUTING_SIA': False,
  'CUT_ONE_APPROXIMATION': False,
  'FS_CACHE_DIRECTORY': '__pyphi_cache__',
  'FS_CACHE_VERBOSITY': 0,
  'LOG_FILE': 'pyphi.log',
  'LOG_FILE_LEVEL': 'INFO',
  'LOG_STDOUT_LEVEL': 'WARNING',
  'MAXIMUM_CACHE_MEMORY_PERCENTAGE': 50,
  'MEASURE': 'EMD',
  'MONGODB_CONFIG': { 'collection_name': 'cache',
                      'database_name': 'pyphi',
                      'host': 'localhost',
                      'port': 27017},
  'NUMBER_OF_CORES': -1,
  'PARALLEL_COMPLEX_EVALUATION': False,
  'PARALLEL_CONCEPT_EVALUATION': False,
  'PARALLEL_CUT_EVALUATION': True,
  'PARTITION_TYPE': 'BI',
  'PICK_SMALLEST_PURVIEW': False,
  'PRECISION': 6,
  'PRINT_FRACTIONS': True,
  'PROGRESS_BARS': True,
  'REDIS_CACHE': False,
  'REDIS_CONFIG': {'db': 0, 'host': 'localhost', 'port': 6379, 'test_db': 1},
  'REPR_VERBOSITY': 2,
  'SINGLE_MICRO_NODES_WITH_SELFLOOPS_HAVE_PHI': False,
  'SYSTEM_CUTS': '3.0_STYLE',
  'USE_SMALL_PHI_DIFFERENCE_FOR_CES_DISTANCE': False,
  'VALIDATE_CONDITIONAL_INDEPENDENCE': True,
  'VALIDATE_SUBSYSTEM_STATES': True,
  'WELCOME_OFF': True}
2026-06-13 11:31:55,719 [pyphi.conf] INFO Process-21: PyPhi v1.2.0
2026-06-13 11:31:55,719 [pyphi.conf] INFO Process-21: Loaded configuration from ['C:\\Users\\User\\Documents\\Universidad\\ADA\\proyecto\\analisis-project-20261\\GeoMIP\\src\\Method2_Dynamic_Programming_Reformulation\\pyphi_config.yml']
2026-06-13 11:31:55,719 [pyphi.conf] INFO Process-21: Current PyPhi configuration:
 { 'ASSUME_CUTS_CANNOT_CREATE_NEW_CONCEPTS': False,
  'CACHE_POTENTIAL_PURVIEWS': True,
  'CACHE_REPERTOIRES': True,
  'CACHE_SIAS': False,
  'CACHING_BACKEND': 'fs',
  'CLEAR_SUBSYSTEM_CACHES_AFTER_COMPUTING_SIA': False,
  'CUT_ONE_APPROXIMATION': False,
  'FS_CACHE_DIRECTORY': '__pyphi_cache__',
  'FS_CACHE_VERBOSITY': 0,
  'LOG_FILE': 'pyphi.log',
  'LOG_FILE_LEVEL': 'INFO',
  'LOG_STDOUT_LEVEL': 'WARNING',
  'MAXIMUM_CACHE_MEMORY_PERCENTAGE': 50,
  'MEASURE': 'EMD',
  'MONGODB_CONFIG': { 'collection_name': 'cache',
                      'database_name': 'pyphi',
                      'host': 'localhost',
                      'port': 27017},
  'NUMBER_OF_CORES': -1,
  'PARALLEL_COMPLEX_EVALUATION': False,
  'PARALLEL_CONCEPT_EVALUATION': False,
  'PARALLEL_CUT_EVALUATION': True,
  'PARTITION_TYPE': 'BI',
  'PICK_SMALLEST_PURVIEW': False,
  'PRECISION': 6,
  'PRINT_FRACTIONS': True,
  'PROGRESS_BARS': True,
  'REDIS_CACHE': False,
  'REDIS_CONFIG': {'db': 0, 'host': 'localhost', 'port': 6379, 'test_db': 1},
  'REPR_VERBOSITY': 2,
  'SINGLE_MICRO_NODES_WITH_SELFLOOPS_HAVE_PHI': False,
  'SYSTEM_CUTS': '3.0_STYLE',
  'USE_SMALL_PHI_DIFFERENCE_FOR_CES_DISTANCE': False,
  'VALIDATE_CONDITIONAL_INDEPENDENCE': True,
  'VALIDATE_SUBSYSTEM_STATES': True,
  'WELCOME_OFF': True}
2026-06-13 11:31:57,328 [pyphi.conf] INFO Process-22: PyPhi v1.2.0
2026-06-13 11:31:57,328 [pyphi.conf] INFO Process-22: Loaded configuration from ['C:\\Users\\User\\Documents\\Universidad\\ADA\\proyecto\\analisis-project-20261\\GeoMIP\\src\\Method2_Dynamic_Programming_Reformulation\\pyphi_config.yml']
2026-06-13 11:31:57,328 [pyphi.conf] INFO Process-22: Current PyPhi configuration:
 { 'ASSUME_CUTS_CANNOT_CREATE_NEW_CONCEPTS': False,
  'CACHE_POTENTIAL_PURVIEWS': True,
  'CACHE_REPERTOIRES': True,
  'CACHE_SIAS': False,
  'CACHING_BACKEND': 'fs',
  'CLEAR_SUBSYSTEM_CACHES_AFTER_COMPUTING_SIA': False,
  'CUT_ONE_APPROXIMATION': False,
  'FS_CACHE_DIRECTORY': '__pyphi_cache__',
  'FS_CACHE_VERBOSITY': 0,
  'LOG_FILE': 'pyphi.log',
  'LOG_FILE_LEVEL': 'INFO',
  'LOG_STDOUT_LEVEL': 'WARNING',
  'MAXIMUM_CACHE_MEMORY_PERCENTAGE': 50,
  'MEASURE': 'EMD',
  'MONGODB_CONFIG': { 'collection_name': 'cache',
                      'database_name': 'pyphi',
                      'host': 'localhost',
                      'port': 27017},
  'NUMBER_OF_CORES': -1,
  'PARALLEL_COMPLEX_EVALUATION': False,
  'PARALLEL_CONCEPT_EVALUATION': False,
  'PARALLEL_CUT_EVALUATION': True,
  'PARTITION_TYPE': 'BI',
  'PICK_SMALLEST_PURVIEW': False,
  'PRECISION': 6,
  'PRINT_FRACTIONS': True,
  'PROGRESS_BARS': True,
  'REDIS_CACHE': False,
  'REDIS_CONFIG': {'db': 0, 'host': 'localhost', 'port': 6379, 'test_db': 1},
  'REPR_VERBOSITY': 2,
  'SINGLE_MICRO_NODES_WITH_SELFLOOPS_HAVE_PHI': False,
  'SYSTEM_CUTS': '3.0_STYLE',
  'USE_SMALL_PHI_DIFFERENCE_FOR_CES_DISTANCE': False,
  'VALIDATE_CONDITIONAL_INDEPENDENCE': True,
  'VALIDATE_SUBSYSTEM_STATES': True,
  'WELCOME_OFF': True}
2026-06-13 11:31:59,049 [pyphi.conf] INFO Process-23: PyPhi v1.2.0
2026-06-13 11:31:59,049 [pyphi.conf] INFO Process-23: Loaded configuration from ['C:\\Users\\User\\Documents\\Universidad\\ADA\\proyecto\\analisis-project-20261\\GeoMIP\\src\\Method2_Dynamic_Programming_Reformulation\\pyphi_config.yml']
2026-06-13 11:31:59,049 [pyphi.conf] INFO Process-23: Current PyPhi configuration:
 { 'ASSUME_CUTS_CANNOT_CREATE_NEW_CONCEPTS': False,
  'CACHE_POTENTIAL_PURVIEWS': True,
  'CACHE_REPERTOIRES': True,
  'CACHE_SIAS': False,
  'CACHING_BACKEND': 'fs',
  'CLEAR_SUBSYSTEM_CACHES_AFTER_COMPUTING_SIA': False,
  'CUT_ONE_APPROXIMATION': False,
  'FS_CACHE_DIRECTORY': '__pyphi_cache__',
  'FS_CACHE_VERBOSITY': 0,
  'LOG_FILE': 'pyphi.log',
  'LOG_FILE_LEVEL': 'INFO',
  'LOG_STDOUT_LEVEL': 'WARNING',
  'MAXIMUM_CACHE_MEMORY_PERCENTAGE': 50,
  'MEASURE': 'EMD',
  'MONGODB_CONFIG': { 'collection_name': 'cache',
                      'database_name': 'pyphi',
                      'host': 'localhost',
                      'port': 27017},
  'NUMBER_OF_CORES': -1,
  'PARALLEL_COMPLEX_EVALUATION': False,
  'PARALLEL_CONCEPT_EVALUATION': False,
  'PARALLEL_CUT_EVALUATION': True,
  'PARTITION_TYPE': 'BI',
  'PICK_SMALLEST_PURVIEW': False,
  'PRECISION': 6,
  'PRINT_FRACTIONS': True,
  'PROGRESS_BARS': True,
  'REDIS_CACHE': False,
  'REDIS_CONFIG': {'db': 0, 'host': 'localhost', 'port': 6379, 'test_db': 1},
  'REPR_VERBOSITY': 2,
  'SINGLE_MICRO_NODES_WITH_SELFLOOPS_HAVE_PHI': False,
  'SYSTEM_CUTS': '3.0_STYLE',
  'USE_SMALL_PHI_DIFFERENCE_FOR_CES_DISTANCE': False,
  'VALIDATE_CONDITIONAL_INDEPENDENCE': True,
  'VALIDATE_SUBSYSTEM_STATES': True,
  'WELCOME_OFF': True}
2026-06-13 11:32:00,758 [pyphi.conf] INFO Process-24: PyPhi v1.2.0
2026-06-13 11:32:00,758 [pyphi.conf] INFO Process-24: Loaded configuration from ['C:\\Users\\User\\Documents\\Universidad\\ADA\\proyecto\\analisis-project-20261\\GeoMIP\\src\\Method2_Dynamic_Programming_Reformulation\\pyphi_config.yml']
2026-06-13 11:32:00,758 [pyphi.conf] INFO Process-24: Current PyPhi configuration:
 { 'ASSUME_CUTS_CANNOT_CREATE_NEW_CONCEPTS': False,
  'CACHE_POTENTIAL_PURVIEWS': True,
  'CACHE_REPERTOIRES': True,
  'CACHE_SIAS': False,
  'CACHING_BACKEND': 'fs',
  'CLEAR_SUBSYSTEM_CACHES_AFTER_COMPUTING_SIA': False,
  'CUT_ONE_APPROXIMATION': False,
  'FS_CACHE_DIRECTORY': '__pyphi_cache__',
  'FS_CACHE_VERBOSITY': 0,
  'LOG_FILE': 'pyphi.log',
  'LOG_FILE_LEVEL': 'INFO',
  'LOG_STDOUT_LEVEL': 'WARNING',
  'MAXIMUM_CACHE_MEMORY_PERCENTAGE': 50,
  'MEASURE': 'EMD',
  'MONGODB_CONFIG': { 'collection_name': 'cache',
                      'database_name': 'pyphi',
                      'host': 'localhost',
                      'port': 27017},
  'NUMBER_OF_CORES': -1,
  'PARALLEL_COMPLEX_EVALUATION': False,
  'PARALLEL_CONCEPT_EVALUATION': False,
  'PARALLEL_CUT_EVALUATION': True,
  'PARTITION_TYPE': 'BI',
  'PICK_SMALLEST_PURVIEW': False,
  'PRECISION': 6,
  'PRINT_FRACTIONS': True,
  'PROGRESS_BARS': True,
  'REDIS_CACHE': False,
  'REDIS_CONFIG': {'db': 0, 'host': 'localhost', 'port': 6379, 'test_db': 1},
  'REPR_VERBOSITY': 2,
  'SINGLE_MICRO_NODES_WITH_SELFLOOPS_HAVE_PHI': False,
  'SYSTEM_CUTS': '3.0_STYLE',
  'USE_SMALL_PHI_DIFFERENCE_FOR_CES_DISTANCE': False,
  'VALIDATE_CONDITIONAL_INDEPENDENCE': True,
  'VALIDATE_SUBSYSTEM_STATES': True,
  'WELCOME_OFF': True}
2026-06-13 11:32:02,419 [pyphi.conf] INFO Process-25: PyPhi v1.2.0
2026-06-13 11:32:02,419 [pyphi.conf] INFO Process-25: Loaded configuration from ['C:\\Users\\User\\Documents\\Universidad\\ADA\\proyecto\\analisis-project-20261\\GeoMIP\\src\\Method2_Dynamic_Programming_Reformulation\\pyphi_config.yml']
2026-06-13 11:32:02,428 [pyphi.conf] INFO Process-25: Current PyPhi configuration:
 { 'ASSUME_CUTS_CANNOT_CREATE_NEW_CONCEPTS': False,
  'CACHE_POTENTIAL_PURVIEWS': True,
  'CACHE_REPERTOIRES': True,
  'CACHE_SIAS': False,
  'CACHING_BACKEND': 'fs',
  'CLEAR_SUBSYSTEM_CACHES_AFTER_COMPUTING_SIA': False,
  'CUT_ONE_APPROXIMATION': False,
  'FS_CACHE_DIRECTORY': '__pyphi_cache__',
  'FS_CACHE_VERBOSITY': 0,
  'LOG_FILE': 'pyphi.log',
  'LOG_FILE_LEVEL': 'INFO',
  'LOG_STDOUT_LEVEL': 'WARNING',
  'MAXIMUM_CACHE_MEMORY_PERCENTAGE': 50,
  'MEASURE': 'EMD',
  'MONGODB_CONFIG': { 'collection_name': 'cache',
                      'database_name': 'pyphi',
                      'host': 'localhost',
                      'port': 27017},
  'NUMBER_OF_CORES': -1,
  'PARALLEL_COMPLEX_EVALUATION': False,
  'PARALLEL_CONCEPT_EVALUATION': False,
  'PARALLEL_CUT_EVALUATION': True,
  'PARTITION_TYPE': 'BI',
  'PICK_SMALLEST_PURVIEW': False,
  'PRECISION': 6,
  'PRINT_FRACTIONS': True,
  'PROGRESS_BARS': True,
  'REDIS_CACHE': False,
  'REDIS_CONFIG': {'db': 0, 'host': 'localhost', 'port': 6379, 'test_db': 1},
  'REPR_VERBOSITY': 2,
  'SINGLE_MICRO_NODES_WITH_SELFLOOPS_HAVE_PHI': False,
  'SYSTEM_CUTS': '3.0_STYLE',
  'USE_SMALL_PHI_DIFFERENCE_FOR_CES_DISTANCE': False,
  'VALIDATE_CONDITIONAL_INDEPENDENCE': True,
  'VALIDATE_SUBSYSTEM_STATES': True,
  'WELCOME_OFF': True}
2026-06-13 11:32:04,149 [pyphi.conf] INFO Process-26: PyPhi v1.2.0
2026-06-13 11:32:04,149 [pyphi.conf] INFO Process-26: Loaded configuration from ['C:\\Users\\User\\Documents\\Universidad\\ADA\\proyecto\\analisis-project-20261\\GeoMIP\\src\\Method2_Dynamic_Programming_Reformulation\\pyphi_config.yml']
2026-06-13 11:32:04,158 [pyphi.conf] INFO Process-26: Current PyPhi configuration:
 { 'ASSUME_CUTS_CANNOT_CREATE_NEW_CONCEPTS': False,
  'CACHE_POTENTIAL_PURVIEWS': True,
  'CACHE_REPERTOIRES': True,
  'CACHE_SIAS': False,
  'CACHING_BACKEND': 'fs',
  'CLEAR_SUBSYSTEM_CACHES_AFTER_COMPUTING_SIA': False,
  'CUT_ONE_APPROXIMATION': False,
  'FS_CACHE_DIRECTORY': '__pyphi_cache__',
  'FS_CACHE_VERBOSITY': 0,
  'LOG_FILE': 'pyphi.log',
  'LOG_FILE_LEVEL': 'INFO',
  'LOG_STDOUT_LEVEL': 'WARNING',
  'MAXIMUM_CACHE_MEMORY_PERCENTAGE': 50,
  'MEASURE': 'EMD',
  'MONGODB_CONFIG': { 'collection_name': 'cache',
                      'database_name': 'pyphi',
                      'host': 'localhost',
                      'port': 27017},
  'NUMBER_OF_CORES': -1,
  'PARALLEL_COMPLEX_EVALUATION': False,
  'PARALLEL_CONCEPT_EVALUATION': False,
  'PARALLEL_CUT_EVALUATION': True,
  'PARTITION_TYPE': 'BI',
  'PICK_SMALLEST_PURVIEW': False,
  'PRECISION': 6,
  'PRINT_FRACTIONS': True,
  'PROGRESS_BARS': True,
  'REDIS_CACHE': False,
  'REDIS_CONFIG': {'db': 0, 'host': 'localhost', 'port': 6379, 'test_db': 1},
  'REPR_VERBOSITY': 2,
  'SINGLE_MICRO_NODES_WITH_SELFLOOPS_HAVE_PHI': False,
  'SYSTEM_CUTS': '3.0_STYLE',
  'USE_SMALL_PHI_DIFFERENCE_FOR_CES_DISTANCE': False,
  'VALIDATE_CONDITIONAL_INDEPENDENCE': True,
  'VALIDATE_SUBSYSTEM_STATES': True,
  'WELCOME_OFF': True}
2026-06-13 11:32:05,783 [pyphi.conf] INFO Process-27: PyPhi v1.2.0
2026-06-13 11:32:05,783 [pyphi.conf] INFO Process-27: Loaded configuration from ['C:\\Users\\User\\Documents\\Universidad\\ADA\\proyecto\\analisis-project-20261\\GeoMIP\\src\\Method2_Dynamic_Programming_Reformulation\\pyphi_config.yml']
2026-06-13 11:32:05,783 [pyphi.conf] INFO Process-27: Current PyPhi configuration:
 { 'ASSUME_CUTS_CANNOT_CREATE_NEW_CONCEPTS': False,
  'CACHE_POTENTIAL_PURVIEWS': True,
  'CACHE_REPERTOIRES': True,
  'CACHE_SIAS': False,
  'CACHING_BACKEND': 'fs',
  'CLEAR_SUBSYSTEM_CACHES_AFTER_COMPUTING_SIA': False,
  'CUT_ONE_APPROXIMATION': False,
  'FS_CACHE_DIRECTORY': '__pyphi_cache__',
  'FS_CACHE_VERBOSITY': 0,
  'LOG_FILE': 'pyphi.log',
  'LOG_FILE_LEVEL': 'INFO',
  'LOG_STDOUT_LEVEL': 'WARNING',
  'MAXIMUM_CACHE_MEMORY_PERCENTAGE': 50,
  'MEASURE': 'EMD',
  'MONGODB_CONFIG': { 'collection_name': 'cache',
                      'database_name': 'pyphi',
                      'host': 'localhost',
                      'port': 27017},
  'NUMBER_OF_CORES': -1,
  'PARALLEL_COMPLEX_EVALUATION': False,
  'PARALLEL_CONCEPT_EVALUATION': False,
  'PARALLEL_CUT_EVALUATION': True,
  'PARTITION_TYPE': 'BI',
  'PICK_SMALLEST_PURVIEW': False,
  'PRECISION': 6,
  'PRINT_FRACTIONS': True,
  'PROGRESS_BARS': True,
  'REDIS_CACHE': False,
  'REDIS_CONFIG': {'db': 0, 'host': 'localhost', 'port': 6379, 'test_db': 1},
  'REPR_VERBOSITY': 2,
  'SINGLE_MICRO_NODES_WITH_SELFLOOPS_HAVE_PHI': False,
  'SYSTEM_CUTS': '3.0_STYLE',
  'USE_SMALL_PHI_DIFFERENCE_FOR_CES_DISTANCE': False,
  'VALIDATE_CONDITIONAL_INDEPENDENCE': True,
  'VALIDATE_SUBSYSTEM_STATES': True,
  'WELCOME_OFF': True}
2026-06-13 11:32:07,351 [pyphi.conf] INFO Process-28: PyPhi v1.2.0
2026-06-13 11:32:07,351 [pyphi.conf] INFO Process-28: Loaded configuration from ['C:\\Users\\User\\Documents\\Universidad\\ADA\\proyecto\\analisis-project-20261\\GeoMIP\\src\\Method2_Dynamic_Programming_Reformulation\\pyphi_config.yml']
2026-06-13 11:32:07,351 [pyphi.conf] INFO Process-28: Current PyPhi configuration:
 { 'ASSUME_CUTS_CANNOT_CREATE_NEW_CONCEPTS': False,
  'CACHE_POTENTIAL_PURVIEWS': True,
  'CACHE_REPERTOIRES': True,
  'CACHE_SIAS': False,
  'CACHING_BACKEND': 'fs',
  'CLEAR_SUBSYSTEM_CACHES_AFTER_COMPUTING_SIA': False,
  'CUT_ONE_APPROXIMATION': False,
  'FS_CACHE_DIRECTORY': '__pyphi_cache__',
  'FS_CACHE_VERBOSITY': 0,
  'LOG_FILE': 'pyphi.log',
  'LOG_FILE_LEVEL': 'INFO',
  'LOG_STDOUT_LEVEL': 'WARNING',
  'MAXIMUM_CACHE_MEMORY_PERCENTAGE': 50,
  'MEASURE': 'EMD',
  'MONGODB_CONFIG': { 'collection_name': 'cache',
                      'database_name': 'pyphi',
                      'host': 'localhost',
                      'port': 27017},
  'NUMBER_OF_CORES': -1,
  'PARALLEL_COMPLEX_EVALUATION': False,
  'PARALLEL_CONCEPT_EVALUATION': False,
  'PARALLEL_CUT_EVALUATION': True,
  'PARTITION_TYPE': 'BI',
  'PICK_SMALLEST_PURVIEW': False,
  'PRECISION': 6,
  'PRINT_FRACTIONS': True,
  'PROGRESS_BARS': True,
  'REDIS_CACHE': False,
  'REDIS_CONFIG': {'db': 0, 'host': 'localhost', 'port': 6379, 'test_db': 1},
  'REPR_VERBOSITY': 2,
  'SINGLE_MICRO_NODES_WITH_SELFLOOPS_HAVE_PHI': False,
  'SYSTEM_CUTS': '3.0_STYLE',
  'USE_SMALL_PHI_DIFFERENCE_FOR_CES_DISTANCE': False,
  'VALIDATE_CONDITIONAL_INDEPENDENCE': True,
  'VALIDATE_SUBSYSTEM_STATES': True,
  'WELCOME_OFF': True}
2026-06-13 11:32:08,908 [pyphi.conf] INFO Process-29: PyPhi v1.2.0
2026-06-13 11:32:08,908 [pyphi.conf] INFO Process-29: Loaded configuration from ['C:\\Users\\User\\Documents\\Universidad\\ADA\\proyecto\\analisis-project-20261\\GeoMIP\\src\\Method2_Dynamic_Programming_Reformulation\\pyphi_config.yml']
2026-06-13 11:32:08,908 [pyphi.conf] INFO Process-29: Current PyPhi configuration:
 { 'ASSUME_CUTS_CANNOT_CREATE_NEW_CONCEPTS': False,
  'CACHE_POTENTIAL_PURVIEWS': True,
  'CACHE_REPERTOIRES': True,
  'CACHE_SIAS': False,
  'CACHING_BACKEND': 'fs',
  'CLEAR_SUBSYSTEM_CACHES_AFTER_COMPUTING_SIA': False,
  'CUT_ONE_APPROXIMATION': False,
  'FS_CACHE_DIRECTORY': '__pyphi_cache__',
  'FS_CACHE_VERBOSITY': 0,
  'LOG_FILE': 'pyphi.log',
  'LOG_FILE_LEVEL': 'INFO',
  'LOG_STDOUT_LEVEL': 'WARNING',
  'MAXIMUM_CACHE_MEMORY_PERCENTAGE': 50,
  'MEASURE': 'EMD',
  'MONGODB_CONFIG': { 'collection_name': 'cache',
                      'database_name': 'pyphi',
                      'host': 'localhost',
                      'port': 27017},
  'NUMBER_OF_CORES': -1,
  'PARALLEL_COMPLEX_EVALUATION': False,
  'PARALLEL_CONCEPT_EVALUATION': False,
  'PARALLEL_CUT_EVALUATION': True,
  'PARTITION_TYPE': 'BI',
  'PICK_SMALLEST_PURVIEW': False,
  'PRECISION': 6,
  'PRINT_FRACTIONS': True,
  'PROGRESS_BARS': True,
  'REDIS_CACHE': False,
  'REDIS_CONFIG': {'db': 0, 'host': 'localhost', 'port': 6379, 'test_db': 1},
  'REPR_VERBOSITY': 2,
  'SINGLE_MICRO_NODES_WITH_SELFLOOPS_HAVE_PHI': False,
  'SYSTEM_CUTS': '3.0_STYLE',
  'USE_SMALL_PHI_DIFFERENCE_FOR_CES_DISTANCE': False,
  'VALIDATE_CONDITIONAL_INDEPENDENCE': True,
  'VALIDATE_SUBSYSTEM_STATES': True,
  'WELCOME_OFF': True}
2026-06-13 11:32:10,568 [pyphi.conf] INFO Process-30: PyPhi v1.2.0
2026-06-13 11:32:10,568 [pyphi.conf] INFO Process-30: Loaded configuration from ['C:\\Users\\User\\Documents\\Universidad\\ADA\\proyecto\\analisis-project-20261\\GeoMIP\\src\\Method2_Dynamic_Programming_Reformulation\\pyphi_config.yml']
2026-06-13 11:32:10,568 [pyphi.conf] INFO Process-30: Current PyPhi configuration:
 { 'ASSUME_CUTS_CANNOT_CREATE_NEW_CONCEPTS': False,
  'CACHE_POTENTIAL_PURVIEWS': True,
  'CACHE_REPERTOIRES': True,
  'CACHE_SIAS': False,
  'CACHING_BACKEND': 'fs',
  'CLEAR_SUBSYSTEM_CACHES_AFTER_COMPUTING_SIA': False,
  'CUT_ONE_APPROXIMATION': False,
  'FS_CACHE_DIRECTORY': '__pyphi_cache__',
  'FS_CACHE_VERBOSITY': 0,
  'LOG_FILE': 'pyphi.log',
  'LOG_FILE_LEVEL': 'INFO',
  'LOG_STDOUT_LEVEL': 'WARNING',
  'MAXIMUM_CACHE_MEMORY_PERCENTAGE': 50,
  'MEASURE': 'EMD',
  'MONGODB_CONFIG': { 'collection_name': 'cache',
                      'database_name': 'pyphi',
                      'host': 'localhost',
                      'port': 27017},
  'NUMBER_OF_CORES': -1,
  'PARALLEL_COMPLEX_EVALUATION': False,
  'PARALLEL_CONCEPT_EVALUATION': False,
  'PARALLEL_CUT_EVALUATION': True,
  'PARTITION_TYPE': 'BI',
  'PICK_SMALLEST_PURVIEW': False,
  'PRECISION': 6,
  'PRINT_FRACTIONS': True,
  'PROGRESS_BARS': True,
  'REDIS_CACHE': False,
  'REDIS_CONFIG': {'db': 0, 'host': 'localhost', 'port': 6379, 'test_db': 1},
  'REPR_VERBOSITY': 2,
  'SINGLE_MICRO_NODES_WITH_SELFLOOPS_HAVE_PHI': False,
  'SYSTEM_CUTS': '3.0_STYLE',
  'USE_SMALL_PHI_DIFFERENCE_FOR_CES_DISTANCE': False,
  'VALIDATE_CONDITIONAL_INDEPENDENCE': True,
  'VALIDATE_SUBSYSTEM_STATES': True,
  'WELCOME_OFF': True}
2026-06-13 11:32:12,199 [pyphi.conf] INFO Process-31: PyPhi v1.2.0
2026-06-13 11:32:12,199 [pyphi.conf] INFO Process-31: Loaded configuration from ['C:\\Users\\User\\Documents\\Universidad\\ADA\\proyecto\\analisis-project-20261\\GeoMIP\\src\\Method2_Dynamic_Programming_Reformulation\\pyphi_config.yml']
2026-06-13 11:32:12,199 [pyphi.conf] INFO Process-31: Current PyPhi configuration:
 { 'ASSUME_CUTS_CANNOT_CREATE_NEW_CONCEPTS': False,
  'CACHE_POTENTIAL_PURVIEWS': True,
  'CACHE_REPERTOIRES': True,
  'CACHE_SIAS': False,
  'CACHING_BACKEND': 'fs',
  'CLEAR_SUBSYSTEM_CACHES_AFTER_COMPUTING_SIA': False,
  'CUT_ONE_APPROXIMATION': False,
  'FS_CACHE_DIRECTORY': '__pyphi_cache__',
  'FS_CACHE_VERBOSITY': 0,
  'LOG_FILE': 'pyphi.log',
  'LOG_FILE_LEVEL': 'INFO',
  'LOG_STDOUT_LEVEL': 'WARNING',
  'MAXIMUM_CACHE_MEMORY_PERCENTAGE': 50,
  'MEASURE': 'EMD',
  'MONGODB_CONFIG': { 'collection_name': 'cache',
                      'database_name': 'pyphi',
                      'host': 'localhost',
                      'port': 27017},
  'NUMBER_OF_CORES': -1,
  'PARALLEL_COMPLEX_EVALUATION': False,
  'PARALLEL_CONCEPT_EVALUATION': False,
  'PARALLEL_CUT_EVALUATION': True,
  'PARTITION_TYPE': 'BI',
  'PICK_SMALLEST_PURVIEW': False,
  'PRECISION': 6,
  'PRINT_FRACTIONS': True,
  'PROGRESS_BARS': True,
  'REDIS_CACHE': False,
  'REDIS_CONFIG': {'db': 0, 'host': 'localhost', 'port': 6379, 'test_db': 1},
  'REPR_VERBOSITY': 2,
  'SINGLE_MICRO_NODES_WITH_SELFLOOPS_HAVE_PHI': False,
  'SYSTEM_CUTS': '3.0_STYLE',
  'USE_SMALL_PHI_DIFFERENCE_FOR_CES_DISTANCE': False,
  'VALIDATE_CONDITIONAL_INDEPENDENCE': True,
  'VALIDATE_SUBSYSTEM_STATES': True,
  'WELCOME_OFF': True}
2026-06-13 11:32:13,818 [pyphi.conf] INFO Process-32: PyPhi v1.2.0
2026-06-13 11:32:13,818 [pyphi.conf] INFO Process-32: Loaded configuration from ['C:\\Users\\User\\Documents\\Universidad\\ADA\\proyecto\\analisis-project-20261\\GeoMIP\\src\\Method2_Dynamic_Programming_Reformulation\\pyphi_config.yml']
2026-06-13 11:32:13,818 [pyphi.conf] INFO Process-32: Current PyPhi configuration:
 { 'ASSUME_CUTS_CANNOT_CREATE_NEW_CONCEPTS': False,
  'CACHE_POTENTIAL_PURVIEWS': True,
  'CACHE_REPERTOIRES': True,
  'CACHE_SIAS': False,
  'CACHING_BACKEND': 'fs',
  'CLEAR_SUBSYSTEM_CACHES_AFTER_COMPUTING_SIA': False,
  'CUT_ONE_APPROXIMATION': False,
  'FS_CACHE_DIRECTORY': '__pyphi_cache__',
  'FS_CACHE_VERBOSITY': 0,
  'LOG_FILE': 'pyphi.log',
  'LOG_FILE_LEVEL': 'INFO',
  'LOG_STDOUT_LEVEL': 'WARNING',
  'MAXIMUM_CACHE_MEMORY_PERCENTAGE': 50,
  'MEASURE': 'EMD',
  'MONGODB_CONFIG': { 'collection_name': 'cache',
                      'database_name': 'pyphi',
                      'host': 'localhost',
                      'port': 27017},
  'NUMBER_OF_CORES': -1,
  'PARALLEL_COMPLEX_EVALUATION': False,
  'PARALLEL_CONCEPT_EVALUATION': False,
  'PARALLEL_CUT_EVALUATION': True,
  'PARTITION_TYPE': 'BI',
  'PICK_SMALLEST_PURVIEW': False,
  'PRECISION': 6,
  'PRINT_FRACTIONS': True,
  'PROGRESS_BARS': True,
  'REDIS_CACHE': False,
  'REDIS_CONFIG': {'db': 0, 'host': 'localhost', 'port': 6379, 'test_db': 1},
  'REPR_VERBOSITY': 2,
  'SINGLE_MICRO_NODES_WITH_SELFLOOPS_HAVE_PHI': False,
  'SYSTEM_CUTS': '3.0_STYLE',
  'USE_SMALL_PHI_DIFFERENCE_FOR_CES_DISTANCE': False,
  'VALIDATE_CONDITIONAL_INDEPENDENCE': True,
  'VALIDATE_SUBSYSTEM_STATES': True,
  'WELCOME_OFF': True}
2026-06-13 11:32:15,433 [pyphi.conf] INFO Process-33: PyPhi v1.2.0
2026-06-13 11:32:15,433 [pyphi.conf] INFO Process-33: Loaded configuration from ['C:\\Users\\User\\Documents\\Universidad\\ADA\\proyecto\\analisis-project-20261\\GeoMIP\\src\\Method2_Dynamic_Programming_Reformulation\\pyphi_config.yml']
2026-06-13 11:32:15,433 [pyphi.conf] INFO Process-33: Current PyPhi configuration:
 { 'ASSUME_CUTS_CANNOT_CREATE_NEW_CONCEPTS': False,
  'CACHE_POTENTIAL_PURVIEWS': True,
  'CACHE_REPERTOIRES': True,
  'CACHE_SIAS': False,
  'CACHING_BACKEND': 'fs',
  'CLEAR_SUBSYSTEM_CACHES_AFTER_COMPUTING_SIA': False,
  'CUT_ONE_APPROXIMATION': False,
  'FS_CACHE_DIRECTORY': '__pyphi_cache__',
  'FS_CACHE_VERBOSITY': 0,
  'LOG_FILE': 'pyphi.log',
  'LOG_FILE_LEVEL': 'INFO',
  'LOG_STDOUT_LEVEL': 'WARNING',
  'MAXIMUM_CACHE_MEMORY_PERCENTAGE': 50,
  'MEASURE': 'EMD',
  'MONGODB_CONFIG': { 'collection_name': 'cache',
                      'database_name': 'pyphi',
                      'host': 'localhost',
                      'port': 27017},
  'NUMBER_OF_CORES': -1,
  'PARALLEL_COMPLEX_EVALUATION': False,
  'PARALLEL_CONCEPT_EVALUATION': False,
  'PARALLEL_CUT_EVALUATION': True,
  'PARTITION_TYPE': 'BI',
  'PICK_SMALLEST_PURVIEW': False,
  'PRECISION': 6,
  'PRINT_FRACTIONS': True,
  'PROGRESS_BARS': True,
  'REDIS_CACHE': False,
  'REDIS_CONFIG': {'db': 0, 'host': 'localhost', 'port': 6379, 'test_db': 1},
  'REPR_VERBOSITY': 2,
  'SINGLE_MICRO_NODES_WITH_SELFLOOPS_HAVE_PHI': False,
  'SYSTEM_CUTS': '3.0_STYLE',
  'USE_SMALL_PHI_DIFFERENCE_FOR_CES_DISTANCE': False,
  'VALIDATE_CONDITIONAL_INDEPENDENCE': True,
  'VALIDATE_SUBSYSTEM_STATES': True,
  'WELCOME_OFF': True}
2026-06-13 11:32:17,058 [pyphi.conf] INFO Process-34: PyPhi v1.2.0
2026-06-13 11:32:17,058 [pyphi.conf] INFO Process-34: Loaded configuration from ['C:\\Users\\User\\Documents\\Universidad\\ADA\\proyecto\\analisis-project-20261\\GeoMIP\\src\\Method2_Dynamic_Programming_Reformulation\\pyphi_config.yml']
2026-06-13 11:32:17,058 [pyphi.conf] INFO Process-34: Current PyPhi configuration:
 { 'ASSUME_CUTS_CANNOT_CREATE_NEW_CONCEPTS': False,
  'CACHE_POTENTIAL_PURVIEWS': True,
  'CACHE_REPERTOIRES': True,
  'CACHE_SIAS': False,
  'CACHING_BACKEND': 'fs',
  'CLEAR_SUBSYSTEM_CACHES_AFTER_COMPUTING_SIA': False,
  'CUT_ONE_APPROXIMATION': False,
  'FS_CACHE_DIRECTORY': '__pyphi_cache__',
  'FS_CACHE_VERBOSITY': 0,
  'LOG_FILE': 'pyphi.log',
  'LOG_FILE_LEVEL': 'INFO',
  'LOG_STDOUT_LEVEL': 'WARNING',
  'MAXIMUM_CACHE_MEMORY_PERCENTAGE': 50,
  'MEASURE': 'EMD',
  'MONGODB_CONFIG': { 'collection_name': 'cache',
                      'database_name': 'pyphi',
                      'host': 'localhost',
                      'port': 27017},
  'NUMBER_OF_CORES': -1,
  'PARALLEL_COMPLEX_EVALUATION': False,
  'PARALLEL_CONCEPT_EVALUATION': False,
  'PARALLEL_CUT_EVALUATION': True,
  'PARTITION_TYPE': 'BI',
  'PICK_SMALLEST_PURVIEW': False,
  'PRECISION': 6,
  'PRINT_FRACTIONS': True,
  'PROGRESS_BARS': True,
  'REDIS_CACHE': False,
  'REDIS_CONFIG': {'db': 0, 'host': 'localhost', 'port': 6379, 'test_db': 1},
  'REPR_VERBOSITY': 2,
  'SINGLE_MICRO_NODES_WITH_SELFLOOPS_HAVE_PHI': False,
  'SYSTEM_CUTS': '3.0_STYLE',
  'USE_SMALL_PHI_DIFFERENCE_FOR_CES_DISTANCE': False,
  'VALIDATE_CONDITIONAL_INDEPENDENCE': True,
  'VALIDATE_SUBSYSTEM_STATES': True,
  'WELCOME_OFF': True}
2026-06-13 11:32:18,633 [pyphi.conf] INFO Process-35: PyPhi v1.2.0
2026-06-13 11:32:18,633 [pyphi.conf] INFO Process-35: Loaded configuration from ['C:\\Users\\User\\Documents\\Universidad\\ADA\\proyecto\\analisis-project-20261\\GeoMIP\\src\\Method2_Dynamic_Programming_Reformulation\\pyphi_config.yml']
2026-06-13 11:32:18,633 [pyphi.conf] INFO Process-35: Current PyPhi configuration:
 { 'ASSUME_CUTS_CANNOT_CREATE_NEW_CONCEPTS': False,
  'CACHE_POTENTIAL_PURVIEWS': True,
  'CACHE_REPERTOIRES': True,
  'CACHE_SIAS': False,
  'CACHING_BACKEND': 'fs',
  'CLEAR_SUBSYSTEM_CACHES_AFTER_COMPUTING_SIA': False,
  'CUT_ONE_APPROXIMATION': False,
  'FS_CACHE_DIRECTORY': '__pyphi_cache__',
  'FS_CACHE_VERBOSITY': 0,
  'LOG_FILE': 'pyphi.log',
  'LOG_FILE_LEVEL': 'INFO',
  'LOG_STDOUT_LEVEL': 'WARNING',
  'MAXIMUM_CACHE_MEMORY_PERCENTAGE': 50,
  'MEASURE': 'EMD',
  'MONGODB_CONFIG': { 'collection_name': 'cache',
                      'database_name': 'pyphi',
                      'host': 'localhost',
                      'port': 27017},
  'NUMBER_OF_CORES': -1,
  'PARALLEL_COMPLEX_EVALUATION': False,
  'PARALLEL_CONCEPT_EVALUATION': False,
  'PARALLEL_CUT_EVALUATION': True,
  'PARTITION_TYPE': 'BI',
  'PICK_SMALLEST_PURVIEW': False,
  'PRECISION': 6,
  'PRINT_FRACTIONS': True,
  'PROGRESS_BARS': True,
  'REDIS_CACHE': False,
  'REDIS_CONFIG': {'db': 0, 'host': 'localhost', 'port': 6379, 'test_db': 1},
  'REPR_VERBOSITY': 2,
  'SINGLE_MICRO_NODES_WITH_SELFLOOPS_HAVE_PHI': False,
  'SYSTEM_CUTS': '3.0_STYLE',
  'USE_SMALL_PHI_DIFFERENCE_FOR_CES_DISTANCE': False,
  'VALIDATE_CONDITIONAL_INDEPENDENCE': True,
  'VALIDATE_SUBSYSTEM_STATES': True,
  'WELCOME_OFF': True}
2026-06-13 11:32:20,199 [pyphi.conf] INFO Process-36: PyPhi v1.2.0
2026-06-13 11:32:20,199 [pyphi.conf] INFO Process-36: Loaded configuration from ['C:\\Users\\User\\Documents\\Universidad\\ADA\\proyecto\\analisis-project-20261\\GeoMIP\\src\\Method2_Dynamic_Programming_Reformulation\\pyphi_config.yml']
2026-06-13 11:32:20,199 [pyphi.conf] INFO Process-36: Current PyPhi configuration:
 { 'ASSUME_CUTS_CANNOT_CREATE_NEW_CONCEPTS': False,
  'CACHE_POTENTIAL_PURVIEWS': True,
  'CACHE_REPERTOIRES': True,
  'CACHE_SIAS': False,
  'CACHING_BACKEND': 'fs',
  'CLEAR_SUBSYSTEM_CACHES_AFTER_COMPUTING_SIA': False,
  'CUT_ONE_APPROXIMATION': False,
  'FS_CACHE_DIRECTORY': '__pyphi_cache__',
  'FS_CACHE_VERBOSITY': 0,
  'LOG_FILE': 'pyphi.log',
  'LOG_FILE_LEVEL': 'INFO',
  'LOG_STDOUT_LEVEL': 'WARNING',
  'MAXIMUM_CACHE_MEMORY_PERCENTAGE': 50,
  'MEASURE': 'EMD',
  'MONGODB_CONFIG': { 'collection_name': 'cache',
                      'database_name': 'pyphi',
                      'host': 'localhost',
                      'port': 27017},
  'NUMBER_OF_CORES': -1,
  'PARALLEL_COMPLEX_EVALUATION': False,
  'PARALLEL_CONCEPT_EVALUATION': False,
  'PARALLEL_CUT_EVALUATION': True,
  'PARTITION_TYPE': 'BI',
  'PICK_SMALLEST_PURVIEW': False,
  'PRECISION': 6,
  'PRINT_FRACTIONS': True,
  'PROGRESS_BARS': True,
  'REDIS_CACHE': False,
  'REDIS_CONFIG': {'db': 0, 'host': 'localhost', 'port': 6379, 'test_db': 1},
  'REPR_VERBOSITY': 2,
  'SINGLE_MICRO_NODES_WITH_SELFLOOPS_HAVE_PHI': False,
  'SYSTEM_CUTS': '3.0_STYLE',
  'USE_SMALL_PHI_DIFFERENCE_FOR_CES_DISTANCE': False,
  'VALIDATE_CONDITIONAL_INDEPENDENCE': True,
  'VALIDATE_SUBSYSTEM_STATES': True,
  'WELCOME_OFF': True}
2026-06-13 11:32:21,833 [pyphi.conf] INFO Process-37: PyPhi v1.2.0
2026-06-13 11:32:21,833 [pyphi.conf] INFO Process-37: Loaded configuration from ['C:\\Users\\User\\Documents\\Universidad\\ADA\\proyecto\\analisis-project-20261\\GeoMIP\\src\\Method2_Dynamic_Programming_Reformulation\\pyphi_config.yml']
2026-06-13 11:32:21,833 [pyphi.conf] INFO Process-37: Current PyPhi configuration:
 { 'ASSUME_CUTS_CANNOT_CREATE_NEW_CONCEPTS': False,
  'CACHE_POTENTIAL_PURVIEWS': True,
  'CACHE_REPERTOIRES': True,
  'CACHE_SIAS': False,
  'CACHING_BACKEND': 'fs',
  'CLEAR_SUBSYSTEM_CACHES_AFTER_COMPUTING_SIA': False,
  'CUT_ONE_APPROXIMATION': False,
  'FS_CACHE_DIRECTORY': '__pyphi_cache__',
  'FS_CACHE_VERBOSITY': 0,
  'LOG_FILE': 'pyphi.log',
  'LOG_FILE_LEVEL': 'INFO',
  'LOG_STDOUT_LEVEL': 'WARNING',
  'MAXIMUM_CACHE_MEMORY_PERCENTAGE': 50,
  'MEASURE': 'EMD',
  'MONGODB_CONFIG': { 'collection_name': 'cache',
                      'database_name': 'pyphi',
                      'host': 'localhost',
                      'port': 27017},
  'NUMBER_OF_CORES': -1,
  'PARALLEL_COMPLEX_EVALUATION': False,
  'PARALLEL_CONCEPT_EVALUATION': False,
  'PARALLEL_CUT_EVALUATION': True,
  'PARTITION_TYPE': 'BI',
  'PICK_SMALLEST_PURVIEW': False,
  'PRECISION': 6,
  'PRINT_FRACTIONS': True,
  'PROGRESS_BARS': True,
  'REDIS_CACHE': False,
  'REDIS_CONFIG': {'db': 0, 'host': 'localhost', 'port': 6379, 'test_db': 1},
  'REPR_VERBOSITY': 2,
  'SINGLE_MICRO_NODES_WITH_SELFLOOPS_HAVE_PHI': False,
  'SYSTEM_CUTS': '3.0_STYLE',
  'USE_SMALL_PHI_DIFFERENCE_FOR_CES_DISTANCE': False,
  'VALIDATE_CONDITIONAL_INDEPENDENCE': True,
  'VALIDATE_SUBSYSTEM_STATES': True,
  'WELCOME_OFF': True}
2026-06-13 11:32:23,418 [pyphi.conf] INFO Process-38: PyPhi v1.2.0
2026-06-13 11:32:23,418 [pyphi.conf] INFO Process-38: Loaded configuration from ['C:\\Users\\User\\Documents\\Universidad\\ADA\\proyecto\\analisis-project-20261\\GeoMIP\\src\\Method2_Dynamic_Programming_Reformulation\\pyphi_config.yml']
2026-06-13 11:32:23,418 [pyphi.conf] INFO Process-38: Current PyPhi configuration:
 { 'ASSUME_CUTS_CANNOT_CREATE_NEW_CONCEPTS': False,
  'CACHE_POTENTIAL_PURVIEWS': True,
  'CACHE_REPERTOIRES': True,
  'CACHE_SIAS': False,
  'CACHING_BACKEND': 'fs',
  'CLEAR_SUBSYSTEM_CACHES_AFTER_COMPUTING_SIA': False,
  'CUT_ONE_APPROXIMATION': False,
  'FS_CACHE_DIRECTORY': '__pyphi_cache__',
  'FS_CACHE_VERBOSITY': 0,
  'LOG_FILE': 'pyphi.log',
  'LOG_FILE_LEVEL': 'INFO',
  'LOG_STDOUT_LEVEL': 'WARNING',
  'MAXIMUM_CACHE_MEMORY_PERCENTAGE': 50,
  'MEASURE': 'EMD',
  'MONGODB_CONFIG': { 'collection_name': 'cache',
                      'database_name': 'pyphi',
                      'host': 'localhost',
                      'port': 27017},
  'NUMBER_OF_CORES': -1,
  'PARALLEL_COMPLEX_EVALUATION': False,
  'PARALLEL_CONCEPT_EVALUATION': False,
  'PARALLEL_CUT_EVALUATION': True,
  'PARTITION_TYPE': 'BI',
  'PICK_SMALLEST_PURVIEW': False,
  'PRECISION': 6,
  'PRINT_FRACTIONS': True,
  'PROGRESS_BARS': True,
  'REDIS_CACHE': False,
  'REDIS_CONFIG': {'db': 0, 'host': 'localhost', 'port': 6379, 'test_db': 1},
  'REPR_VERBOSITY': 2,
  'SINGLE_MICRO_NODES_WITH_SELFLOOPS_HAVE_PHI': False,
  'SYSTEM_CUTS': '3.0_STYLE',
  'USE_SMALL_PHI_DIFFERENCE_FOR_CES_DISTANCE': False,
  'VALIDATE_CONDITIONAL_INDEPENDENCE': True,
  'VALIDATE_SUBSYSTEM_STATES': True,
  'WELCOME_OFF': True}
2026-06-13 11:32:25,038 [pyphi.conf] INFO Process-39: PyPhi v1.2.0
2026-06-13 11:32:25,038 [pyphi.conf] INFO Process-39: Loaded configuration from ['C:\\Users\\User\\Documents\\Universidad\\ADA\\proyecto\\analisis-project-20261\\GeoMIP\\src\\Method2_Dynamic_Programming_Reformulation\\pyphi_config.yml']
2026-06-13 11:32:25,038 [pyphi.conf] INFO Process-39: Current PyPhi configuration:
 { 'ASSUME_CUTS_CANNOT_CREATE_NEW_CONCEPTS': False,
  'CACHE_POTENTIAL_PURVIEWS': True,
  'CACHE_REPERTOIRES': True,
  'CACHE_SIAS': False,
  'CACHING_BACKEND': 'fs',
  'CLEAR_SUBSYSTEM_CACHES_AFTER_COMPUTING_SIA': False,
  'CUT_ONE_APPROXIMATION': False,
  'FS_CACHE_DIRECTORY': '__pyphi_cache__',
  'FS_CACHE_VERBOSITY': 0,
  'LOG_FILE': 'pyphi.log',
  'LOG_FILE_LEVEL': 'INFO',
  'LOG_STDOUT_LEVEL': 'WARNING',
  'MAXIMUM_CACHE_MEMORY_PERCENTAGE': 50,
  'MEASURE': 'EMD',
  'MONGODB_CONFIG': { 'collection_name': 'cache',
                      'database_name': 'pyphi',
                      'host': 'localhost',
                      'port': 27017},
  'NUMBER_OF_CORES': -1,
  'PARALLEL_COMPLEX_EVALUATION': False,
  'PARALLEL_CONCEPT_EVALUATION': False,
  'PARALLEL_CUT_EVALUATION': True,
  'PARTITION_TYPE': 'BI',
  'PICK_SMALLEST_PURVIEW': False,
  'PRECISION': 6,
  'PRINT_FRACTIONS': True,
  'PROGRESS_BARS': True,
  'REDIS_CACHE': False,
  'REDIS_CONFIG': {'db': 0, 'host': 'localhost', 'port': 6379, 'test_db': 1},
  'REPR_VERBOSITY': 2,
  'SINGLE_MICRO_NODES_WITH_SELFLOOPS_HAVE_PHI': False,
  'SYSTEM_CUTS': '3.0_STYLE',
  'USE_SMALL_PHI_DIFFERENCE_FOR_CES_DISTANCE': False,
  'VALIDATE_CONDITIONAL_INDEPENDENCE': True,
  'VALIDATE_SUBSYSTEM_STATES': True,
  'WELCOME_OFF': True}
2026-06-13 11:32:26,658 [pyphi.conf] INFO Process-40: PyPhi v1.2.0
2026-06-13 11:32:26,658 [pyphi.conf] INFO Process-40: Loaded configuration from ['C:\\Users\\User\\Documents\\Universidad\\ADA\\proyecto\\analisis-project-20261\\GeoMIP\\src\\Method2_Dynamic_Programming_Reformulation\\pyphi_config.yml']
2026-06-13 11:32:26,658 [pyphi.conf] INFO Process-40: Current PyPhi configuration:
 { 'ASSUME_CUTS_CANNOT_CREATE_NEW_CONCEPTS': False,
  'CACHE_POTENTIAL_PURVIEWS': True,
  'CACHE_REPERTOIRES': True,
  'CACHE_SIAS': False,
  'CACHING_BACKEND': 'fs',
  'CLEAR_SUBSYSTEM_CACHES_AFTER_COMPUTING_SIA': False,
  'CUT_ONE_APPROXIMATION': False,
  'FS_CACHE_DIRECTORY': '__pyphi_cache__',
  'FS_CACHE_VERBOSITY': 0,
  'LOG_FILE': 'pyphi.log',
  'LOG_FILE_LEVEL': 'INFO',
  'LOG_STDOUT_LEVEL': 'WARNING',
  'MAXIMUM_CACHE_MEMORY_PERCENTAGE': 50,
  'MEASURE': 'EMD',
  'MONGODB_CONFIG': { 'collection_name': 'cache',
                      'database_name': 'pyphi',
                      'host': 'localhost',
                      'port': 27017},
  'NUMBER_OF_CORES': -1,
  'PARALLEL_COMPLEX_EVALUATION': False,
  'PARALLEL_CONCEPT_EVALUATION': False,
  'PARALLEL_CUT_EVALUATION': True,
  'PARTITION_TYPE': 'BI',
  'PICK_SMALLEST_PURVIEW': False,
  'PRECISION': 6,
  'PRINT_FRACTIONS': True,
  'PROGRESS_BARS': True,
  'REDIS_CACHE': False,
  'REDIS_CONFIG': {'db': 0, 'host': 'localhost', 'port': 6379, 'test_db': 1},
  'REPR_VERBOSITY': 2,
  'SINGLE_MICRO_NODES_WITH_SELFLOOPS_HAVE_PHI': False,
  'SYSTEM_CUTS': '3.0_STYLE',
  'USE_SMALL_PHI_DIFFERENCE_FOR_CES_DISTANCE': False,
  'VALIDATE_CONDITIONAL_INDEPENDENCE': True,
  'VALIDATE_SUBSYSTEM_STATES': True,
  'WELCOME_OFF': True}
2026-06-13 11:32:28,238 [pyphi.conf] INFO Process-41: PyPhi v1.2.0
2026-06-13 11:32:28,238 [pyphi.conf] INFO Process-41: Loaded configuration from ['C:\\Users\\User\\Documents\\Universidad\\ADA\\proyecto\\analisis-project-20261\\GeoMIP\\src\\Method2_Dynamic_Programming_Reformulation\\pyphi_config.yml']
2026-06-13 11:32:28,238 [pyphi.conf] INFO Process-41: Current PyPhi configuration:
 { 'ASSUME_CUTS_CANNOT_CREATE_NEW_CONCEPTS': False,
  'CACHE_POTENTIAL_PURVIEWS': True,
  'CACHE_REPERTOIRES': True,
  'CACHE_SIAS': False,
  'CACHING_BACKEND': 'fs',
  'CLEAR_SUBSYSTEM_CACHES_AFTER_COMPUTING_SIA': False,
  'CUT_ONE_APPROXIMATION': False,
  'FS_CACHE_DIRECTORY': '__pyphi_cache__',
  'FS_CACHE_VERBOSITY': 0,
  'LOG_FILE': 'pyphi.log',
  'LOG_FILE_LEVEL': 'INFO',
  'LOG_STDOUT_LEVEL': 'WARNING',
  'MAXIMUM_CACHE_MEMORY_PERCENTAGE': 50,
  'MEASURE': 'EMD',
  'MONGODB_CONFIG': { 'collection_name': 'cache',
                      'database_name': 'pyphi',
                      'host': 'localhost',
                      'port': 27017},
  'NUMBER_OF_CORES': -1,
  'PARALLEL_COMPLEX_EVALUATION': False,
  'PARALLEL_CONCEPT_EVALUATION': False,
  'PARALLEL_CUT_EVALUATION': True,
  'PARTITION_TYPE': 'BI',
  'PICK_SMALLEST_PURVIEW': False,
  'PRECISION': 6,
  'PRINT_FRACTIONS': True,
  'PROGRESS_BARS': True,
  'REDIS_CACHE': False,
  'REDIS_CONFIG': {'db': 0, 'host': 'localhost', 'port': 6379, 'test_db': 1},
  'REPR_VERBOSITY': 2,
  'SINGLE_MICRO_NODES_WITH_SELFLOOPS_HAVE_PHI': False,
  'SYSTEM_CUTS': '3.0_STYLE',
  'USE_SMALL_PHI_DIFFERENCE_FOR_CES_DISTANCE': False,
  'VALIDATE_CONDITIONAL_INDEPENDENCE': True,
  'VALIDATE_SUBSYSTEM_STATES': True,
  'WELCOME_OFF': True}
2026-06-13 11:32:29,818 [pyphi.conf] INFO Process-42: PyPhi v1.2.0
2026-06-13 11:32:29,828 [pyphi.conf] INFO Process-42: Loaded configuration from ['C:\\Users\\User\\Documents\\Universidad\\ADA\\proyecto\\analisis-project-20261\\GeoMIP\\src\\Method2_Dynamic_Programming_Reformulation\\pyphi_config.yml']
2026-06-13 11:32:29,828 [pyphi.conf] INFO Process-42: Current PyPhi configuration:
 { 'ASSUME_CUTS_CANNOT_CREATE_NEW_CONCEPTS': False,
  'CACHE_POTENTIAL_PURVIEWS': True,
  'CACHE_REPERTOIRES': True,
  'CACHE_SIAS': False,
  'CACHING_BACKEND': 'fs',
  'CLEAR_SUBSYSTEM_CACHES_AFTER_COMPUTING_SIA': False,
  'CUT_ONE_APPROXIMATION': False,
  'FS_CACHE_DIRECTORY': '__pyphi_cache__',
  'FS_CACHE_VERBOSITY': 0,
  'LOG_FILE': 'pyphi.log',
  'LOG_FILE_LEVEL': 'INFO',
  'LOG_STDOUT_LEVEL': 'WARNING',
  'MAXIMUM_CACHE_MEMORY_PERCENTAGE': 50,
  'MEASURE': 'EMD',
  'MONGODB_CONFIG': { 'collection_name': 'cache',
                      'database_name': 'pyphi',
                      'host': 'localhost',
                      'port': 27017},
  'NUMBER_OF_CORES': -1,
  'PARALLEL_COMPLEX_EVALUATION': False,
  'PARALLEL_CONCEPT_EVALUATION': False,
  'PARALLEL_CUT_EVALUATION': True,
  'PARTITION_TYPE': 'BI',
  'PICK_SMALLEST_PURVIEW': False,
  'PRECISION': 6,
  'PRINT_FRACTIONS': True,
  'PROGRESS_BARS': True,
  'REDIS_CACHE': False,
  'REDIS_CONFIG': {'db': 0, 'host': 'localhost', 'port': 6379, 'test_db': 1},
  'REPR_VERBOSITY': 2,
  'SINGLE_MICRO_NODES_WITH_SELFLOOPS_HAVE_PHI': False,
  'SYSTEM_CUTS': '3.0_STYLE',
  'USE_SMALL_PHI_DIFFERENCE_FOR_CES_DISTANCE': False,
  'VALIDATE_CONDITIONAL_INDEPENDENCE': True,
  'VALIDATE_SUBSYSTEM_STATES': True,
  'WELCOME_OFF': True}
2026-06-13 11:32:31,418 [pyphi.conf] INFO Process-43: PyPhi v1.2.0
2026-06-13 11:32:31,418 [pyphi.conf] INFO Process-43: Loaded configuration from ['C:\\Users\\User\\Documents\\Universidad\\ADA\\proyecto\\analisis-project-20261\\GeoMIP\\src\\Method2_Dynamic_Programming_Reformulation\\pyphi_config.yml']
2026-06-13 11:32:31,418 [pyphi.conf] INFO Process-43: Current PyPhi configuration:
 { 'ASSUME_CUTS_CANNOT_CREATE_NEW_CONCEPTS': False,
  'CACHE_POTENTIAL_PURVIEWS': True,
  'CACHE_REPERTOIRES': True,
  'CACHE_SIAS': False,
  'CACHING_BACKEND': 'fs',
  'CLEAR_SUBSYSTEM_CACHES_AFTER_COMPUTING_SIA': False,
  'CUT_ONE_APPROXIMATION': False,
  'FS_CACHE_DIRECTORY': '__pyphi_cache__',
  'FS_CACHE_VERBOSITY': 0,
  'LOG_FILE': 'pyphi.log',
  'LOG_FILE_LEVEL': 'INFO',
  'LOG_STDOUT_LEVEL': 'WARNING',
  'MAXIMUM_CACHE_MEMORY_PERCENTAGE': 50,
  'MEASURE': 'EMD',
  'MONGODB_CONFIG': { 'collection_name': 'cache',
                      'database_name': 'pyphi',
                      'host': 'localhost',
                      'port': 27017},
  'NUMBER_OF_CORES': -1,
  'PARALLEL_COMPLEX_EVALUATION': False,
  'PARALLEL_CONCEPT_EVALUATION': False,
  'PARALLEL_CUT_EVALUATION': True,
  'PARTITION_TYPE': 'BI',
  'PICK_SMALLEST_PURVIEW': False,
  'PRECISION': 6,
  'PRINT_FRACTIONS': True,
  'PROGRESS_BARS': True,
  'REDIS_CACHE': False,
  'REDIS_CONFIG': {'db': 0, 'host': 'localhost', 'port': 6379, 'test_db': 1},
  'REPR_VERBOSITY': 2,
  'SINGLE_MICRO_NODES_WITH_SELFLOOPS_HAVE_PHI': False,
  'SYSTEM_CUTS': '3.0_STYLE',
  'USE_SMALL_PHI_DIFFERENCE_FOR_CES_DISTANCE': False,
  'VALIDATE_CONDITIONAL_INDEPENDENCE': True,
  'VALIDATE_SUBSYSTEM_STATES': True,
  'WELCOME_OFF': True}
2026-06-13 11:32:33,008 [pyphi.conf] INFO Process-44: PyPhi v1.2.0
2026-06-13 11:32:33,008 [pyphi.conf] INFO Process-44: Loaded configuration from ['C:\\Users\\User\\Documents\\Universidad\\ADA\\proyecto\\analisis-project-20261\\GeoMIP\\src\\Method2_Dynamic_Programming_Reformulation\\pyphi_config.yml']
2026-06-13 11:32:33,008 [pyphi.conf] INFO Process-44: Current PyPhi configuration:
 { 'ASSUME_CUTS_CANNOT_CREATE_NEW_CONCEPTS': False,
  'CACHE_POTENTIAL_PURVIEWS': True,
  'CACHE_REPERTOIRES': True,
  'CACHE_SIAS': False,
  'CACHING_BACKEND': 'fs',
  'CLEAR_SUBSYSTEM_CACHES_AFTER_COMPUTING_SIA': False,
  'CUT_ONE_APPROXIMATION': False,
  'FS_CACHE_DIRECTORY': '__pyphi_cache__',
  'FS_CACHE_VERBOSITY': 0,
  'LOG_FILE': 'pyphi.log',
  'LOG_FILE_LEVEL': 'INFO',
  'LOG_STDOUT_LEVEL': 'WARNING',
  'MAXIMUM_CACHE_MEMORY_PERCENTAGE': 50,
  'MEASURE': 'EMD',
  'MONGODB_CONFIG': { 'collection_name': 'cache',
                      'database_name': 'pyphi',
                      'host': 'localhost',
                      'port': 27017},
  'NUMBER_OF_CORES': -1,
  'PARALLEL_COMPLEX_EVALUATION': False,
  'PARALLEL_CONCEPT_EVALUATION': False,
  'PARALLEL_CUT_EVALUATION': True,
  'PARTITION_TYPE': 'BI',
  'PICK_SMALLEST_PURVIEW': False,
  'PRECISION': 6,
  'PRINT_FRACTIONS': True,
  'PROGRESS_BARS': True,
  'REDIS_CACHE': False,
  'REDIS_CONFIG': {'db': 0, 'host': 'localhost', 'port': 6379, 'test_db': 1},
  'REPR_VERBOSITY': 2,
  'SINGLE_MICRO_NODES_WITH_SELFLOOPS_HAVE_PHI': False,
  'SYSTEM_CUTS': '3.0_STYLE',
  'USE_SMALL_PHI_DIFFERENCE_FOR_CES_DISTANCE': False,
  'VALIDATE_CONDITIONAL_INDEPENDENCE': True,
  'VALIDATE_SUBSYSTEM_STATES': True,
  'WELCOME_OFF': True}
2026-06-13 11:32:34,588 [pyphi.conf] INFO Process-45: PyPhi v1.2.0
2026-06-13 11:32:34,588 [pyphi.conf] INFO Process-45: Loaded configuration from ['C:\\Users\\User\\Documents\\Universidad\\ADA\\proyecto\\analisis-project-20261\\GeoMIP\\src\\Method2_Dynamic_Programming_Reformulation\\pyphi_config.yml']
2026-06-13 11:32:34,588 [pyphi.conf] INFO Process-45: Current PyPhi configuration:
 { 'ASSUME_CUTS_CANNOT_CREATE_NEW_CONCEPTS': False,
  'CACHE_POTENTIAL_PURVIEWS': True,
  'CACHE_REPERTOIRES': True,
  'CACHE_SIAS': False,
  'CACHING_BACKEND': 'fs',
  'CLEAR_SUBSYSTEM_CACHES_AFTER_COMPUTING_SIA': False,
  'CUT_ONE_APPROXIMATION': False,
  'FS_CACHE_DIRECTORY': '__pyphi_cache__',
  'FS_CACHE_VERBOSITY': 0,
  'LOG_FILE': 'pyphi.log',
  'LOG_FILE_LEVEL': 'INFO',
  'LOG_STDOUT_LEVEL': 'WARNING',
  'MAXIMUM_CACHE_MEMORY_PERCENTAGE': 50,
  'MEASURE': 'EMD',
  'MONGODB_CONFIG': { 'collection_name': 'cache',
                      'database_name': 'pyphi',
                      'host': 'localhost',
                      'port': 27017},
  'NUMBER_OF_CORES': -1,
  'PARALLEL_COMPLEX_EVALUATION': False,
  'PARALLEL_CONCEPT_EVALUATION': False,
  'PARALLEL_CUT_EVALUATION': True,
  'PARTITION_TYPE': 'BI',
  'PICK_SMALLEST_PURVIEW': False,
  'PRECISION': 6,
  'PRINT_FRACTIONS': True,
  'PROGRESS_BARS': True,
  'REDIS_CACHE': False,
  'REDIS_CONFIG': {'db': 0, 'host': 'localhost', 'port': 6379, 'test_db': 1},
  'REPR_VERBOSITY': 2,
  'SINGLE_MICRO_NODES_WITH_SELFLOOPS_HAVE_PHI': False,
  'SYSTEM_CUTS': '3.0_STYLE',
  'USE_SMALL_PHI_DIFFERENCE_FOR_CES_DISTANCE': False,
  'VALIDATE_CONDITIONAL_INDEPENDENCE': True,
  'VALIDATE_SUBSYSTEM_STATES': True,
  'WELCOME_OFF': True}
2026-06-13 11:32:36,183 [pyphi.conf] INFO Process-46: PyPhi v1.2.0
2026-06-13 11:32:36,183 [pyphi.conf] INFO Process-46: Loaded configuration from ['C:\\Users\\User\\Documents\\Universidad\\ADA\\proyecto\\analisis-project-20261\\GeoMIP\\src\\Method2_Dynamic_Programming_Reformulation\\pyphi_config.yml']
2026-06-13 11:32:36,183 [pyphi.conf] INFO Process-46: Current PyPhi configuration:
 { 'ASSUME_CUTS_CANNOT_CREATE_NEW_CONCEPTS': False,
  'CACHE_POTENTIAL_PURVIEWS': True,
  'CACHE_REPERTOIRES': True,
  'CACHE_SIAS': False,
  'CACHING_BACKEND': 'fs',
  'CLEAR_SUBSYSTEM_CACHES_AFTER_COMPUTING_SIA': False,
  'CUT_ONE_APPROXIMATION': False,
  'FS_CACHE_DIRECTORY': '__pyphi_cache__',
  'FS_CACHE_VERBOSITY': 0,
  'LOG_FILE': 'pyphi.log',
  'LOG_FILE_LEVEL': 'INFO',
  'LOG_STDOUT_LEVEL': 'WARNING',
  'MAXIMUM_CACHE_MEMORY_PERCENTAGE': 50,
  'MEASURE': 'EMD',
  'MONGODB_CONFIG': { 'collection_name': 'cache',
                      'database_name': 'pyphi',
                      'host': 'localhost',
                      'port': 27017},
  'NUMBER_OF_CORES': -1,
  'PARALLEL_COMPLEX_EVALUATION': False,
  'PARALLEL_CONCEPT_EVALUATION': False,
  'PARALLEL_CUT_EVALUATION': True,
  'PARTITION_TYPE': 'BI',
  'PICK_SMALLEST_PURVIEW': False,
  'PRECISION': 6,
  'PRINT_FRACTIONS': True,
  'PROGRESS_BARS': True,
  'REDIS_CACHE': False,
  'REDIS_CONFIG': {'db': 0, 'host': 'localhost', 'port': 6379, 'test_db': 1},
  'REPR_VERBOSITY': 2,
  'SINGLE_MICRO_NODES_WITH_SELFLOOPS_HAVE_PHI': False,
  'SYSTEM_CUTS': '3.0_STYLE',
  'USE_SMALL_PHI_DIFFERENCE_FOR_CES_DISTANCE': False,
  'VALIDATE_CONDITIONAL_INDEPENDENCE': True,
  'VALIDATE_SUBSYSTEM_STATES': True,
  'WELCOME_OFF': True}
2026-06-13 11:32:37,749 [pyphi.conf] INFO Process-47: PyPhi v1.2.0
2026-06-13 11:32:37,749 [pyphi.conf] INFO Process-47: Loaded configuration from ['C:\\Users\\User\\Documents\\Universidad\\ADA\\proyecto\\analisis-project-20261\\GeoMIP\\src\\Method2_Dynamic_Programming_Reformulation\\pyphi_config.yml']
2026-06-13 11:32:37,749 [pyphi.conf] INFO Process-47: Current PyPhi configuration:
 { 'ASSUME_CUTS_CANNOT_CREATE_NEW_CONCEPTS': False,
  'CACHE_POTENTIAL_PURVIEWS': True,
  'CACHE_REPERTOIRES': True,
  'CACHE_SIAS': False,
  'CACHING_BACKEND': 'fs',
  'CLEAR_SUBSYSTEM_CACHES_AFTER_COMPUTING_SIA': False,
  'CUT_ONE_APPROXIMATION': False,
  'FS_CACHE_DIRECTORY': '__pyphi_cache__',
  'FS_CACHE_VERBOSITY': 0,
  'LOG_FILE': 'pyphi.log',
  'LOG_FILE_LEVEL': 'INFO',
  'LOG_STDOUT_LEVEL': 'WARNING',
  'MAXIMUM_CACHE_MEMORY_PERCENTAGE': 50,
  'MEASURE': 'EMD',
  'MONGODB_CONFIG': { 'collection_name': 'cache',
                      'database_name': 'pyphi',
                      'host': 'localhost',
                      'port': 27017},
  'NUMBER_OF_CORES': -1,
  'PARALLEL_COMPLEX_EVALUATION': False,
  'PARALLEL_CONCEPT_EVALUATION': False,
  'PARALLEL_CUT_EVALUATION': True,
  'PARTITION_TYPE': 'BI',
  'PICK_SMALLEST_PURVIEW': False,
  'PRECISION': 6,
  'PRINT_FRACTIONS': True,
  'PROGRESS_BARS': True,
  'REDIS_CACHE': False,
  'REDIS_CONFIG': {'db': 0, 'host': 'localhost', 'port': 6379, 'test_db': 1},
  'REPR_VERBOSITY': 2,
  'SINGLE_MICRO_NODES_WITH_SELFLOOPS_HAVE_PHI': False,
  'SYSTEM_CUTS': '3.0_STYLE',
  'USE_SMALL_PHI_DIFFERENCE_FOR_CES_DISTANCE': False,
  'VALIDATE_CONDITIONAL_INDEPENDENCE': True,
  'VALIDATE_SUBSYSTEM_STATES': True,
  'WELCOME_OFF': True}
2026-06-13 11:32:39,318 [pyphi.conf] INFO Process-48: PyPhi v1.2.0
2026-06-13 11:32:39,318 [pyphi.conf] INFO Process-48: Loaded configuration from ['C:\\Users\\User\\Documents\\Universidad\\ADA\\proyecto\\analisis-project-20261\\GeoMIP\\src\\Method2_Dynamic_Programming_Reformulation\\pyphi_config.yml']
2026-06-13 11:32:39,318 [pyphi.conf] INFO Process-48: Current PyPhi configuration:
 { 'ASSUME_CUTS_CANNOT_CREATE_NEW_CONCEPTS': False,
  'CACHE_POTENTIAL_PURVIEWS': True,
  'CACHE_REPERTOIRES': True,
  'CACHE_SIAS': False,
  'CACHING_BACKEND': 'fs',
  'CLEAR_SUBSYSTEM_CACHES_AFTER_COMPUTING_SIA': False,
  'CUT_ONE_APPROXIMATION': False,
  'FS_CACHE_DIRECTORY': '__pyphi_cache__',
  'FS_CACHE_VERBOSITY': 0,
  'LOG_FILE': 'pyphi.log',
  'LOG_FILE_LEVEL': 'INFO',
  'LOG_STDOUT_LEVEL': 'WARNING',
  'MAXIMUM_CACHE_MEMORY_PERCENTAGE': 50,
  'MEASURE': 'EMD',
  'MONGODB_CONFIG': { 'collection_name': 'cache',
                      'database_name': 'pyphi',
                      'host': 'localhost',
                      'port': 27017},
  'NUMBER_OF_CORES': -1,
  'PARALLEL_COMPLEX_EVALUATION': False,
  'PARALLEL_CONCEPT_EVALUATION': False,
  'PARALLEL_CUT_EVALUATION': True,
  'PARTITION_TYPE': 'BI',
  'PICK_SMALLEST_PURVIEW': False,
  'PRECISION': 6,
  'PRINT_FRACTIONS': True,
  'PROGRESS_BARS': True,
  'REDIS_CACHE': False,
  'REDIS_CONFIG': {'db': 0, 'host': 'localhost', 'port': 6379, 'test_db': 1},
  'REPR_VERBOSITY': 2,
  'SINGLE_MICRO_NODES_WITH_SELFLOOPS_HAVE_PHI': False,
  'SYSTEM_CUTS': '3.0_STYLE',
  'USE_SMALL_PHI_DIFFERENCE_FOR_CES_DISTANCE': False,
  'VALIDATE_CONDITIONAL_INDEPENDENCE': True,
  'VALIDATE_SUBSYSTEM_STATES': True,
  'WELCOME_OFF': True}
2026-06-13 11:32:40,901 [pyphi.conf] INFO Process-49: PyPhi v1.2.0
2026-06-13 11:32:40,901 [pyphi.conf] INFO Process-49: Loaded configuration from ['C:\\Users\\User\\Documents\\Universidad\\ADA\\proyecto\\analisis-project-20261\\GeoMIP\\src\\Method2_Dynamic_Programming_Reformulation\\pyphi_config.yml']
2026-06-13 11:32:40,901 [pyphi.conf] INFO Process-49: Current PyPhi configuration:
 { 'ASSUME_CUTS_CANNOT_CREATE_NEW_CONCEPTS': False,
  'CACHE_POTENTIAL_PURVIEWS': True,
  'CACHE_REPERTOIRES': True,
  'CACHE_SIAS': False,
  'CACHING_BACKEND': 'fs',
  'CLEAR_SUBSYSTEM_CACHES_AFTER_COMPUTING_SIA': False,
  'CUT_ONE_APPROXIMATION': False,
  'FS_CACHE_DIRECTORY': '__pyphi_cache__',
  'FS_CACHE_VERBOSITY': 0,
  'LOG_FILE': 'pyphi.log',
  'LOG_FILE_LEVEL': 'INFO',
  'LOG_STDOUT_LEVEL': 'WARNING',
  'MAXIMUM_CACHE_MEMORY_PERCENTAGE': 50,
  'MEASURE': 'EMD',
  'MONGODB_CONFIG': { 'collection_name': 'cache',
                      'database_name': 'pyphi',
                      'host': 'localhost',
                      'port': 27017},
  'NUMBER_OF_CORES': -1,
  'PARALLEL_COMPLEX_EVALUATION': False,
  'PARALLEL_CONCEPT_EVALUATION': False,
  'PARALLEL_CUT_EVALUATION': True,
  'PARTITION_TYPE': 'BI',
  'PICK_SMALLEST_PURVIEW': False,
  'PRECISION': 6,
  'PRINT_FRACTIONS': True,
  'PROGRESS_BARS': True,
  'REDIS_CACHE': False,
  'REDIS_CONFIG': {'db': 0, 'host': 'localhost', 'port': 6379, 'test_db': 1},
  'REPR_VERBOSITY': 2,
  'SINGLE_MICRO_NODES_WITH_SELFLOOPS_HAVE_PHI': False,
  'SYSTEM_CUTS': '3.0_STYLE',
  'USE_SMALL_PHI_DIFFERENCE_FOR_CES_DISTANCE': False,
  'VALIDATE_CONDITIONAL_INDEPENDENCE': True,
  'VALIDATE_SUBSYSTEM_STATES': True,
  'WELCOME_OFF': True}
